# {"t_start": 1583883988.6884763, "env_id": "FetchPickAndPlace-v1"} 
r,l,t
-50.0,50,5.247857
-38.0,50,6.732929
-44.0,50,8.13424
-38.0,50,9.49227
-44.0,50,10.833819
-38.0,50,12.284482
-38.0,50,13.790821
-38.0,50,15.079075
-38.0,50,16.24973
-38.0,50,17.493594
-38.0,50,18.767823
-38.0,50,19.916659
-38.0,50,21.267356
-44.0,50,22.472599
-38.0,50,23.883948
-38.0,50,25.506789
-38.0,50,27.010978
-38.0,50,28.507511
-44.0,50,30.162604
-38.0,50,31.551987
-38.0,50,32.927557
-38.0,50,33.138948
-38.0,50,33.354438
-16.0,50,33.544091
-38.0,50,33.75914
10.0,50,34.04316
-38.0,50,34.26923
-38.0,50,34.454507
11.0,50,34.671479
15.0,50,34.945924
-38.0,50,35.202104
-44.0,50,36.469957
-38.0,50,37.95571
-38.0,50,39.186553
-44.0,50,40.384611
-38.0,50,41.547103
-38.0,50,42.736885
-38.0,50,43.883291
-38.0,50,45.073047
-38.0,50,46.310597
-38.0,50,47.634258
-38.0,50,48.741463
-38.0,50,49.841266
-38.0,50,50.987398
-38.0,50,52.171273
-38.0,50,53.342414
-38.0,50,54.537889
-38.0,50,55.737996
-38.0,50,56.910832
-38.0,50,58.154281
12.0,50,59.342062
-38.0,50,59.524244
-38.0,50,59.700531
7.0,50,59.870848
13.0,50,60.049972
14.0,50,60.217937
-38.0,50,60.419712
13.0,50,60.604145
-38.0,50,60.780099
-38.0,50,60.947294
-38.0,50,61.119725
-38.0,50,62.27405
-38.0,50,63.466874
-44.0,50,64.655999
-38.0,50,65.842078
-2.0,50,67.071871
-38.0,50,68.255808
-38.0,50,69.459176
-44.0,50,70.682109
-38.0,50,71.87718
-38.0,50,73.090184
-38.0,50,74.286083
-38.0,50,75.521944
-38.0,50,76.732147
-38.0,50,77.953237
-38.0,50,79.183524
-16.0,50,80.432777
-14.0,50,81.726565
-38.0,50,82.946834
-15.0,50,84.180023
-3.0,50,85.457072
15.0,50,85.649682
-38.0,50,85.818747
11.0,50,85.994293
17.0,50,86.167215
-9.0,50,86.343498
-38.0,50,86.521526
21.0,50,86.708781
-38.0,50,86.879731
-38.0,50,87.057961
-38.0,50,87.233025
-38.0,50,88.479752
-38.0,50,89.748847
-38.0,50,90.991699
-38.0,50,92.227278
-38.0,50,93.486565
-38.0,50,94.741199
-38.0,50,95.90606
-38.0,50,97.073215
-38.0,50,98.226253
-38.0,50,99.41378
-38.0,50,100.64952
0.0,50,101.90783
-38.0,50,103.177438
-38.0,50,104.447127
-38.0,50,105.717695
-38.0,50,106.982082
14.0,50,108.265619
-38.0,50,109.540073
-38.0,50,110.815695
20.0,50,112.110017
10.0,50,112.283537
-38.0,50,112.455591
-38.0,50,112.633545
-38.0,50,112.798865
-38.0,50,112.957623
-38.0,50,113.127137
6.0,50,113.301548
-38.0,50,113.473453
-38.0,50,113.647506
-17.0,50,113.818271
-38.0,50,115.099306
-38.0,50,116.369281
-38.0,50,117.685356
-38.0,50,118.960385
-38.0,50,120.259843
-38.0,50,121.545096
-16.0,50,122.85894
-38.0,50,124.145532
-38.0,50,125.397269
-38.0,50,126.676548
-38.0,50,127.943611
-38.0,50,129.215075
-38.0,50,130.57032
-38.0,50,131.902046
-38.0,50,133.238991
-38.0,50,134.689148
-38.0,50,136.060488
-38.0,50,137.410466
-38.0,50,138.749079
12.0,50,140.085982
21.0,50,140.270807
16.0,50,140.489568
9.0,50,140.722231
-38.0,50,140.935138
10.0,50,141.162738
-38.0,50,141.368852
-38.0,50,141.577274
-8.0,50,141.842143
-38.0,50,142.067289
-38.0,50,142.275431
-38.0,50,143.683843
-38.0,50,145.025798
-38.0,50,146.479415
-11.0,50,147.84651
-38.0,50,149.221167
-38.0,50,150.52813
-14.0,50,151.859292
-38.0,50,153.151003
-38.0,50,154.448604
-38.0,50,155.732137
-38.0,50,157.092666
-38.0,50,158.443432
-38.0,50,159.810536
-38.0,50,161.171271
-38.0,50,162.53683
-38.0,50,163.919158
-38.0,50,165.344594
-38.0,50,166.716641
-38.0,50,168.08303
2.0,50,169.479213
-14.0,50,169.644382
-7.0,50,169.806104
-2.0,50,169.980237
12.0,50,170.143627
9.0,50,170.31877
-38.0,50,170.491974
4.0,50,170.747927
-38.0,50,170.987116
13.0,50,171.20289
-38.0,50,171.375323
-38.0,50,172.796697
-38.0,50,174.202696
-38.0,50,175.65427
-38.0,50,177.090643
-38.0,50,178.541082
-44.0,50,180.013548
-38.0,50,181.540586
-38.0,50,183.0135
-44.0,50,184.480031
-38.0,50,185.903079
-44.0,50,187.323194
-38.0,50,188.735754
-38.0,50,190.172384
-38.0,50,191.59877
-38.0,50,193.031044
-38.0,50,194.486411
-38.0,50,195.942869
-38.0,50,197.369824
-38.0,50,198.816266
-38.0,50,200.267812
-38.0,50,200.446919
-3.0,50,200.628523
-38.0,50,200.804297
13.0,50,200.980567
-38.0,50,201.184886
-38.0,50,201.411344
8.0,50,201.611957
-15.0,50,201.773363
19.0,50,201.9535
-38.0,50,202.108227
-38.0,50,203.602741
-38.0,50,205.0691
-38.0,50,206.544332
-38.0,50,208.010996
-15.0,50,209.462038
8.0,50,210.909837
-38.0,50,212.366602
-38.0,50,213.87678
-38.0,50,215.333628
-38.0,50,216.801874
24.0,50,218.238144
-38.0,50,219.69743
-38.0,50,221.175078
-38.0,50,222.702247
-38.0,50,224.149545
-38.0,50,225.616616
-38.0,50,227.107827
-38.0,50,228.606809
-38.0,50,230.074752
-38.0,50,231.561492
-38.0,50,231.733989
-38.0,50,231.907261
-38.0,50,232.080353
-12.0,50,232.25471
-38.0,50,232.436712
21.0,50,232.618877
-38.0,50,232.791375
23.0,50,232.966106
-38.0,50,233.145694
-38.0,50,233.316765
-38.0,50,234.795765
-38.0,50,236.271214
-38.0,50,237.768974
-38.0,50,239.252598
-44.0,50,240.755514
-38.0,50,242.244512
-38.0,50,243.751953
-38.0,50,245.261843
-38.0,50,246.767631
-38.0,50,248.279778
-4.0,50,249.796084
-38.0,50,251.302021
-38.0,50,252.818547
-38.0,50,254.330276
-38.0,50,255.858786
-38.0,50,257.385832
-38.0,50,258.904713
-38.0,50,260.382827
-38.0,50,261.840965
13.0,50,263.325747
-38.0,50,263.477462
-38.0,50,263.635193
-38.0,50,263.805361
-38.0,50,263.977181
-38.0,50,264.154012
18.0,50,264.33335
14.0,50,264.513146
-38.0,50,264.685987
-13.0,50,264.853552
-38.0,50,265.030741
-38.0,50,266.562721
-38.0,50,268.100232
-38.0,50,269.650249
-38.0,50,271.190774
-38.0,50,272.763628
-38.0,50,274.329563
-38.0,50,275.880057
-38.0,50,277.432367
-38.0,50,279.040815
-38.0,50,280.580997
-38.0,50,282.151988
-38.0,50,283.716971
-38.0,50,285.273825
-38.0,50,286.830763
-38.0,50,288.41252
-38.0,50,289.987264
-38.0,50,291.569115
-38.0,50,293.150742
-38.0,50,294.713046
-38.0,50,296.284172
-38.0,50,296.461457
-38.0,50,296.641349
-38.0,50,296.804389
-38.0,50,296.980045
-38.0,50,297.142976
-38.0,50,297.320733
-38.0,50,297.482601
-38.0,50,297.667029
-38.0,50,297.837257
-38.0,50,298.007459
-38.0,50,299.582713
-38.0,50,301.195005
-38.0,50,302.789633
-38.0,50,304.379455
22.0,50,305.955178
-38.0,50,307.552035
-38.0,50,309.154303
-38.0,50,310.762218
-38.0,50,312.359697
-38.0,50,313.929336
-38.0,50,315.529083
-38.0,50,317.128515
-38.0,50,318.735508
-38.0,50,320.359384
19.0,50,321.977379
-44.0,50,323.595058
-38.0,50,325.224601
-38.0,50,326.848076
-38.0,50,328.43941
-12.0,50,330.042502
-38.0,50,330.215851
1.0,50,330.386023
-38.0,50,330.566626
3.0,50,330.748106
14.0,50,330.924756
26.0,50,331.090143
19.0,50,331.275161
3.0,50,331.452012
10.0,50,331.638376
-44.0,50,331.810174
-38.0,50,333.397337
-38.0,50,334.98796
-38.0,50,336.590357
-38.0,50,338.184318
-38.0,50,339.792134
-38.0,50,341.433263
-38.0,50,343.079975
-44.0,50,344.733729
12.0,50,346.401859
-38.0,50,348.082371
-38.0,50,349.75454
-38.0,50,351.411538
-38.0,50,353.076205
-38.0,50,354.74883
-44.0,50,356.426699
-38.0,50,358.093585
-38.0,50,359.783632
-38.0,50,361.448482
-38.0,50,363.12948
-38.0,50,364.828546
-38.0,50,364.985791
-38.0,50,365.154139
10.0,50,365.323204
-38.0,50,365.482081
-38.0,50,365.654109
-38.0,50,365.829067
-38.0,50,365.999019
-38.0,50,366.168875
-38.0,50,366.339085
-38.0,50,366.505401
-38.0,50,368.20756
-38.0,50,369.886256
-38.0,50,371.584183
16.0,50,373.283342
-38.0,50,374.974511
-38.0,50,376.663994
-9.0,50,378.37521
-38.0,50,380.093945
-38.0,50,381.81401
-38.0,50,383.561054
-44.0,50,385.293748
24.0,50,387.050641
-38.0,50,388.775863
-38.0,50,390.499664
-38.0,50,392.245227
-38.0,50,393.964257
-38.0,50,395.682667
-44.0,50,397.426698
-38.0,50,399.212031
-38.0,50,400.957569
-38.0,50,401.129341
-38.0,50,401.303515
-15.0,50,401.474524
-38.0,50,401.659161
22.0,50,401.848148
-38.0,50,402.020397
16.0,50,402.202474
-38.0,50,402.37881
-38.0,50,402.556604
-38.0,50,402.723702
-38.0,50,404.498856
-38.0,50,406.240734
-38.0,50,408.004434
-38.0,50,409.765849
-38.0,50,411.525083
-38.0,50,413.317735
-38.0,50,415.066943
-38.0,50,416.989313
-38.0,50,419.121346
-38.0,50,421.033622
-38.0,50,423.035283
-38.0,50,424.864101
-50.0,50,426.710938
-38.0,50,428.868868
-38.0,50,430.927724
-38.0,50,432.737143
-38.0,50,434.584773
-38.0,50,436.371249
-38.0,50,438.174555
13.0,50,440.009845
14.0,50,440.195675
-38.0,50,440.376398
-38.0,50,440.591649
-38.0,50,440.767758
-38.0,50,440.949194
9.0,50,441.121701
-38.0,50,441.295084
19.0,50,441.462344
-38.0,50,441.642796
-38.0,50,441.810539
-38.0,50,443.619353
-44.0,50,445.416124
-38.0,50,447.286585
-38.0,50,449.324469
-38.0,50,451.325981
-38.0,50,453.156176
-16.0,50,455.032937
-44.0,50,457.135083
-38.0,50,459.773778
-38.0,50,462.288709
-38.0,50,464.864468
-38.0,50,467.312604
-38.0,50,469.767232
-44.0,50,472.250431
-38.0,50,474.701007
-38.0,50,477.191741
-38.0,50,479.665798
-38.0,50,482.174269
-38.0,50,484.677379
-38.0,50,487.140441
-38.0,50,487.384899
-38.0,50,487.625694
-38.0,50,487.853938
-38.0,50,488.103366
-38.0,50,488.32442
19.0,50,488.577906
-38.0,50,488.788377
-38.0,50,489.006108
-38.0,50,489.237495
-38.0,50,489.464968
-44.0,50,491.93864
-4.0,50,494.466471
-38.0,50,496.97712
-38.0,50,499.520042
-38.0,50,502.056222
-38.0,50,504.570238
-38.0,50,507.08134
-38.0,50,509.577898
-38.0,50,512.126807
-38.0,50,514.660478
-38.0,50,517.192172
-38.0,50,519.863428
-38.0,50,522.497859
23.0,50,525.057961
-15.0,50,527.576021
-44.0,50,530.096917
-38.0,50,532.613946
-38.0,50,535.131584
-38.0,50,537.654536
1.0,50,540.201092
17.0,50,540.438557
-38.0,50,540.652504
14.0,50,540.888248
7.0,50,541.122491
6.0,50,541.340022
-38.0,50,541.585892
1.0,50,541.799136
16.0,50,542.03587
2.0,50,542.30066
15.0,50,542.527591
-38.0,50,545.059773
-38.0,50,547.586579
-38.0,50,550.146014
-38.0,50,552.688749
-38.0,50,555.198234
-38.0,50,557.749499
-38.0,50,560.323471
-38.0,50,562.887528
23.0,50,565.452766
-44.0,50,568.022821
-38.0,50,570.561544
-44.0,50,573.14637
-38.0,50,575.753949
-38.0,50,578.336514
-38.0,50,580.965541
-38.0,50,583.611378
-17.0,50,586.224195
-38.0,50,588.802297
-38.0,50,591.548035
-38.0,50,594.208583
-38.0,50,594.454414
-14.0,50,594.706972
17.0,50,594.96909
16.0,50,595.225646
-38.0,50,595.469296
-38.0,50,595.703773
-38.0,50,595.94455
20.0,50,596.20854
-38.0,50,596.456496
-38.0,50,596.70479
0.0,50,599.507565
-10.0,50,602.244875
-38.0,50,604.758253
18.0,50,606.791836
-38.0,50,608.7703
-38.0,50,610.72805
-38.0,50,612.703583
11.0,50,614.682304
-38.0,50,616.636061
-38.0,50,618.601251
-38.0,50,620.576309
-38.0,50,622.591084
-38.0,50,624.605279
-38.0,50,626.60389
-38.0,50,628.605845
-38.0,50,630.619406
-38.0,50,632.639101
-38.0,50,634.635186
-38.0,50,636.635116
-38.0,50,638.646053
-17.0,50,638.832326
-10.0,50,639.023099
-2.0,50,639.211973
-38.0,50,639.379106
-38.0,50,639.576035
-38.0,50,639.75637
15.0,50,639.940997
-14.0,50,640.127959
-17.0,50,640.312237
10.0,50,640.496228
-38.0,50,642.517711
-38.0,50,644.530832
-11.0,50,646.551592
-38.0,50,648.55135
-38.0,50,650.618371
-38.0,50,652.682159
-38.0,50,654.728699
23.0,50,656.767183
-38.0,50,658.796244
-38.0,50,660.839675
-38.0,50,662.888003
-38.0,50,664.929208
-14.0,50,666.972509
-3.0,50,669.020875
-38.0,50,671.032121
-13.0,50,673.402479
-15.0,50,676.255894
-38.0,50,679.053177
19.0,50,681.821213
-38.0,50,684.590147
-14.0,50,684.858129
16.0,50,685.099812
-13.0,50,685.342218
-10.0,50,685.56938
16.0,50,685.83666
-38.0,50,686.162742
-38.0,50,686.444701
-38.0,50,686.681367
-15.0,50,686.936277
-15.0,50,687.181634
-6.0,50,689.841961
-44.0,50,691.980899
-38.0,50,694.311379
-38.0,50,697.122001
-38.0,50,700.112448
-38.0,50,702.711803
-38.0,50,705.295747
-38.0,50,707.83343
-38.0,50,710.128089
-17.0,50,712.905245
-38.0,50,715.561888
-16.0,50,718.32282
-38.0,50,721.048534
-38.0,50,724.092016
-17.0,50,727.434669
-38.0,50,730.670423
-38.0,50,733.800691
-38.0,50,737.099705
-38.0,50,740.200333
27.0,50,743.585175
23.0,50,743.880083
26.0,50,744.157617
-38.0,50,744.494706
25.0,50,744.763319
18.0,50,745.059704
16.0,50,745.348184
18.0,50,745.639441
-15.0,50,745.941187
11.0,50,746.229993
-38.0,50,746.514409
-38.0,50,749.460088
13.0,50,752.400938
-38.0,50,755.33315
-38.0,50,758.312229
-15.0,50,761.325402
-38.0,50,764.289313
-50.0,50,767.355802
9.0,50,770.345375
-38.0,50,773.313526
-38.0,50,776.289183
11.0,50,779.218774
-38.0,50,782.182147
-17.0,50,785.176651
-38.0,50,788.130127
-38.0,50,790.958012
-44.0,50,793.906409
-38.0,50,796.945334
25.0,50,799.907686
-13.0,50,802.785074
-38.0,50,805.677107
-38.0,50,805.923422
-38.0,50,806.164567
-38.0,50,806.439983
17.0,50,806.712958
12.0,50,806.980768
-38.0,50,807.225381
-38.0,50,807.467099
-38.0,50,807.740623
-15.0,50,808.007575
-38.0,50,808.251798
-38.0,50,811.239578
8.0,50,814.101848
13.0,50,816.959105
-38.0,50,819.914407
-15.0,50,823.020353
-38.0,50,826.077585
-38.0,50,828.920938
-38.0,50,831.964099
-38.0,50,835.045391
-38.0,50,838.014533
-38.0,50,840.920883
-38.0,50,843.95059
-38.0,50,847.021451
16.0,50,850.067122
-38.0,50,852.935699
12.0,50,855.904615
-38.0,50,858.971096
-38.0,50,861.9217
20.0,50,864.817234
-38.0,50,867.716046
19.0,50,867.997289
19.0,50,868.256826
11.0,50,868.524658
-38.0,50,868.760817
14.0,50,869.003314
-38.0,50,869.248697
-38.0,50,869.500307
-13.0,50,869.783315
17.0,50,870.049366
-38.0,50,870.301399
-38.0,50,873.211874
27.0,50,876.116332
-38.0,50,879.095856
-38.0,50,882.104567
-38.0,50,885.009994
-38.0,50,888.044019
-6.0,50,891.117402
19.0,50,894.320262
-38.0,50,897.46997
-38.0,50,900.425249
-38.0,50,903.368921
-38.0,50,906.426694
-38.0,50,909.504775
-38.0,50,912.468746
-38.0,50,915.357663
-38.0,50,918.41619
-38.0,50,921.617943
26.0,50,924.653445
-38.0,50,927.632378
24.0,50,930.660014
15.0,50,930.903316
-4.0,50,931.162489
14.0,50,931.410952
-38.0,50,931.70432
-38.0,50,931.974432
-14.0,50,932.226815
-44.0,50,932.477589
-38.0,50,932.714153
-38.0,50,932.960638
-38.0,50,933.195118
-38.0,50,936.335232
-44.0,50,939.334442
-50.0,50,942.315967
-38.0,50,945.547704
-9.0,50,948.598485
-38.0,50,951.599354
-44.0,50,954.626184
-44.0,50,957.838461
-38.0,50,960.961562
17.0,50,963.938155
-38.0,50,966.970605
-38.0,50,970.230712
-38.0,50,973.378854
-38.0,50,976.381452
-38.0,50,979.368229
-16.0,50,982.62269
-38.0,50,985.691921
-13.0,50,988.780784
-4.0,50,991.797787
21.0,50,994.949204
-14.0,50,995.24137
-44.0,50,995.514441
-38.0,50,995.827505
-38.0,50,996.065945
21.0,50,996.331784
19.0,50,996.583841
24.0,50,996.822729
-38.0,50,997.078336
-38.0,50,997.333188
-38.0,50,997.58107
-38.0,50,1000.663626
-38.0,50,1003.807637
-38.0,50,1006.975488
-38.0,50,1010.20146
-38.0,50,1013.38287
-38.0,50,1016.393291
-38.0,50,1019.599719
14.0,50,1022.914129
-44.0,50,1025.964456
-38.0,50,1028.945544
7.0,50,1032.233022
-8.0,50,1035.402178
-38.0,50,1038.443028
-38.0,50,1041.522354
-38.0,50,1044.772815
-38.0,50,1048.042285
-44.0,50,1051.242747
-10.0,50,1054.339962
20.0,50,1057.672016
19.0,50,1060.966366
24.0,50,1061.194199
-7.0,50,1061.451047
-38.0,50,1061.687553
-38.0,50,1061.933745
27.0,50,1062.19465
-44.0,50,1062.435101
22.0,50,1062.711008
21.0,50,1062.978506
-38.0,50,1063.22818
-38.0,50,1063.464933
14.0,50,1066.518043
-38.0,50,1069.883323
13.0,50,1072.995668
-44.0,50,1076.033656
-38.0,50,1079.178168
-38.0,50,1082.5065
-38.0,50,1085.722959
-38.0,50,1088.840758
-38.0,50,1091.953182
16.0,50,1095.301577
-7.0,50,1098.613408
-38.0,50,1101.766258
-17.0,50,1104.917772
9.0,50,1108.298295
-38.0,50,1111.612131
-38.0,50,1114.749525
-38.0,50,1117.934289
-38.0,50,1121.301267
-38.0,50,1124.614829
5.0,50,1127.783241
22.0,50,1128.0461
5.0,50,1128.281403
-38.0,50,1128.510018
16.0,50,1128.790801
15.0,50,1129.018708
-16.0,50,1129.261361
20.0,50,1129.506502
-38.0,50,1129.739552
-38.0,50,1130.012567
2.0,50,1130.25322
-38.0,50,1133.774808
-38.0,50,1136.986636
-38.0,50,1140.210449
-38.0,50,1143.568906
-38.0,50,1147.037096
-17.0,50,1150.331443
-38.0,50,1153.502594
-11.0,50,1156.838427
-38.0,50,1160.2668
-38.0,50,1163.468199
-38.0,50,1166.667494
-50.0,50,1170.016594
-1.0,50,1173.467159
-5.0,50,1176.612978
-50.0,50,1179.837059
-12.0,50,1183.279726
-10.0,50,1186.698719
-50.0,50,1189.9987
-38.0,50,1193.289784
-38.0,50,1196.720747
-38.0,50,1196.985981
-38.0,50,1197.253579
13.0,50,1197.51036
-38.0,50,1197.788349
16.0,50,1198.066937
16.0,50,1198.341473
12.0,50,1198.625305
-38.0,50,1198.890041
14.0,50,1199.155732
-38.0,50,1199.411611
-38.0,50,1202.656652
-38.0,50,1205.971847
-2.0,50,1209.395068
17.0,50,1212.635344
-6.0,50,1215.878836
-38.0,50,1219.277345
-38.0,50,1222.75636
1.0,50,1226.010787
-38.0,50,1229.274778
-38.0,50,1232.793285
-44.0,50,1236.316497
-38.0,50,1239.600066
11.0,50,1242.92701
-38.0,50,1246.427105
-38.0,50,1249.80906
-38.0,50,1253.007655
-38.0,50,1256.414155
-38.0,50,1259.9921
-38.0,50,1263.315247
22.0,50,1266.711984
25.0,50,1266.964164
18.0,50,1267.22914
19.0,50,1267.482302
-38.0,50,1267.733509
21.0,50,1268.027213
-38.0,50,1268.306541
19.0,50,1268.554707
-10.0,50,1268.813733
27.0,50,1269.067289
-2.0,50,1269.303223
-10.0,50,1272.890177
25.0,50,1276.200478
-38.0,50,1279.503663
-38.0,50,1283.102584
21.0,50,1286.391914
-38.0,50,1289.679296
-14.0,50,1293.111124
-38.0,50,1296.68172
-38.0,50,1300.070171
11.0,50,1303.435405
-38.0,50,1306.918711
22.0,50,1310.381479
-38.0,50,1313.74825
-38.0,50,1317.163495
-38.0,50,1320.823575
-15.0,50,1324.336826
-38.0,50,1327.606745
-38.0,50,1331.071588
16.0,50,1334.723747
22.0,50,1338.168113
3.0,50,1338.419986
17.0,50,1338.664144
18.0,50,1338.907654
24.0,50,1339.175778
-11.0,50,1339.440321
19.0,50,1339.692127
19.0,50,1339.969261
19.0,50,1340.232208
22.0,50,1340.519536
-13.0,50,1340.786199
-38.0,50,1344.463361
17.0,50,1348.07794
25.0,50,1351.493366
6.0,50,1354.85359
-38.0,50,1358.423464
9.0,50,1361.91631
-38.0,50,1365.3118
-11.0,50,1368.798609
-38.0,50,1372.439671
7.0,50,1375.875203
-38.0,50,1379.318215
-38.0,50,1383.000799
-38.0,50,1386.623345
-38.0,50,1390.07637
-38.0,50,1393.817351
20.0,50,1397.941554
-38.0,50,1402.031325
25.0,50,1405.720143
15.0,50,1409.11373
-38.0,50,1412.881807
19.0,50,1413.134832
27.0,50,1413.375954
20.0,50,1413.6393
-12.0,50,1413.89946
-2.0,50,1414.151201
16.0,50,1414.413712
20.0,50,1414.667848
20.0,50,1414.926667
-38.0,50,1415.176359
-38.0,50,1415.409142
-2.0,50,1418.93982
22.0,50,1422.636953
8.0,50,1426.646171
-38.0,50,1430.345745
-38.0,50,1433.969004
-38.0,50,1437.404308
-44.0,50,1440.818476
-16.0,50,1444.397558
-38.0,50,1447.824112
0.0,50,1451.311133
26.0,50,1454.714357
-38.0,50,1458.414534
-38.0,50,1461.942438
-38.0,50,1465.368812
-14.0,50,1468.92912
-38.0,50,1472.414538
9.0,50,1475.852959
18.0,50,1479.291387
-38.0,50,1483.027752
-5.0,50,1486.556537
-5.0,50,1486.812278
21.0,50,1487.074374
25.0,50,1487.349899
-38.0,50,1487.600638
20.0,50,1487.844591
19.0,50,1488.119177
18.0,50,1488.376078
17.0,50,1488.620504
21.0,50,1488.880758
-7.0,50,1489.136448
-5.0,50,1492.658752
-38.0,50,1496.437665
16.0,50,1499.975595
-15.0,50,1503.388961
-38.0,50,1507.042821
23.0,50,1510.606711
-12.0,50,1514.139762
-16.0,50,1517.588388
-38.0,50,1521.328198
-38.0,50,1524.866752
-5.0,50,1528.366258
-38.0,50,1531.959823
-15.0,50,1535.683402
-38.0,50,1539.221301
-38.0,50,1542.7299
-38.0,50,1546.454098
-38.0,50,1550.164505
-38.0,50,1553.676352
-15.0,50,1557.279856
-38.0,50,1561.070769
23.0,50,1561.337737
23.0,50,1561.6003
21.0,50,1561.867237
-17.0,50,1562.120281
19.0,50,1562.388283
-16.0,50,1562.670118
23.0,50,1562.924333
3.0,50,1563.16929
22.0,50,1563.400601
-16.0,50,1563.627695
12.0,50,1567.154274
2.0,50,1570.883122
-38.0,50,1574.454358
21.0,50,1577.932991
-38.0,50,1581.47454
-44.0,50,1585.276312
-38.0,50,1588.978715
-38.0,50,1592.604127
-38.0,50,1596.473367
25.0,50,1600.489914
17.0,50,1604.270483
-38.0,50,1608.544628
-38.0,50,1612.328958
14.0,50,1615.86496
16.0,50,1619.3831
-38.0,50,1623.107011
-38.0,50,1626.674528
-17.0,50,1630.209515
14.0,50,1633.95027
20.0,50,1637.541946
21.0,50,1637.792646
-10.0,50,1638.042625
-38.0,50,1638.284537
22.0,50,1638.544892
23.0,50,1638.78282
26.0,50,1639.032628
18.0,50,1639.272279
-15.0,50,1639.549031
19.0,50,1639.830663
8.0,50,1640.076528
-38.0,50,1643.702723
-38.0,50,1647.463911
14.0,50,1651.054048
14.0,50,1654.66021
-38.0,50,1658.315284
10.0,50,1662.082706
-44.0,50,1665.679217
-38.0,50,1669.232676
6.0,50,1673.144789
-38.0,50,1676.757361
-44.0,50,1680.41806
-38.0,50,1684.103359
-38.0,50,1687.885742
-38.0,50,1691.493022
2.0,50,1695.160433
-38.0,50,1698.941296
-16.0,50,1702.550668
1.0,50,1706.180372
-38.0,50,1710.004757
21.0,50,1713.674547
17.0,50,1713.926715
-38.0,50,1714.174215
23.0,50,1714.428487
21.0,50,1714.680379
14.0,50,1714.93114
26.0,50,1715.174995
20.0,50,1715.421308
18.0,50,1715.665132
26.0,50,1715.920664
-38.0,50,1716.160396
-5.0,50,1719.818609
-38.0,50,1723.572333
12.0,50,1727.233563
-38.0,50,1730.866522
-11.0,50,1734.633194
21.0,50,1738.31485
-38.0,50,1742.01596
-38.0,50,1745.669654
-38.0,50,1749.528017
-38.0,50,1753.203552
7.0,50,1756.941349
-17.0,50,1760.82336
23.0,50,1764.556342
-38.0,50,1768.199769
24.0,50,1772.052086
-38.0,50,1775.728222
-8.0,50,1779.424845
-38.0,50,1783.259315
-1.0,50,1787.419066
18.0,50,1791.185211
-38.0,50,1791.425044
-38.0,50,1791.684545
12.0,50,1791.917713
-38.0,50,1792.191384
14.0,50,1792.443615
-2.0,50,1792.695421
19.0,50,1792.948641
-38.0,50,1793.212596
20.0,50,1793.481972
-38.0,50,1793.696454
-38.0,50,1797.716909
16.0,50,1801.476331
-38.0,50,1805.281504
-38.0,50,1809.106983
-7.0,50,1813.017107
-14.0,50,1816.763767
-38.0,50,1820.514421
9.0,50,1824.545053
-38.0,50,1828.233647
22.0,50,1831.982145
-38.0,50,1836.044842
-38.0,50,1839.948562
-2.0,50,1843.738799
12.0,50,1847.751817
16.0,50,1851.748137
16.0,50,1855.539781
19.0,50,1859.399734
7.0,50,1863.50247
-38.0,50,1867.331675
22.0,50,1871.222799
-38.0,50,1871.483511
19.0,50,1871.737111
-11.0,50,1872.005445
-44.0,50,1872.262742
-38.0,50,1872.544625
-9.0,50,1872.803141
-38.0,50,1873.058388
23.0,50,1873.317835
-38.0,50,1873.567505
-38.0,50,1873.888717
-16.0,50,1877.845709
-17.0,50,1881.654455
-38.0,50,1885.673295
-12.0,50,1889.759913
-3.0,50,1893.654115
-38.0,50,1897.547617
18.0,50,1901.61191
-38.0,50,1905.505821
8.0,50,1909.491043
-38.0,50,1913.694287
-38.0,50,1917.634106
-14.0,50,1921.539
-38.0,50,1925.536768
-38.0,50,1929.35184
-38.0,50,1933.155231
-38.0,50,1937.300627
-38.0,50,1941.255221
1.0,50,1945.415868
17.0,50,1949.608277
20.0,50,1953.494792
22.0,50,1953.739689
14.0,50,1953.992717
7.0,50,1954.273121
21.0,50,1954.510204
18.0,50,1954.759964
-6.0,50,1955.011204
11.0,50,1955.26562
19.0,50,1955.509445
21.0,50,1955.751059
-38.0,50,1955.981531
-38.0,50,1960.059747
-38.0,50,1963.998378
-38.0,50,1967.923724
-38.0,50,1971.980962
-38.0,50,1975.889025
-38.0,50,1979.812386
-38.0,50,1983.844702
19.0,50,1987.880865
-38.0,50,1991.782387
-38.0,50,1995.722503
-38.0,50,1999.826822
10.0,50,2003.719445
17.0,50,2007.636887
-38.0,50,2011.78815
21.0,50,2015.746349
10.0,50,2019.700877
-38.0,50,2023.911876
21.0,50,2027.825668
14.0,50,2031.763246
-38.0,50,2036.022145
19.0,50,2036.27637
21.0,50,2036.512605
25.0,50,2036.768826
-38.0,50,2037.025468
-7.0,50,2037.270508
19.0,50,2037.505721
-38.0,50,2037.751666
25.0,50,2038.013937
23.0,50,2038.265786
6.0,50,2038.505927
23.0,50,2042.437843
1.0,50,2046.379231
-38.0,50,2050.466808
-38.0,50,2054.422976
-17.0,50,2058.429025
9.0,50,2062.548581
-38.0,50,2066.476388
16.0,50,2070.360145
2.0,50,2074.538744
-2.0,50,2078.484486
-38.0,50,2082.469873
-38.0,50,2086.666429
22.0,50,2090.621636
18.0,50,2094.61249
-38.0,50,2098.849912
-38.0,50,2102.945646
24.0,50,2106.887256
-44.0,50,2111.123329
-38.0,50,2115.293215
20.0,50,2119.26638
26.0,50,2119.505246
19.0,50,2119.769354
-44.0,50,2120.00155
-38.0,50,2120.238376
25.0,50,2120.493602
12.0,50,2120.746311
26.0,50,2121.002292
23.0,50,2121.24396
25.0,50,2121.510533
-38.0,50,2121.77178
-3.0,50,2126.059815
-15.0,50,2130.026816
-38.0,50,2134.104353
-38.0,50,2138.332586
-8.0,50,2142.472809
-44.0,50,2146.54036
16.0,50,2150.820977
-38.0,50,2154.890925
-38.0,50,2158.935326
-38.0,50,2163.369317
-38.0,50,2167.405071
-38.0,50,2171.47996
-38.0,50,2175.865309
17.0,50,2179.934814
-38.0,50,2183.98505
25.0,50,2188.311542
-11.0,50,2192.486893
14.0,50,2196.676964
-38.0,50,2201.102363
22.0,50,2205.246711
-38.0,50,2205.503038
-4.0,50,2205.753677
16.0,50,2206.023729
0.0,50,2206.265899
-38.0,50,2206.509784
24.0,50,2206.779348
-2.0,50,2207.040965
16.0,50,2207.306885
15.0,50,2207.558801
-1.0,50,2207.776187
19.0,50,2212.104111
16.0,50,2216.400892
-15.0,50,2220.488891
-38.0,50,2224.81192
-13.0,50,2229.07649
-38.0,50,2233.225852
18.0,50,2237.656277
-38.0,50,2241.92505
-38.0,50,2246.040978
-38.0,50,2250.463495
-8.0,50,2254.547956
-38.0,50,2258.597621
-38.0,50,2262.781991
13.0,50,2267.162283
-16.0,50,2271.33646
-38.0,50,2275.779321
-38.0,50,2279.961115
22.0,50,2284.097608
-38.0,50,2288.528482
2.0,50,2292.659009
-38.0,50,2292.91672
-38.0,50,2293.161474
-38.0,50,2293.406694
16.0,50,2293.66225
-38.0,50,2293.906935
-38.0,50,2294.154451
11.0,50,2294.411913
23.0,50,2294.679686
-13.0,50,2294.940939
-17.0,50,2295.185421
20.0,50,2299.673341
-38.0,50,2303.930396
25.0,50,2308.230337
-13.0,50,2312.845398
-7.0,50,2316.979371
-38.0,50,2321.123102
-38.0,50,2325.609471
-38.0,50,2329.834419
-7.0,50,2334.10183
-38.0,50,2338.512849
24.0,50,2342.662991
-38.0,50,2346.966767
20.0,50,2351.525127
-38.0,50,2355.707019
-38.0,50,2359.913495
-38.0,50,2364.319486
12.0,50,2368.676824
-38.0,50,2372.942133
25.0,50,2377.370578
23.0,50,2381.521049
16.0,50,2381.766146
-14.0,50,2382.007231
13.0,50,2382.267231
16.0,50,2382.521461
22.0,50,2382.774778
12.0,50,2383.018415
21.0,50,2383.262547
11.0,50,2383.545544
24.0,50,2383.8193
-38.0,50,2384.082655
-38.0,50,2388.600902
-38.0,50,2392.894068
-38.0,50,2397.174815
22.0,50,2401.599716
-38.0,50,2405.955462
-38.0,50,2410.244299
-38.0,50,2414.749014
13.0,50,2419.009574
18.0,50,2423.400835
-38.0,50,2427.862013
-38.0,50,2432.246069
-12.0,50,2436.754105
10.0,50,2441.245396
-38.0,50,2445.458443
-38.0,50,2449.926016
-9.0,50,2454.434756
-38.0,50,2458.708045
-9.0,50,2463.342871
-14.0,50,2467.639463
-38.0,50,2472.027879
19.0,50,2472.309577
16.0,50,2472.577974
-12.0,50,2472.830418
-38.0,50,2473.097939
-38.0,50,2473.348761
24.0,50,2473.610362
28.0,50,2473.884686
-38.0,50,2474.138966
-38.0,50,2474.406903
-38.0,50,2474.666249
27.0,50,2479.066111
-38.0,50,2483.346893
16.0,50,2487.928434
7.0,50,2492.191908
-38.0,50,2496.57305
16.0,50,2501.217867
-38.0,50,2505.653385
10.0,50,2511.879343
-38.0,50,2516.525969
-9.0,50,2520.870024
-16.0,50,2525.607897
11.0,50,2529.970227
-17.0,50,2533.796131
-12.0,50,2537.313941
-11.0,50,2541.43605
25.0,50,2544.840953
0.0,50,2548.146266
22.0,50,2551.430984
-38.0,50,2554.709503
-38.0,50,2558.055125
26.0,50,2558.24001
-38.0,50,2558.435727
11.0,50,2558.618339
-17.0,50,2558.803126
26.0,50,2558.980563
-17.0,50,2559.154691
21.0,50,2559.336394
21.0,50,2559.518835
1.0,50,2559.716258
-38.0,50,2559.891547
-38.0,50,2563.190412
-38.0,50,2566.455031
-44.0,50,2569.758754
-38.0,50,2573.132704
-38.0,50,2576.507854
-38.0,50,2579.803579
-38.0,50,2583.158985
-16.0,50,2586.453897
12.0,50,2589.767052
-6.0,50,2593.081617
24.0,50,2596.420827
-38.0,50,2599.748164
-38.0,50,2603.094575
2.0,50,2606.461335
-9.0,50,2609.856107
17.0,50,2613.227584
-8.0,50,2616.566784
22.0,50,2619.919039
-38.0,50,2623.272082
13.0,50,2626.619085
19.0,50,2626.797525
17.0,50,2626.972203
22.0,50,2627.158447
-38.0,50,2627.334677
20.0,50,2627.515653
19.0,50,2627.697821
16.0,50,2627.882402
-38.0,50,2628.050119
-38.0,50,2628.215544
-38.0,50,2628.38825
23.0,50,2631.768916
23.0,50,2635.156363
17.0,50,2638.535967
-38.0,50,2641.879286
25.0,50,2645.235713
12.0,50,2648.588575
6.0,50,2651.972159
-38.0,50,2655.36399
-38.0,50,2658.742966
-38.0,50,2662.126148
-4.0,50,2665.496412
-38.0,50,2668.853274
-38.0,50,2672.238977
-38.0,50,2675.670974
2.0,50,2679.049353
19.0,50,2682.435702
21.0,50,2685.844771
-15.0,50,2689.177582
-38.0,50,2692.522495
14.0,50,2695.900297
-38.0,50,2696.077975
19.0,50,2696.275963
17.0,50,2696.46284
19.0,50,2696.641515
18.0,50,2696.817249
-38.0,50,2696.997892
20.0,50,2697.168897
-38.0,50,2697.361878
26.0,50,2697.535244
12.0,50,2697.709013
21.0,50,2701.094386
-38.0,50,2704.456883
0.0,50,2707.83818
17.0,50,2711.206606
-16.0,50,2714.587075
3.0,50,2717.978004
-5.0,50,2721.394105
8.0,50,2724.83531
-38.0,50,2728.208367
13.0,50,2731.605666
8.0,50,2735.099349
10.0,50,2738.500566
-38.0,50,2742.018565
-38.0,50,2745.549387
19.0,50,2748.999329
-10.0,50,2752.418661
21.0,50,2755.868748
21.0,50,2759.290813
-38.0,50,2762.745938
18.0,50,2766.153483
26.0,50,2766.32962
17.0,50,2766.502428
9.0,50,2766.673909
22.0,50,2766.856178
25.0,50,2767.027204
23.0,50,2767.199237
-12.0,50,2767.379547
-38.0,50,2767.55043
-38.0,50,2767.734333
14.0,50,2767.900496
-38.0,50,2771.35228
11.0,50,2774.814609
5.0,50,2778.279639
11.0,50,2781.745599
-38.0,50,2785.175968
-38.0,50,2788.629782
-38.0,50,2792.068609
17.0,50,2795.484496
-38.0,50,2798.954995
-38.0,50,2802.447323
-38.0,50,2805.921381
17.0,50,2809.375195
-38.0,50,2812.873288
17.0,50,2816.33883
24.0,50,2819.82629
-14.0,50,2823.291699
-38.0,50,2826.772641
-38.0,50,2830.210101
-38.0,50,2833.68894
-38.0,50,2837.160219
24.0,50,2837.357871
12.0,50,2837.532071
23.0,50,2837.702543
-15.0,50,2837.886937
-38.0,50,2838.071566
14.0,50,2838.252119
20.0,50,2838.43376
20.0,50,2838.611711
21.0,50,2838.805735
-38.0,50,2838.99887
-38.0,50,2842.485066
-38.0,50,2845.942376
-38.0,50,2849.414114
5.0,50,2852.887913
-38.0,50,2856.35165
-38.0,50,2859.83604
21.0,50,2863.357072
20.0,50,2866.865076
22.0,50,2870.372528
17.0,50,2873.849757
-38.0,50,2877.354599
-38.0,50,2880.909622
21.0,50,2884.419837
-38.0,50,2887.924275
25.0,50,2891.448301
-14.0,50,2894.96123
-44.0,50,2898.490235
-38.0,50,2901.969991
-38.0,50,2905.448576
27.0,50,2909.008963
-15.0,50,2909.201897
9.0,50,2909.377655
12.0,50,2909.542449
1.0,50,2909.72587
-17.0,50,2909.895578
21.0,50,2910.075038
-6.0,50,2910.258865
-15.0,50,2910.442251
25.0,50,2910.624362
-44.0,50,2910.797225
-2.0,50,2914.331418
-8.0,50,2917.882773
20.0,50,2921.432361
-38.0,50,2924.960581
28.0,50,2928.490769
-38.0,50,2932.058889
16.0,50,2935.606831
-38.0,50,2939.133682
-38.0,50,2942.662577
-38.0,50,2946.219831
-38.0,50,2949.770008
25.0,50,2953.310813
-38.0,50,2956.882023
-9.0,50,2960.530829
-38.0,50,2964.113575
20.0,50,2967.729862
24.0,50,2971.30687
18.0,50,2974.893035
-4.0,50,2978.481648
28.0,50,2982.13965
24.0,50,2982.318645
22.0,50,2982.508855
-38.0,50,2982.68611
24.0,50,2982.869919
19.0,50,2983.054636
-14.0,50,2983.243989
12.0,50,2983.429456
15.0,50,2983.630527
-38.0,50,2983.804349
