# {"t_start": 1586025678.7635267, "env_id": "FetchPickAndPlace-v1"} 
r,l,t
-50.0,50,2.46711
-44.0,50,3.639965
-38.0,50,4.720296
-38.0,50,5.77861
-38.0,50,6.828554
-44.0,50,7.902355
-44.0,50,8.986781
-44.0,50,10.063937
-44.0,50,11.150421
-38.0,50,12.241735
-38.0,50,13.33727
-38.0,50,14.434857
-44.0,50,15.532483
-38.0,50,16.626445
-38.0,50,17.724924
-44.0,50,18.832461
-38.0,50,19.946044
-44.0,50,21.064273
-44.0,50,22.184366
-38.0,50,23.310966
-44.0,50,24.424719
-38.0,50,24.59987
-44.0,50,24.780093
-44.0,50,24.958254
-38.0,50,25.134488
-38.0,50,25.308864
-38.0,50,25.481533
-38.0,50,25.652815
-38.0,50,25.82938
-38.0,50,26.001922
11.0,50,26.222254
-38.0,50,27.355083
-38.0,50,28.485707
-44.0,50,29.626678
-38.0,50,30.770713
-38.0,50,31.906041
-44.0,50,33.061339
-38.0,50,34.217512
-38.0,50,35.374199
-38.0,50,36.529666
-38.0,50,37.669905
-44.0,50,38.821943
-38.0,50,39.985677
-44.0,50,41.138906
7.0,50,42.318521
-38.0,50,43.484075
-38.0,50,44.651244
-38.0,50,45.824928
-44.0,50,46.988837
-44.0,50,48.165255
18.0,50,49.349498
-44.0,50,49.545864
-38.0,50,49.728303
-44.0,50,49.905611
-38.0,50,50.089532
-38.0,50,50.259301
-44.0,50,50.432022
-44.0,50,50.610821
-38.0,50,50.783225
21.0,50,50.968489
-44.0,50,51.141918
-38.0,50,52.335608
-44.0,50,53.520033
-16.0,50,54.712597
-44.0,50,55.90301
5.0,50,57.101258
-38.0,50,58.32471
-44.0,50,59.52265
-44.0,50,60.720154
-38.0,50,61.928226
-38.0,50,63.140176
-44.0,50,64.349607
-38.0,50,65.571347
-38.0,50,66.783232
-44.0,50,68.008091
-38.0,50,69.220604
-44.0,50,70.480337
-44.0,50,71.715499
-38.0,50,72.975072
-38.0,50,74.239572
-44.0,50,75.530849
13.0,50,75.713254
-38.0,50,75.895369
13.0,50,76.078538
-38.0,50,76.274317
18.0,50,76.469226
-44.0,50,76.652555
-15.0,50,76.837826
15.0,50,77.026366
-13.0,50,77.222764
-38.0,50,77.395167
-38.0,50,78.671191
-38.0,50,79.908015
9.0,50,81.159901
-38.0,50,82.399355
-38.0,50,83.651872
-44.0,50,84.914446
-38.0,50,86.222948
-38.0,50,87.468677
-44.0,50,88.733398
-38.0,50,89.995744
-38.0,50,91.285689
-38.0,50,92.55784
-38.0,50,93.849897
-16.0,50,95.12198
-38.0,50,96.388687
-38.0,50,97.663217
10.0,50,98.945093
-38.0,50,100.221926
9.0,50,101.501651
-38.0,50,102.784133
19.0,50,102.970688
-38.0,50,103.137897
-16.0,50,103.307138
8.0,50,103.48497
-38.0,50,103.658494
15.0,50,103.842142
-38.0,50,104.016968
-15.0,50,104.195539
5.0,50,104.378711
-38.0,50,104.544205
-38.0,50,105.822555
-38.0,50,107.10021
-44.0,50,108.383157
-38.0,50,109.656758
-38.0,50,110.938262
-44.0,50,112.224166
-44.0,50,113.50939
-38.0,50,114.790825
20.0,50,116.077162
-14.0,50,117.359426
-38.0,50,118.659652
-38.0,50,119.956892
-38.0,50,121.255543
-38.0,50,122.545731
-38.0,50,123.856651
-38.0,50,125.160573
-38.0,50,126.471336
-38.0,50,127.789415
-38.0,50,129.103768
-38.0,50,130.430956
-38.0,50,130.601994
-38.0,50,130.775927
-38.0,50,130.959383
-38.0,50,131.140061
-38.0,50,131.313491
-38.0,50,131.491401
-38.0,50,131.655894
-38.0,50,131.823297
-38.0,50,131.999
13.0,50,132.175154
-38.0,50,133.492119
-44.0,50,134.809649
-38.0,50,136.138884
-38.0,50,137.465585
-38.0,50,138.786109
-38.0,50,140.117524
-38.0,50,141.445998
-38.0,50,142.779693
-50.0,50,144.122653
-38.0,50,145.453471
-38.0,50,146.791604
-13.0,50,148.130845
-38.0,50,149.475336
-38.0,50,150.830938
3.0,50,152.177743
-38.0,50,153.521868
-38.0,50,154.868653
-38.0,50,156.224583
-38.0,50,157.582887
19.0,50,158.967923
-44.0,50,159.135204
-14.0,50,159.304422
-44.0,50,159.477762
9.0,50,159.656864
14.0,50,159.830323
-9.0,50,160.009331
15.0,50,160.184342
-44.0,50,160.362739
-12.0,50,160.531216
-38.0,50,160.685726
-38.0,50,162.046836
-38.0,50,163.399043
15.0,50,164.76844
-38.0,50,166.125659
-38.0,50,167.492493
-17.0,50,168.861073
-38.0,50,170.219317
-38.0,50,171.580673
-38.0,50,172.931448
-38.0,50,174.301988
-9.0,50,175.674148
-38.0,50,177.037616
-38.0,50,178.405601
-38.0,50,179.779361
-38.0,50,181.147485
8.0,50,182.536556
-38.0,50,183.910124
-38.0,50,185.296313
-38.0,50,186.68283
-38.0,50,188.077391
-38.0,50,188.244033
-38.0,50,188.40396
-38.0,50,188.577689
23.0,50,188.753341
-38.0,50,188.912571
-38.0,50,189.084041
-38.0,50,189.254572
-8.0,50,189.433984
-38.0,50,189.604826
6.0,50,189.779483
-38.0,50,191.19069
-38.0,50,192.603191
-4.0,50,194.021462
-38.0,50,195.430447
-38.0,50,196.847308
-38.0,50,198.269801
-38.0,50,199.685734
-38.0,50,201.101515
-38.0,50,202.546868
-38.0,50,203.983171
-44.0,50,205.432376
-38.0,50,206.882249
-38.0,50,208.33488
-38.0,50,209.777875
-38.0,50,211.229403
-38.0,50,212.685497
-38.0,50,214.144495
-38.0,50,215.608218
-38.0,50,217.07727
-38.0,50,218.551021
-38.0,50,218.72564
16.0,50,218.90412
-38.0,50,219.077621
12.0,50,219.255735
-38.0,50,219.434786
-38.0,50,219.60486
-38.0,50,219.795354
-38.0,50,219.972666
4.0,50,220.150134
-38.0,50,220.327437
-38.0,50,221.814004
-38.0,50,223.300169
-38.0,50,224.777048
-38.0,50,226.252971
-38.0,50,227.740651
0.0,50,229.231792
-38.0,50,230.718945
-38.0,50,232.205265
-38.0,50,233.69645
-38.0,50,235.183935
-38.0,50,236.682263
-38.0,50,238.180802
-38.0,50,239.682022
-38.0,50,241.182512
-38.0,50,242.692536
-38.0,50,244.197329
-38.0,50,245.714025
-38.0,50,247.225926
-38.0,50,248.735833
14.0,50,250.262498
-38.0,50,250.435913
-38.0,50,250.60473
13.0,50,250.790643
-38.0,50,250.951198
-38.0,50,251.116212
-38.0,50,251.291949
-38.0,50,251.464751
-38.0,50,251.646065
-38.0,50,251.807564
-38.0,50,251.973436
-38.0,50,253.49784
-38.0,50,255.033501
-38.0,50,256.570987
-38.0,50,258.106922
-38.0,50,259.634697
-38.0,50,261.165689
-38.0,50,262.702003
-38.0,50,264.238449
-38.0,50,265.775651
-38.0,50,267.316701
-38.0,50,268.863322
-38.0,50,270.417399
-38.0,50,271.961065
-38.0,50,273.50269
-38.0,50,275.064089
-38.0,50,276.615215
-38.0,50,278.184333
-38.0,50,279.747074
-38.0,50,281.32528
-38.0,50,282.908133
-44.0,50,283.080744
-38.0,50,283.24304
-38.0,50,283.426631
-38.0,50,283.588965
-38.0,50,283.771211
-38.0,50,283.948472
-38.0,50,284.124543
-38.0,50,284.290322
-38.0,50,284.46101
-38.0,50,284.630338
-38.0,50,286.204124
-38.0,50,287.770522
-38.0,50,289.338435
-38.0,50,290.916723
-38.0,50,292.500272
-38.0,50,294.083577
-38.0,50,295.665442
-38.0,50,297.232724
-38.0,50,298.806208
-38.0,50,300.387281
-38.0,50,301.972717
-38.0,50,303.557539
-38.0,50,305.146251
-38.0,50,306.737431
-38.0,50,308.326175
-38.0,50,309.918959
-38.0,50,311.5207
-38.0,50,313.118617
16.0,50,314.731614
-38.0,50,316.351458
-38.0,50,316.525032
-38.0,50,316.695121
-38.0,50,316.870753
-38.0,50,317.044069
-38.0,50,317.218085
-38.0,50,317.380131
-38.0,50,317.541157
-9.0,50,317.719019
-38.0,50,317.891287
-38.0,50,318.065483
-38.0,50,319.686061
-38.0,50,321.296475
-38.0,50,322.915645
-38.0,50,324.535837
-38.0,50,326.146726
12.0,50,327.778841
-38.0,50,329.407523
-38.0,50,331.036088
-38.0,50,332.667295
-38.0,50,334.305839
-38.0,50,335.940435
-38.0,50,337.575754
-44.0,50,339.218962
-38.0,50,340.86009
-44.0,50,342.507294
22.0,50,344.153552
-38.0,50,345.795482
-44.0,50,347.454345
-38.0,50,349.09642
-38.0,50,350.752176
-38.0,50,350.916383
-38.0,50,351.076638
-38.0,50,351.239604
-38.0,50,351.398671
-38.0,50,351.556673
-38.0,50,351.724715
-38.0,50,351.883504
-38.0,50,352.052935
-38.0,50,352.215388
-44.0,50,352.37783
5.0,50,354.031407
-38.0,50,355.675043
-38.0,50,357.338664
-15.0,50,358.996175
-38.0,50,360.649964
-38.0,50,362.304231
-38.0,50,363.956368
-38.0,50,365.629572
-38.0,50,367.286114
-38.0,50,368.937378
-38.0,50,370.602498
-14.0,50,372.259361
12.0,50,373.933619
-38.0,50,375.612872
-38.0,50,377.290894
-38.0,50,378.970425
-44.0,50,380.658621
-38.0,50,382.328059
-44.0,50,384.015279
-38.0,50,385.717143
22.0,50,385.893666
-44.0,50,386.073281
-38.0,50,386.246212
-38.0,50,386.435221
-38.0,50,386.607178
-38.0,50,386.784961
8.0,50,386.954882
-38.0,50,387.121803
-38.0,50,387.296861
-38.0,50,387.471541
-38.0,50,389.176525
-17.0,50,390.876404
-38.0,50,392.575993
-38.0,50,394.284461
-38.0,50,395.978282
-38.0,50,397.68626
-38.0,50,399.40037
-38.0,50,401.107458
-38.0,50,402.833778
-38.0,50,404.546213
-38.0,50,406.276327
-38.0,50,407.997653
-38.0,50,409.720794
-38.0,50,411.446003
-38.0,50,413.175502
-38.0,50,414.912246
-38.0,50,416.645055
-38.0,50,418.371745
-38.0,50,420.1071
15.0,50,421.858902
24.0,50,422.041343
11.0,50,422.223539
-38.0,50,422.392162
-38.0,50,422.574103
19.0,50,422.755683
24.0,50,422.930899
21.0,50,423.106159
20.0,50,423.285491
21.0,50,423.463866
-38.0,50,423.628568
-38.0,50,425.384029
-38.0,50,427.132986
-38.0,50,428.883049
-38.0,50,430.637491
-38.0,50,432.394698
-44.0,50,434.163728
-38.0,50,435.926691
-38.0,50,437.689861
-38.0,50,439.466007
-38.0,50,441.218469
-38.0,50,442.988852
-38.0,50,444.746845
17.0,50,446.522537
17.0,50,448.293997
-1.0,50,450.071106
19.0,50,451.855966
-38.0,50,453.630839
-38.0,50,455.411551
-44.0,50,457.20626
14.0,50,459.010916
-38.0,50,459.177355
-44.0,50,459.36442
-44.0,50,459.549896
-38.0,50,459.722056
-38.0,50,459.903498
19.0,50,460.090691
14.0,50,460.264605
-38.0,50,460.44294
-38.0,50,460.608617
-38.0,50,460.792995
-11.0,50,462.590339
-38.0,50,464.376134
-38.0,50,466.186905
-44.0,50,468.001623
-38.0,50,469.810791
-38.0,50,471.613739
-38.0,50,473.412079
-38.0,50,475.212351
-38.0,50,477.021425
-38.0,50,478.831256
-38.0,50,480.644259
-38.0,50,482.456573
-44.0,50,484.272598
-38.0,50,486.079192
-38.0,50,487.905754
-38.0,50,489.733531
-38.0,50,491.61826
-38.0,50,493.440729
-38.0,50,495.265822
-38.0,50,497.105928
-44.0,50,497.284605
-38.0,50,497.457855
-44.0,50,497.636175
-38.0,50,497.805971
26.0,50,497.977988
-38.0,50,498.14756
-44.0,50,498.320861
-44.0,50,498.495924
-38.0,50,498.656769
-38.0,50,498.831289
-38.0,50,500.67754
-38.0,50,502.509346
-38.0,50,504.360294
-38.0,50,506.224347
-9.0,50,508.081257
-38.0,50,509.94489
-38.0,50,511.806439
-17.0,50,513.680601
-44.0,50,515.551163
-38.0,50,517.426704
-38.0,50,519.294772
-44.0,50,521.175051
-38.0,50,523.055582
-44.0,50,524.935561
-44.0,50,526.818722
-44.0,50,528.707419
-38.0,50,530.592146
-44.0,50,532.487236
8.0,50,534.377832
-44.0,50,536.27768
14.0,50,536.459948
-44.0,50,536.638806
6.0,50,536.811069
12.0,50,536.982087
-38.0,50,537.133293
7.0,50,537.318266
19.0,50,537.490733
7.0,50,537.668012
-44.0,50,537.842942
-44.0,50,538.017541
-38.0,50,539.905983
-38.0,50,541.796306
-38.0,50,543.682987
-38.0,50,545.588007
-38.0,50,547.484621
-44.0,50,549.379236
-38.0,50,551.280119
-38.0,50,553.180982
-44.0,50,555.085706
-38.0,50,556.984612
-38.0,50,558.903709
-38.0,50,560.820156
-38.0,50,562.733536
-38.0,50,564.648653
-38.0,50,566.558615
-38.0,50,568.476957
-38.0,50,570.399483
-44.0,50,572.324115
-38.0,50,574.248146
-38.0,50,576.184135
-44.0,50,576.363258
-38.0,50,576.538481
-44.0,50,576.718169
-38.0,50,576.892403
-44.0,50,577.07197
-38.0,50,577.24788
-38.0,50,577.425553
-38.0,50,577.60536
8.0,50,577.79498
-44.0,50,577.970695
-44.0,50,579.912442
-38.0,50,581.848911
-44.0,50,583.799609
-44.0,50,585.745553
-38.0,50,587.685588
-38.0,50,589.635256
-38.0,50,591.575887
-38.0,50,593.521833
-38.0,50,595.469786
-38.0,50,597.42359
-38.0,50,599.378031
-38.0,50,601.349287
-38.0,50,603.309736
-38.0,50,605.282579
-38.0,50,607.248484
-44.0,50,609.224906
-38.0,50,611.186217
-44.0,50,613.160956
-38.0,50,615.126363
0.0,50,617.119175
-44.0,50,617.297657
-38.0,50,617.468351
-38.0,50,617.643193
-38.0,50,617.817526
-44.0,50,617.997265
-38.0,50,618.16986
-44.0,50,618.343064
-38.0,50,618.506383
-38.0,50,618.678838
-38.0,50,618.848811
-44.0,50,620.844676
-38.0,50,622.831378
-38.0,50,624.82595
-38.0,50,626.806604
-38.0,50,628.799174
-38.0,50,630.792789
-44.0,50,632.793663
-44.0,50,634.792171
-38.0,50,636.78884
-38.0,50,638.790752
-38.0,50,640.798453
-38.0,50,642.804686
-38.0,50,644.804933
1.0,50,646.816667
-44.0,50,648.83498
-38.0,50,650.846057
-38.0,50,652.858982
-38.0,50,654.880919
26.0,50,656.908918
-38.0,50,658.929573
-44.0,50,659.108658
-38.0,50,659.285914
-38.0,50,659.461049
-44.0,50,659.639152
16.0,50,659.812536
-38.0,50,659.990985
-38.0,50,660.166756
-38.0,50,660.337448
-38.0,50,660.512087
-44.0,50,660.688616
-38.0,50,662.712512
-44.0,50,664.742723
-38.0,50,666.779457
-38.0,50,668.81656
-38.0,50,670.852614
-44.0,50,672.899882
-38.0,50,674.937714
-38.0,50,676.980699
-38.0,50,679.051602
-38.0,50,681.141244
-44.0,50,683.202328
-38.0,50,685.266524
-38.0,50,687.341064
-15.0,50,689.408175
-38.0,50,691.48028
-44.0,50,693.559844
-6.0,50,695.638412
-38.0,50,697.712592
-38.0,50,699.789806
-44.0,50,701.878336
-38.0,50,702.054947
-38.0,50,702.222555
17.0,50,702.412148
-38.0,50,702.583622
-38.0,50,702.755508
-38.0,50,702.929131
-44.0,50,703.105248
-38.0,50,703.281065
-44.0,50,703.459223
-38.0,50,703.631948
-38.0,50,705.720724
-44.0,50,707.811631
-38.0,50,709.908334
-38.0,50,712.008649
-38.0,50,714.107896
-38.0,50,716.232352
-44.0,50,718.335403
23.0,50,720.438389
-38.0,50,722.547369
-17.0,50,724.660412
-38.0,50,726.777762
-38.0,50,728.894771
-38.0,50,731.026332
-38.0,50,733.150313
-44.0,50,735.260904
-38.0,50,737.407867
-44.0,50,739.546166
-38.0,50,741.687329
-38.0,50,743.816548
-38.0,50,745.97187
20.0,50,746.161597
-14.0,50,746.33454
-38.0,50,746.511029
-38.0,50,746.686371
-38.0,50,746.861868
-38.0,50,747.039724
20.0,50,747.237178
-38.0,50,747.408798
-38.0,50,747.58512
-38.0,50,747.768533
-38.0,50,749.900325
-38.0,50,752.033712
11.0,50,754.186235
-15.0,50,756.332441
-44.0,50,758.47869
-38.0,50,760.627916
17.0,50,762.780276
-38.0,50,764.921898
-38.0,50,767.062791
-44.0,50,769.2163
-38.0,50,771.378416
-38.0,50,773.545554
-38.0,50,775.704916
-38.0,50,777.878392
-44.0,50,780.052064
-38.0,50,782.230508
-38.0,50,784.396398
-6.0,50,786.566035
-38.0,50,788.757838
-38.0,50,790.944498
-38.0,50,791.120346
-38.0,50,791.313593
-38.0,50,791.492203
-44.0,50,791.672716
-38.0,50,791.85201
-44.0,50,792.03106
-44.0,50,792.211823
-38.0,50,792.391832
-44.0,50,792.57689
-4.0,50,792.753038
-38.0,50,794.94081
-38.0,50,797.128919
-44.0,50,799.321309
-38.0,50,801.521429
-38.0,50,803.731951
-38.0,50,805.930269
-38.0,50,808.136048
-38.0,50,810.327036
-38.0,50,812.531783
-44.0,50,814.731297
-38.0,50,816.940696
-38.0,50,819.140545
-38.0,50,821.334806
-38.0,50,823.548038
0.0,50,825.7542
-38.0,50,827.960177
-44.0,50,830.166959
-44.0,50,832.373804
-44.0,50,834.597251
22.0,50,836.829851
-38.0,50,837.00068
-38.0,50,837.180994
-44.0,50,837.36566
-44.0,50,837.544636
-44.0,50,837.72867
-44.0,50,837.903539
-44.0,50,838.081423
16.0,50,838.268978
-44.0,50,838.448258
-38.0,50,838.621741
-38.0,50,840.851648
-44.0,50,843.074146
-38.0,50,845.299715
-44.0,50,847.528058
-44.0,50,849.753445
-38.0,50,851.987089
-38.0,50,854.223222
-38.0,50,856.452379
-38.0,50,858.700881
-38.0,50,860.935334
-38.0,50,863.179872
-38.0,50,865.425683
-38.0,50,867.675504
-44.0,50,869.925673
-38.0,50,872.16891
-38.0,50,874.420418
-38.0,50,876.672033
13.0,50,878.923151
-38.0,50,881.186446
-38.0,50,883.460767
-44.0,50,883.639192
-38.0,50,883.808205
-38.0,50,883.98364
-2.0,50,884.185641
-38.0,50,884.362201
-38.0,50,884.544573
-38.0,50,884.726178
-38.0,50,884.903044
-44.0,50,885.08182
-38.0,50,885.256269
-38.0,50,887.519215
-38.0,50,889.778516
-38.0,50,892.056281
-44.0,50,894.343356
28.0,50,896.614973
-44.0,50,898.893766
20.0,50,901.164674
-44.0,50,903.436622
-44.0,50,905.722842
-38.0,50,908.018847
-38.0,50,910.308317
-38.0,50,912.59679
-38.0,50,914.882027
-38.0,50,917.181576
-44.0,50,919.499362
-38.0,50,921.790115
-38.0,50,924.092863
-38.0,50,926.40519
-38.0,50,928.714328
-38.0,50,931.034733
-38.0,50,931.212009
-44.0,50,931.392034
-44.0,50,931.577399
-16.0,50,931.752672
-38.0,50,931.927201
-44.0,50,932.107238
-38.0,50,932.277875
-44.0,50,932.461228
-44.0,50,932.637489
-38.0,50,932.813525
-15.0,50,935.124447
-38.0,50,937.433728
-38.0,50,939.740884
-38.0,50,942.059178
-44.0,50,944.388582
-38.0,50,946.716482
-38.0,50,949.039576
-38.0,50,951.370969
-38.0,50,953.710777
-38.0,50,956.055962
-38.0,50,958.391153
-38.0,50,960.728493
-44.0,50,963.082934
-38.0,50,965.426423
-38.0,50,967.778078
-44.0,50,970.128973
-38.0,50,972.486284
-38.0,50,974.841287
-38.0,50,977.187358
-44.0,50,979.567518
-38.0,50,979.732037
-44.0,50,979.912384
-38.0,50,980.086328
-44.0,50,980.27073
-38.0,50,980.457421
-44.0,50,980.63507
-38.0,50,980.809858
-44.0,50,980.991108
-38.0,50,981.171548
-38.0,50,981.348248
-4.0,50,983.725855
-38.0,50,986.271259
-38.0,50,988.671734
-38.0,50,991.04768
-38.0,50,993.426671
-44.0,50,995.799525
-38.0,50,998.185799
-38.0,50,1000.567701
-38.0,50,1002.952579
-44.0,50,1005.341661
-38.0,50,1007.731469
-38.0,50,1010.127847
-38.0,50,1012.518286
-38.0,50,1014.918532
-38.0,50,1017.320918
-38.0,50,1019.728503
-38.0,50,1022.123309
-1.0,50,1024.541619
-38.0,50,1026.951572
-38.0,50,1029.372448
-38.0,50,1029.551643
-38.0,50,1029.736994
-38.0,50,1029.907163
-38.0,50,1030.097884
-38.0,50,1030.267353
-44.0,50,1030.452664
-38.0,50,1030.637861
-38.0,50,1030.828471
-38.0,50,1031.002084
24.0,50,1031.169606
12.0,50,1033.586825
-38.0,50,1036.021678
-38.0,50,1038.451184
-38.0,50,1040.881524
-38.0,50,1043.31578
-44.0,50,1045.733316
-38.0,50,1048.14098
-38.0,50,1050.555946
-38.0,50,1052.95396
-38.0,50,1055.364314
-38.0,50,1057.767276
-38.0,50,1060.166832
-38.0,50,1062.59224
-38.0,50,1065.023261
-38.0,50,1067.436916
-44.0,50,1069.859998
-38.0,50,1072.281765
-38.0,50,1074.718651
-44.0,50,1077.153406
-38.0,50,1079.599745
-38.0,50,1079.783994
-38.0,50,1079.964438
-38.0,50,1080.135082
-7.0,50,1080.320234
-38.0,50,1080.491248
-38.0,50,1080.659622
-13.0,50,1080.844607
-44.0,50,1081.026841
-38.0,50,1081.193827
-15.0,50,1081.363724
-38.0,50,1083.796921
-38.0,50,1086.24299
-38.0,50,1088.672664
-38.0,50,1091.120315
-38.0,50,1093.562461
-44.0,50,1096.014399
-44.0,50,1098.458204
-38.0,50,1100.915159
-44.0,50,1103.378462
-38.0,50,1105.833614
-38.0,50,1108.281835
-44.0,50,1110.742847
-44.0,50,1113.206777
-3.0,50,1115.680597
-38.0,50,1118.130362
-44.0,50,1120.60498
-38.0,50,1123.103372
-38.0,50,1125.603326
-38.0,50,1128.107844
-38.0,50,1130.593614
-44.0,50,1130.772335
-38.0,50,1130.957999
18.0,50,1131.137187
-38.0,50,1131.315713
-38.0,50,1131.497475
-44.0,50,1131.684462
-38.0,50,1131.864233
-44.0,50,1132.044599
-38.0,50,1132.225449
-38.0,50,1132.397464
-38.0,50,1134.900783
-38.0,50,1137.399735
-44.0,50,1139.917596
-38.0,50,1142.426162
-50.0,50,1144.934713
-38.0,50,1147.443326
-38.0,50,1149.957792
-38.0,50,1152.458055
13.0,50,1154.976134
9.0,50,1157.505549
-38.0,50,1160.034567
20.0,50,1162.553594
-38.0,50,1165.086366
-38.0,50,1167.612903
-44.0,50,1170.144759
-38.0,50,1172.670007
11.0,50,1175.198702
-38.0,50,1177.731674
-44.0,50,1180.273977
14.0,50,1182.834278
-38.0,50,1183.020414
8.0,50,1183.196185
-38.0,50,1183.368525
-38.0,50,1183.549021
-38.0,50,1183.719007
-15.0,50,1183.902184
13.0,50,1184.073895
-38.0,50,1184.261268
11.0,50,1184.437784
-38.0,50,1184.607027
-38.0,50,1187.151601
-44.0,50,1189.709603
-44.0,50,1192.261806
-38.0,50,1194.820209
-38.0,50,1197.374196
2.0,50,1199.937119
-38.0,50,1202.516309
-38.0,50,1205.054199
-38.0,50,1207.582555
-38.0,50,1210.131245
-38.0,50,1212.702298
19.0,50,1215.257593
-5.0,50,1217.81751
-38.0,50,1220.374842
-1.0,50,1222.925005
-38.0,50,1225.483943
-44.0,50,1228.063168
-38.0,50,1230.623287
-38.0,50,1233.184258
-44.0,50,1235.760949
-44.0,50,1235.936154
-44.0,50,1236.114329
-44.0,50,1236.295997
-44.0,50,1236.472752
-38.0,50,1236.6682
-44.0,50,1236.849095
-44.0,50,1237.035545
-44.0,50,1237.21579
-44.0,50,1237.395983
-44.0,50,1237.580508
-44.0,50,1240.169849
-38.0,50,1242.772829
-38.0,50,1245.367042
-44.0,50,1247.955467
-38.0,50,1250.551692
-44.0,50,1253.152167
-38.0,50,1255.750444
-44.0,50,1258.352349
-44.0,50,1260.950976
-44.0,50,1263.543636
-38.0,50,1266.138074
-38.0,50,1268.732218
-38.0,50,1271.335191
-38.0,50,1273.956661
-44.0,50,1276.580974
-44.0,50,1279.267606
-44.0,50,1281.886055
-38.0,50,1284.525878
-38.0,50,1287.14467
-44.0,50,1289.771585
-13.0,50,1289.952446
-38.0,50,1290.128658
-44.0,50,1290.309693
-38.0,50,1290.484129
-44.0,50,1290.663718
-44.0,50,1290.843239
-44.0,50,1291.024335
-44.0,50,1291.207343
-38.0,50,1291.369851
-38.0,50,1291.547153
-38.0,50,1294.173012
-44.0,50,1296.823612
9.0,50,1299.453767
-38.0,50,1302.102184
-38.0,50,1304.748986
-38.0,50,1307.39037
-38.0,50,1310.023667
-44.0,50,1312.673291
-38.0,50,1315.316818
-38.0,50,1317.965061
-38.0,50,1320.612374
-38.0,50,1323.263796
-44.0,50,1325.923027
-44.0,50,1328.578219
-38.0,50,1331.249135
-44.0,50,1333.916803
-38.0,50,1336.581034
-44.0,50,1339.260087
-38.0,50,1341.936396
-38.0,50,1344.628202
-38.0,50,1344.812165
-38.0,50,1344.984538
-44.0,50,1345.160177
-38.0,50,1345.339404
-38.0,50,1345.530408
-38.0,50,1345.717892
-38.0,50,1345.897516
-17.0,50,1346.083521
-38.0,50,1346.268946
-14.0,50,1346.450397
-12.0,50,1349.14486
-44.0,50,1351.838116
-44.0,50,1354.53391
7.0,50,1357.22383
-44.0,50,1359.916195
-44.0,50,1362.629831
-44.0,50,1365.336082
-15.0,50,1368.043156
-44.0,50,1370.743693
-38.0,50,1373.447777
-6.0,50,1376.161888
-44.0,50,1378.892832
-38.0,50,1381.610918
-38.0,50,1384.330933
-38.0,50,1387.059674
-44.0,50,1389.790545
-38.0,50,1392.515648
-38.0,50,1395.248322
-44.0,50,1397.995126
21.0,50,1400.734506
-44.0,50,1400.917068
-44.0,50,1401.106321
18.0,50,1401.286654
-38.0,50,1401.462218
-44.0,50,1401.647129
-38.0,50,1401.829461
-38.0,50,1402.010637
-44.0,50,1402.194513
2.0,50,1402.397178
19.0,50,1402.569069
-38.0,50,1405.33431
-38.0,50,1408.080787
-44.0,50,1410.84031
-44.0,50,1413.602155
-44.0,50,1416.357393
-38.0,50,1419.10478
-38.0,50,1421.855093
-38.0,50,1424.607571
-38.0,50,1427.358088
-38.0,50,1430.118544
-16.0,50,1432.878856
-38.0,50,1435.655382
-38.0,50,1438.428135
-44.0,50,1441.196286
-38.0,50,1443.951683
-38.0,50,1446.718387
-38.0,50,1449.505414
-38.0,50,1452.283708
-44.0,50,1455.051848
-38.0,50,1457.850182
-38.0,50,1458.026133
-44.0,50,1458.201177
-44.0,50,1458.379186
-38.0,50,1458.558292
-38.0,50,1458.721788
-38.0,50,1458.898795
-38.0,50,1459.075145
-38.0,50,1459.264324
-38.0,50,1459.435457
-44.0,50,1459.619346
-38.0,50,1462.417868
-44.0,50,1465.220753
-44.0,50,1468.027405
-38.0,50,1470.819868
-38.0,50,1473.602858
-44.0,50,1476.408162
-38.0,50,1479.196098
-38.0,50,1482.000433
-38.0,50,1484.804997
-38.0,50,1487.612705
-38.0,50,1490.415974
-44.0,50,1493.225771
-44.0,50,1496.030667
24.0,50,1498.843608
-44.0,50,1501.661413
-38.0,50,1504.475064
-38.0,50,1507.27645
-4.0,50,1510.101137
-44.0,50,1512.936544
-44.0,50,1515.772109
-8.0,50,1515.956841
-44.0,50,1516.142014
-38.0,50,1516.325974
12.0,50,1516.504547
-38.0,50,1516.679602
-38.0,50,1516.863613
-44.0,50,1517.045758
-38.0,50,1517.225208
-8.0,50,1517.402557
-38.0,50,1517.577132
-38.0,50,1520.432852
-38.0,50,1523.265836
-44.0,50,1526.130159
-38.0,50,1528.960301
-38.0,50,1531.791655
-44.0,50,1534.621511
20.0,50,1537.470039
-44.0,50,1540.299428
-38.0,50,1543.149367
-38.0,50,1545.982726
-38.0,50,1548.832239
-44.0,50,1551.670056
-44.0,50,1554.520347
13.0,50,1557.373974
-38.0,50,1560.212027
-16.0,50,1563.070584
-38.0,50,1565.932734
-38.0,50,1568.7799
-13.0,50,1571.647348
-44.0,50,1574.505069
-44.0,50,1574.679388
-44.0,50,1574.860706
-38.0,50,1575.023039
-44.0,50,1575.19773
-38.0,50,1575.376515
-38.0,50,1575.545738
-38.0,50,1575.722793
-38.0,50,1575.91004
-44.0,50,1576.084776
-38.0,50,1576.267318
-38.0,50,1579.132614
-44.0,50,1582.013176
-38.0,50,1584.906909
-38.0,50,1587.784782
-38.0,50,1590.656361
-38.0,50,1593.522387
-44.0,50,1596.393166
-44.0,50,1599.273011
-44.0,50,1602.157216
-38.0,50,1605.022525
-44.0,50,1607.907138
-38.0,50,1610.793134
-16.0,50,1613.683884
-38.0,50,1616.573278
-38.0,50,1619.4703
-38.0,50,1622.370208
-44.0,50,1625.26453
13.0,50,1628.165462
-38.0,50,1631.077119
-44.0,50,1633.990353
-2.0,50,1634.172849
-44.0,50,1634.356681
-6.0,50,1634.552345
-44.0,50,1634.729583
-44.0,50,1634.91614
-44.0,50,1635.105229
-44.0,50,1635.28414
-44.0,50,1635.466182
-44.0,50,1635.656883
-38.0,50,1635.840052
-44.0,50,1638.788636
-38.0,50,1641.668932
5.0,50,1644.581221
-38.0,50,1647.481384
-38.0,50,1650.386627
-38.0,50,1653.300571
-13.0,50,1656.220093
-38.0,50,1659.126393
-44.0,50,1662.058155
-44.0,50,1665.001271
-44.0,50,1667.941137
-38.0,50,1670.896196
21.0,50,1673.836879
-44.0,50,1676.79602
-38.0,50,1679.748327
-38.0,50,1682.714111
-38.0,50,1685.676571
4.0,50,1688.635334
-44.0,50,1691.60298
-44.0,50,1694.581668
-44.0,50,1694.760068
-44.0,50,1694.951281
-38.0,50,1695.134105
-44.0,50,1695.316762
-38.0,50,1695.499453
-38.0,50,1695.674511
-38.0,50,1695.858051
-16.0,50,1696.034946
-38.0,50,1696.2117
-38.0,50,1696.391366
-38.0,50,1699.374242
-44.0,50,1702.370834
-38.0,50,1705.356716
-38.0,50,1708.346077
-44.0,50,1711.332534
-38.0,50,1714.316062
-44.0,50,1717.306854
-38.0,50,1720.298141
-38.0,50,1723.295882
-44.0,50,1726.279667
-44.0,50,1729.278975
26.0,50,1732.274298
-38.0,50,1735.271703
-44.0,50,1738.280138
-38.0,50,1741.276028
-38.0,50,1744.290613
-38.0,50,1747.299707
-10.0,50,1750.304076
-17.0,50,1753.320286
-44.0,50,1756.339574
-38.0,50,1756.505494
-38.0,50,1756.68652
-38.0,50,1756.860583
-2.0,50,1757.033519
-38.0,50,1757.216847
-38.0,50,1757.396159
-38.0,50,1757.587841
-38.0,50,1757.767305
11.0,50,1757.945926
-44.0,50,1758.123333
-38.0,50,1761.15515
-38.0,50,1764.176754
-44.0,50,1767.204439
-44.0,50,1770.236144
-38.0,50,1773.263998
9.0,50,1776.300626
-14.0,50,1779.33633
-44.0,50,1782.373962
-44.0,50,1785.415241
-38.0,50,1788.463502
13.0,50,1791.507902
-44.0,50,1794.563591
17.0,50,1797.619672
-38.0,50,1800.672602
-38.0,50,1803.734565
-44.0,50,1806.787214
18.0,50,1809.856978
-38.0,50,1812.908826
-44.0,50,1815.977572
-44.0,50,1819.066275
-44.0,50,1819.251653
-38.0,50,1819.420173
-44.0,50,1819.597915
-44.0,50,1819.773511
-44.0,50,1819.951021
-44.0,50,1820.131472
-44.0,50,1820.307864
-44.0,50,1820.48718
-38.0,50,1820.666472
-44.0,50,1820.850862
-44.0,50,1823.925138
19.0,50,1827.00808
-44.0,50,1830.081894
-44.0,50,1833.153545
-38.0,50,1836.225309
-38.0,50,1839.29609
-38.0,50,1842.368965
-38.0,50,1845.451491
-38.0,50,1848.523161
-38.0,50,1851.602182
-44.0,50,1854.700332
-38.0,50,1857.803026
-38.0,50,1860.893173
-44.0,50,1863.990843
-38.0,50,1867.07954
-44.0,50,1870.183672
-38.0,50,1873.287256
-6.0,50,1876.39238
-44.0,50,1879.526415
-44.0,50,1882.641937
12.0,50,1882.833573
-38.0,50,1883.01288
-38.0,50,1883.192776
-38.0,50,1883.371795
-38.0,50,1883.558769
-38.0,50,1883.735739
-38.0,50,1883.915668
-5.0,50,1884.09725
21.0,50,1884.280784
-4.0,50,1884.463918
-44.0,50,1887.590669
-44.0,50,1890.704863
-44.0,50,1893.82674
-44.0,50,1896.946822
-38.0,50,1900.07345
-38.0,50,1903.19575
-38.0,50,1906.322349
-10.0,50,1909.448741
-44.0,50,1912.579942
-38.0,50,1915.706799
9.0,50,1918.828028
-44.0,50,1921.96835
-38.0,50,1925.105369
-7.0,50,1928.241132
16.0,50,1931.398168
-38.0,50,1934.53341
-44.0,50,1937.675999
-44.0,50,1940.827741
-44.0,50,1943.978932
-44.0,50,1947.11715
-38.0,50,1947.293993
14.0,50,1947.463608
-38.0,50,1947.646958
-38.0,50,1947.841218
1.0,50,1948.041088
-44.0,50,1948.216756
-38.0,50,1948.397844
0.0,50,1948.584424
13.0,50,1948.777811
-38.0,50,1948.947504
13.0,50,1952.114048
-44.0,50,1955.266593
-44.0,50,1958.428094
-44.0,50,1961.585967
-44.0,50,1964.74314
-38.0,50,1967.881863
-38.0,50,1971.029216
-38.0,50,1974.174905
-38.0,50,1977.334071
-44.0,50,1980.497211
25.0,50,1983.651089
-44.0,50,1986.817759
-44.0,50,1989.99003
-38.0,50,1993.164658
-44.0,50,1996.350069
-44.0,50,1999.531168
-38.0,50,2002.75656
-44.0,50,2005.948756
-38.0,50,2009.127779
-44.0,50,2012.325151
-44.0,50,2012.511487
-44.0,50,2012.70054
-44.0,50,2012.880141
-44.0,50,2013.060739
-38.0,50,2013.242127
-44.0,50,2013.425801
12.0,50,2013.610265
-38.0,50,2013.786563
22.0,50,2013.962865
-38.0,50,2014.144181
-44.0,50,2017.32576
-38.0,50,2020.490669
-44.0,50,2023.696423
-3.0,50,2026.900835
-38.0,50,2030.082468
-44.0,50,2033.287681
-44.0,50,2036.474236
-38.0,50,2039.666017
10.0,50,2042.852916
-38.0,50,2046.044943
-44.0,50,2049.243895
-38.0,50,2052.453636
-38.0,50,2055.641418
-38.0,50,2058.85931
-38.0,50,2062.070351
-44.0,50,2065.28176
-17.0,50,2068.501787
-44.0,50,2071.720263
-38.0,50,2074.946163
-38.0,50,2078.170107
-44.0,50,2078.350366
-44.0,50,2078.531109
-44.0,50,2078.711664
26.0,50,2078.899739
-44.0,50,2079.083916
23.0,50,2079.276534
-44.0,50,2079.460814
-44.0,50,2079.648686
-38.0,50,2079.829349
-44.0,50,2080.012688
-44.0,50,2083.261523
-38.0,50,2086.487591
13.0,50,2089.721395
-44.0,50,2092.949121
-44.0,50,2096.18592
-38.0,50,2099.416396
-38.0,50,2102.647361
-12.0,50,2105.88002
-38.0,50,2109.109386
-44.0,50,2112.35465
-44.0,50,2115.588984
-38.0,50,2118.845538
-38.0,50,2122.093351
-44.0,50,2125.344359
-38.0,50,2128.605875
-44.0,50,2131.852882
-38.0,50,2135.104865
-44.0,50,2138.364696
-17.0,50,2141.639852
18.0,50,2144.909444
-44.0,50,2145.091724
-44.0,50,2145.271091
-44.0,50,2145.449553
-44.0,50,2145.631684
-38.0,50,2145.814264
-44.0,50,2145.995323
-38.0,50,2146.177925
-44.0,50,2146.357658
-44.0,50,2146.548913
-44.0,50,2146.727104
-44.0,50,2150.02304
-38.0,50,2153.303933
-44.0,50,2156.598127
13.0,50,2159.879637
-44.0,50,2163.168424
-38.0,50,2166.453265
10.0,50,2169.74547
-38.0,50,2173.03936
-44.0,50,2176.335328
-38.0,50,2179.63978
-44.0,50,2182.929218
-7.0,50,2186.238986
-38.0,50,2189.538278
-38.0,50,2192.852952
-44.0,50,2196.159328
-44.0,50,2199.471667
-44.0,50,2202.806884
-44.0,50,2206.129813
-38.0,50,2209.561399
-44.0,50,2212.895391
-44.0,50,2213.073938
-44.0,50,2213.253108
-44.0,50,2213.43356
-44.0,50,2213.613624
-44.0,50,2213.793291
-44.0,50,2213.967465
-44.0,50,2214.150889
-44.0,50,2214.328043
-44.0,50,2214.504847
-38.0,50,2214.688076
-38.0,50,2218.031849
-44.0,50,2221.372462
-38.0,50,2224.722805
-44.0,50,2228.060471
-7.0,50,2231.404544
-38.0,50,2234.749488
-44.0,50,2238.109705
-44.0,50,2241.479301
-38.0,50,2244.821932
-44.0,50,2248.162015
-44.0,50,2251.503538
-44.0,50,2254.862935
-44.0,50,2258.212636
-44.0,50,2261.572722
18.0,50,2264.931157
-44.0,50,2268.294321
-17.0,50,2271.649753
-44.0,50,2275.017282
-44.0,50,2278.389026
-44.0,50,2281.760107
-38.0,50,2281.938735
16.0,50,2282.126571
-38.0,50,2282.29768
-44.0,50,2282.474151
-44.0,50,2282.649941
-44.0,50,2282.825475
-44.0,50,2283.000542
11.0,50,2283.17497
-44.0,50,2283.353738
-15.0,50,2283.533366
-38.0,50,2286.882697
-38.0,50,2290.252685
5.0,50,2293.621671
-44.0,50,2296.98539
-44.0,50,2300.363454
-38.0,50,2303.7341
-44.0,50,2307.110175
-44.0,50,2310.479981
-44.0,50,2313.860633
-44.0,50,2317.240005
-44.0,50,2320.626475
-16.0,50,2324.000814
-44.0,50,2327.400856
-14.0,50,2330.795957
-44.0,50,2334.192641
-10.0,50,2337.568693
-44.0,50,2340.969296
-38.0,50,2344.376828
-44.0,50,2347.784164
-38.0,50,2351.185631
-38.0,50,2351.358744
-44.0,50,2351.534813
21.0,50,2351.728829
11.0,50,2351.910366
-38.0,50,2352.095354
-44.0,50,2352.276553
-44.0,50,2352.452521
-44.0,50,2352.636773
-44.0,50,2352.814251
-44.0,50,2352.995461
-38.0,50,2356.406519
-44.0,50,2359.836627
-44.0,50,2363.28849
20.0,50,2366.713607
-44.0,50,2370.1372
-44.0,50,2373.561577
-44.0,50,2376.98809
-44.0,50,2380.4132
-38.0,50,2383.855541
-38.0,50,2387.299553
-44.0,50,2390.734715
-44.0,50,2394.174716
-38.0,50,2397.609476
-38.0,50,2401.060386
-44.0,50,2404.498235
-44.0,50,2407.930267
-44.0,50,2411.384465
-44.0,50,2414.829442
-44.0,50,2418.277573
-44.0,50,2421.734806
-44.0,50,2421.915122
-44.0,50,2422.089397
0.0,50,2422.261517
-44.0,50,2422.441591
-44.0,50,2422.615657
-44.0,50,2422.79374
-44.0,50,2422.976607
-44.0,50,2423.167495
-38.0,50,2423.343929
-38.0,50,2423.523856
-44.0,50,2426.988014
-38.0,50,2430.470978
-38.0,50,2433.974847
-38.0,50,2437.455232
-44.0,50,2440.941577
-44.0,50,2444.445589
10.0,50,2447.931957
-4.0,50,2451.4227
-44.0,50,2454.92687
-44.0,50,2458.417992
-44.0,50,2461.913358
-38.0,50,2465.42211
-38.0,50,2468.916987
-44.0,50,2472.424639
-44.0,50,2475.927791
-44.0,50,2479.446115
-44.0,50,2482.951398
-38.0,50,2486.459764
-44.0,50,2489.97905
-44.0,50,2493.498764
-44.0,50,2493.678258
-44.0,50,2493.865376
-44.0,50,2494.048931
-44.0,50,2494.232942
-44.0,50,2494.4168
-44.0,50,2494.604902
-44.0,50,2494.788345
-44.0,50,2494.96767
-44.0,50,2495.153287
-44.0,50,2495.337082
-44.0,50,2498.853271
-44.0,50,2502.36904
-38.0,50,2505.89001
-38.0,50,2509.3876
-38.0,50,2512.898713
-44.0,50,2516.40925
-38.0,50,2519.927525
-38.0,50,2523.458509
-44.0,50,2526.976528
-38.0,50,2530.509262
-44.0,50,2534.034063
-38.0,50,2537.567234
-38.0,50,2541.099353
-44.0,50,2544.644102
-44.0,50,2548.184902
-38.0,50,2551.724528
-44.0,50,2555.263704
-6.0,50,2558.804543
-38.0,50,2562.347432
-44.0,50,2565.89027
17.0,50,2566.078192
-44.0,50,2566.250719
-44.0,50,2566.429448
-44.0,50,2566.607052
-44.0,50,2566.787971
-44.0,50,2566.964044
-44.0,50,2567.140932
-44.0,50,2567.324148
-44.0,50,2567.49601
-44.0,50,2567.673416
-38.0,50,2571.222517
23.0,50,2574.796047
-38.0,50,2578.364074
-44.0,50,2581.921479
-44.0,50,2585.476751
-15.0,50,2589.024472
8.0,50,2592.58843
-38.0,50,2596.153193
-14.0,50,2599.720352
-16.0,50,2603.302074
-38.0,50,2606.860372
-38.0,50,2610.438802
-38.0,50,2614.007372
-38.0,50,2617.585067
-38.0,50,2621.157658
-38.0,50,2624.744505
22.0,50,2628.313838
-38.0,50,2631.904785
-4.0,50,2635.496837
-44.0,50,2639.091209
-44.0,50,2639.27608
-44.0,50,2639.468946
16.0,50,2639.653478
-44.0,50,2639.840119
-44.0,50,2640.028464
-17.0,50,2640.212341
-44.0,50,2640.400849
-44.0,50,2640.5772
-44.0,50,2640.763199
-44.0,50,2640.950736
-9.0,50,2644.581992
-44.0,50,2648.179576
-44.0,50,2651.813638
-44.0,50,2655.420077
-38.0,50,2659.019394
-44.0,50,2662.628772
-44.0,50,2666.24443
-38.0,50,2669.860476
-44.0,50,2673.471466
-38.0,50,2677.067664
7.0,50,2680.685164
-44.0,50,2684.316586
-38.0,50,2687.934152
-38.0,50,2691.572893
-38.0,50,2695.208632
-3.0,50,2698.840851
-38.0,50,2702.465634
-5.0,50,2706.100853
-38.0,50,2709.743604
-44.0,50,2713.391638
-38.0,50,2713.578471
-38.0,50,2713.761182
-38.0,50,2713.936619
-38.0,50,2714.120281
-6.0,50,2714.30078
-44.0,50,2714.485054
-38.0,50,2714.673607
-38.0,50,2714.8505
-44.0,50,2715.040941
-38.0,50,2715.217272
-44.0,50,2718.89451
-14.0,50,2722.545572
-38.0,50,2726.205903
18.0,50,2729.862225
-38.0,50,2733.523334
12.0,50,2737.181972
-38.0,50,2740.846975
-5.0,50,2744.515677
-44.0,50,2748.18569
-44.0,50,2751.84742
-44.0,50,2755.511514
-44.0,50,2759.178755
-38.0,50,2762.846241
-17.0,50,2766.524672
-38.0,50,2770.202809
-38.0,50,2773.886011
-44.0,50,2777.569396
-44.0,50,2781.254607
14.0,50,2784.949234
-38.0,50,2788.660996
-7.0,50,2788.847521
-38.0,50,2789.0248
22.0,50,2789.203661
16.0,50,2789.38187
10.0,50,2789.560706
-44.0,50,2789.744641
-38.0,50,2789.93248
-38.0,50,2790.113446
-38.0,50,2790.298238
-14.0,50,2790.473679
-38.0,50,2794.179788
20.0,50,2797.894199
-38.0,50,2801.604128
-38.0,50,2805.303487
-44.0,50,2809.009073
-38.0,50,2812.717656
-38.0,50,2816.436698
-44.0,50,2820.156318
-38.0,50,2823.866425
-44.0,50,2827.602
-38.0,50,2831.321316
-38.0,50,2835.036582
-38.0,50,2838.779608
-7.0,50,2842.517454
-38.0,50,2846.24984
-44.0,50,2849.994626
-44.0,50,2853.733653
-38.0,50,2857.483747
-38.0,50,2861.242527
-44.0,50,2864.994778
-44.0,50,2865.171154
-44.0,50,2865.350611
-38.0,50,2865.526815
-44.0,50,2865.711014
-44.0,50,2865.882743
-44.0,50,2866.063662
-44.0,50,2866.24084
-44.0,50,2866.41785
-44.0,50,2866.597333
-44.0,50,2866.775798
-44.0,50,2870.531464
-38.0,50,2874.261156
-44.0,50,2878.00743
-44.0,50,2881.746444
-38.0,50,2885.488616
10.0,50,2889.216674
10.0,50,2892.948724
-44.0,50,2896.700487
-38.0,50,2900.461325
-44.0,50,2904.231615
-38.0,50,2907.999768
-44.0,50,2911.76057
-44.0,50,2915.532916
-38.0,50,2919.306047
-38.0,50,2923.087046
-44.0,50,2926.864768
-38.0,50,2930.644746
-38.0,50,2934.412944
7.0,50,2938.181479
-44.0,50,2942.035878
-44.0,50,2942.206048
-44.0,50,2942.37783
-44.0,50,2942.547223
-44.0,50,2942.722215
-44.0,50,2942.884439
-44.0,50,2943.054819
-44.0,50,2943.226748
-44.0,50,2943.394656
-44.0,50,2943.56495
-38.0,50,2943.731511
-38.0,50,2947.520403
-44.0,50,2951.310763
-44.0,50,2955.112357
-5.0,50,2958.939371
-44.0,50,2962.881903
6.0,50,2966.693581
-44.0,50,2970.495538
-44.0,50,2974.294787
-38.0,50,2978.106078
-44.0,50,2981.935894
-38.0,50,2985.738926
13.0,50,2989.553208
-38.0,50,2993.37036
-44.0,50,2997.183278
-44.0,50,3000.986824
-44.0,50,3004.794797
-44.0,50,3008.61136
-44.0,50,3012.436698
-44.0,50,3016.250633
20.0,50,3020.073133
-44.0,50,3020.258041
-44.0,50,3020.439288
-44.0,50,3020.617498
-38.0,50,3020.814543
12.0,50,3021.002953
-44.0,50,3021.194832
-38.0,50,3021.372006
-12.0,50,3021.551316
-44.0,50,3021.725531
-38.0,50,3021.905806
-44.0,50,3025.734628
-38.0,50,3029.591679
-38.0,50,3033.433965
-44.0,50,3037.263013
-44.0,50,3041.098966
2.0,50,3044.950647
-38.0,50,3048.788755
-38.0,50,3052.631014
-44.0,50,3056.478646
-44.0,50,3060.321199
-38.0,50,3064.155284
24.0,50,3068.004658
-44.0,50,3071.864813
-44.0,50,3075.725903
14.0,50,3079.623931
-44.0,50,3083.477305
-2.0,50,3087.33374
-14.0,50,3091.192255
-44.0,50,3095.049139
-44.0,50,3098.914874
-38.0,50,3099.085483
-38.0,50,3099.263443
-8.0,50,3099.438607
-38.0,50,3099.624207
-38.0,50,3099.80479
-44.0,50,3099.996103
-38.0,50,3100.167495
-38.0,50,3100.34707
-44.0,50,3100.519904
-16.0,50,3100.700323
-44.0,50,3104.615368
-38.0,50,3108.513312
-6.0,50,3112.411556
-44.0,50,3116.307633
-38.0,50,3120.214912
-44.0,50,3124.114311
-38.0,50,3128.013873
-44.0,50,3131.921147
-38.0,50,3135.830234
-44.0,50,3139.735393
-44.0,50,3143.642193
-44.0,50,3147.543946
-44.0,50,3151.45673
-44.0,50,3155.386513
-38.0,50,3159.301058
-44.0,50,3163.224616
-44.0,50,3167.156056
-44.0,50,3171.098191
-38.0,50,3175.036037
14.0,50,3178.985534
-38.0,50,3179.167089
-44.0,50,3179.342095
-44.0,50,3179.513183
15.0,50,3179.686941
-44.0,50,3179.858075
16.0,50,3180.030405
-44.0,50,3180.200768
-44.0,50,3180.37057
-44.0,50,3180.546692
-44.0,50,3180.731144
-12.0,50,3184.672689
5.0,50,3188.585274
-44.0,50,3192.513772
0.0,50,3196.424721
20.0,50,3200.352016
-38.0,50,3204.266495
-44.0,50,3208.185287
-44.0,50,3212.114173
-44.0,50,3216.054546
-38.0,50,3219.986566
-44.0,50,3223.936195
-38.0,50,3227.872383
-44.0,50,3231.828389
-44.0,50,3235.779035
-44.0,50,3239.733602
-44.0,50,3243.668948
-44.0,50,3247.616586
-38.0,50,3251.566318
-44.0,50,3255.523503
-38.0,50,3259.484185
-44.0,50,3259.666009
-44.0,50,3259.844535
-44.0,50,3260.021282
-44.0,50,3260.199523
-44.0,50,3260.378521
-44.0,50,3260.557056
-44.0,50,3260.733818
-44.0,50,3260.905059
-44.0,50,3261.084594
-44.0,50,3261.264543
-13.0,50,3265.231792
-44.0,50,3269.205544
3.0,50,3273.180545
-44.0,50,3277.138972
-44.0,50,3281.121218
-44.0,50,3285.112604
-44.0,50,3289.085606
-44.0,50,3293.054549
-44.0,50,3297.032528
-44.0,50,3301.014072
14.0,50,3304.996865
-44.0,50,3308.985891
-44.0,50,3312.974998
-44.0,50,3316.969732
-44.0,50,3320.971907
-44.0,50,3324.974412
-44.0,50,3328.974223
-44.0,50,3332.976873
-44.0,50,3336.987387
-44.0,50,3340.994063
-44.0,50,3341.168103
-44.0,50,3341.348882
-44.0,50,3341.535899
-44.0,50,3341.711312
-44.0,50,3341.888691
-44.0,50,3342.069678
-38.0,50,3342.246866
14.0,50,3342.424705
-44.0,50,3342.598033
-38.0,50,3342.779822
-44.0,50,3346.806993
-44.0,50,3350.839344
-44.0,50,3354.865018
16.0,50,3358.884459
-44.0,50,3362.902161
-38.0,50,3366.915426
8.0,50,3370.938237
-44.0,50,3374.96786
-44.0,50,3378.987895
-38.0,50,3383.004712
-44.0,50,3387.032346
-11.0,50,3391.063169
-38.0,50,3395.084197
-38.0,50,3399.128207
-38.0,50,3403.172313
-6.0,50,3407.207397
-44.0,50,3411.251925
-38.0,50,3415.296773
-17.0,50,3419.349864
-44.0,50,3423.395156
-44.0,50,3423.572992
-44.0,50,3423.748239
-44.0,50,3423.930769
-44.0,50,3424.11119
-44.0,50,3424.290005
-44.0,50,3424.464731
-44.0,50,3424.645131
-44.0,50,3424.827316
-44.0,50,3425.005997
-38.0,50,3425.189283
-38.0,50,3429.259634
-3.0,50,3433.337805
-38.0,50,3437.427047
-38.0,50,3441.526078
-38.0,50,3445.601063
-44.0,50,3449.67321
-44.0,50,3453.75318
5.0,50,3457.838248
25.0,50,3461.948911
-44.0,50,3466.035251
-38.0,50,3470.121897
-38.0,50,3474.207043
-13.0,50,3478.299299
-38.0,50,3482.4144
-44.0,50,3486.516695
-44.0,50,3490.607285
14.0,50,3494.720119
-44.0,50,3498.828045
-16.0,50,3502.93852
-11.0,50,3507.05562
25.0,50,3507.243851
-44.0,50,3507.425264
-44.0,50,3507.601949
-44.0,50,3507.783116
-44.0,50,3507.959485
-44.0,50,3508.132052
14.0,50,3508.315092
-44.0,50,3508.48862
-44.0,50,3508.662201
-38.0,50,3508.83425
-38.0,50,3512.918649
-38.0,50,3517.006155
-44.0,50,3521.101631
-38.0,50,3525.208554
-38.0,50,3529.299175
-15.0,50,3533.39839
-44.0,50,3537.494439
-14.0,50,3541.586557
-44.0,50,3545.685067
-13.0,50,3549.778073
-44.0,50,3553.886625
-44.0,50,3557.994915
-8.0,50,3562.116554
-44.0,50,3566.234763
-38.0,50,3570.348295
-44.0,50,3574.458706
-38.0,50,3578.574822
-44.0,50,3582.720025
-44.0,50,3586.85084
18.0,50,3591.012893
-44.0,50,3591.183362
-38.0,50,3591.347969
-38.0,50,3591.521804
-44.0,50,3591.695459
-38.0,50,3591.871102
-38.0,50,3592.046211
-38.0,50,3592.215309
-38.0,50,3592.39772
-38.0,50,3592.579659
-11.0,50,3592.753109
-38.0,50,3596.93946
-38.0,50,3601.103968
-38.0,50,3605.283114
-38.0,50,3609.484436
-17.0,50,3613.656446
-44.0,50,3617.834143
-44.0,50,3622.005053
-38.0,50,3626.183598
-44.0,50,3630.382184
-38.0,50,3634.558249
-5.0,50,3638.753335
-44.0,50,3642.959866
-38.0,50,3647.154047
6.0,50,3651.348454
-38.0,50,3655.550266
-38.0,50,3659.758515
-38.0,50,3663.951272
-38.0,50,3668.156272
-44.0,50,3672.364196
-44.0,50,3676.585851
-44.0,50,3676.765566
-44.0,50,3676.943091
-44.0,50,3677.12171
-44.0,50,3677.299728
-44.0,50,3677.480595
-44.0,50,3677.662684
-44.0,50,3677.836712
-44.0,50,3678.014261
-44.0,50,3678.21134
-44.0,50,3678.388124
-38.0,50,3682.75901
-44.0,50,3687.005283
-44.0,50,3691.217337
-44.0,50,3695.419999
-44.0,50,3699.617526
-38.0,50,3703.831684
-44.0,50,3708.044029
-44.0,50,3712.271184
-44.0,50,3716.501187
-44.0,50,3720.720786
-44.0,50,3724.936385
-38.0,50,3729.172204
0.0,50,3733.396072
-38.0,50,3737.626795
-44.0,50,3741.853072
-38.0,50,3746.084743
-44.0,50,3750.318006
-44.0,50,3754.561828
-38.0,50,3758.79729
-44.0,50,3763.047477
-44.0,50,3763.230661
-44.0,50,3763.413381
-44.0,50,3763.601739
-44.0,50,3763.791562
-44.0,50,3763.977177
-44.0,50,3764.15751
-44.0,50,3764.344044
-44.0,50,3764.526592
-44.0,50,3764.704188
-9.0,50,3764.880052
-38.0,50,3769.140206
13.0,50,3773.385755
-38.0,50,3777.637724
-38.0,50,3781.873078
-38.0,50,3786.129726
-44.0,50,3790.374259
-44.0,50,3794.624351
-44.0,50,3798.878271
12.0,50,3803.147929
-38.0,50,3807.419098
-38.0,50,3811.662733
-44.0,50,3815.914787
-38.0,50,3820.168303
-44.0,50,3824.449678
-5.0,50,3828.720113
-44.0,50,3832.980321
-16.0,50,3837.241172
-44.0,50,3841.513216
-44.0,50,3845.782025
-44.0,50,3850.065493
-44.0,50,3850.238112
-44.0,50,3850.413161
-44.0,50,3850.588851
-44.0,50,3850.762113
-38.0,50,3850.931044
-44.0,50,3851.106076
-44.0,50,3851.276507
-44.0,50,3851.451912
-44.0,50,3851.625057
-44.0,50,3851.800617
-16.0,50,3856.065601
-10.0,50,3860.347895
1.0,50,3864.624174
-44.0,50,3868.916297
-44.0,50,3873.202327
-44.0,50,3877.48941
-15.0,50,3881.777178
-44.0,50,3886.070064
-38.0,50,3890.359237
-7.0,50,3894.646711
-38.0,50,3898.920653
-44.0,50,3903.207918
-38.0,50,3907.49711
-44.0,50,3911.808084
-38.0,50,3916.11662
-44.0,50,3920.465342
22.0,50,3924.77038
-44.0,50,3929.085052
-38.0,50,3933.398105
-44.0,50,3937.710153
-44.0,50,3937.890905
-38.0,50,3938.07005
-44.0,50,3938.251328
-44.0,50,3938.426181
-44.0,50,3938.612545
-44.0,50,3938.789188
-44.0,50,3938.962291
-44.0,50,3939.13881
-44.0,50,3939.313112
-44.0,50,3939.492614
-4.0,50,3943.812537
-44.0,50,3948.127778
-38.0,50,3952.450753
-38.0,50,3956.769085
16.0,50,3961.08948
-9.0,50,3965.410784
-38.0,50,3969.739369
-44.0,50,3974.075632
-44.0,50,3978.408398
-17.0,50,3982.744857
-44.0,50,3987.072871
-38.0,50,3991.417388
-44.0,50,3995.75615
-6.0,50,4000.099108
-44.0,50,4004.455172
-38.0,50,4008.818216
-38.0,50,4013.168144
-44.0,50,4017.534477
-44.0,50,4021.891912
-44.0,50,4026.255725
-44.0,50,4026.432908
-44.0,50,4026.618025
-44.0,50,4026.793359
-44.0,50,4026.965078
-44.0,50,4027.148096
-44.0,50,4027.325222
-44.0,50,4027.498531
-44.0,50,4027.675505
-44.0,50,4027.849568
-44.0,50,4028.027323
5.0,50,4032.405588
-44.0,50,4036.773696
-44.0,50,4041.299515
-38.0,50,4045.672969
-12.0,50,4050.053383
-44.0,50,4054.423306
-38.0,50,4058.800706
-44.0,50,4063.189001
-38.0,50,4067.568793
-44.0,50,4071.964756
-38.0,50,4076.342462
-38.0,50,4080.726604
-38.0,50,4085.107821
-44.0,50,4089.508409
-44.0,50,4093.905102
-44.0,50,4098.299494
-44.0,50,4102.693361
-44.0,50,4107.093442
-38.0,50,4111.496617
-44.0,50,4115.915093
-44.0,50,4116.093204
-44.0,50,4116.271297
-44.0,50,4116.442959
-44.0,50,4116.615994
-44.0,50,4116.797228
-44.0,50,4116.973607
-44.0,50,4117.147585
-44.0,50,4117.323853
-44.0,50,4117.504952
-44.0,50,4117.680083
-38.0,50,4122.114078
-12.0,50,4126.525238
-44.0,50,4130.962356
19.0,50,4135.380615
-38.0,50,4139.810587
-38.0,50,4144.23543
-44.0,50,4148.656705
5.0,50,4153.089029
-4.0,50,4157.525948
-13.0,50,4161.967322
-38.0,50,4166.403471
-38.0,50,4170.840315
-38.0,50,4175.263951
-44.0,50,4179.712227
-38.0,50,4184.158164
-13.0,50,4188.594191
-38.0,50,4193.028997
-44.0,50,4197.477135
-44.0,50,4201.926768
-44.0,50,4206.38648
22.0,50,4206.57104
-44.0,50,4206.74595
-44.0,50,4206.914297
-44.0,50,4207.088801
-44.0,50,4207.2686
-44.0,50,4207.447609
-44.0,50,4207.625989
-44.0,50,4207.805214
-44.0,50,4207.980804
-38.0,50,4208.155688
-44.0,50,4212.636679
12.0,50,4217.094784
-44.0,50,4221.564823
-38.0,50,4226.029954
-38.0,50,4230.49672
15.0,50,4234.972313
-44.0,50,4239.441788
-44.0,50,4243.916711
13.0,50,4248.385132
-38.0,50,4252.862381
-38.0,50,4257.491482
20.0,50,4261.965742
-38.0,50,4266.442394
-38.0,50,4270.92276
-44.0,50,4275.40891
11.0,50,4279.975324
-44.0,50,4284.461806
-44.0,50,4288.956584
-10.0,50,4293.452544
-44.0,50,4297.939313
-44.0,50,4298.113059
-44.0,50,4298.281137
-44.0,50,4298.464119
-44.0,50,4298.638033
-44.0,50,4298.810694
-44.0,50,4298.993216
-44.0,50,4299.168852
-44.0,50,4299.346433
-44.0,50,4299.520991
-44.0,50,4299.701396
-38.0,50,4304.237882
-38.0,50,4308.791014
-38.0,50,4313.324581
27.0,50,4317.852018
-38.0,50,4322.373511
-44.0,50,4326.912077
-44.0,50,4331.454481
-44.0,50,4335.995137
-44.0,50,4340.537122
-38.0,50,4345.096984
-44.0,50,4349.63168
-44.0,50,4354.177006
23.0,50,4358.734797
14.0,50,4363.298872
-38.0,50,4367.868948
-44.0,50,4372.426381
-44.0,50,4376.985049
-15.0,50,4381.553953
-16.0,50,4386.114333
-44.0,50,4390.675436
-44.0,50,4390.849649
-44.0,50,4391.02647
-44.0,50,4391.197168
-44.0,50,4391.378522
-44.0,50,4391.545023
-44.0,50,4391.72021
-44.0,50,4391.897501
-44.0,50,4392.065032
-44.0,50,4392.242519
-38.0,50,4392.427603
-44.0,50,4397.01505
-10.0,50,4401.609706
-14.0,50,4406.18856
-38.0,50,4410.760545
-4.0,50,4415.348549
-38.0,50,4419.92759
-38.0,50,4424.512703
-15.0,50,4429.103201
-38.0,50,4433.701965
-44.0,50,4438.282182
7.0,50,4442.862106
-44.0,50,4447.464428
13.0,50,4452.052972
-15.0,50,4456.667863
-44.0,50,4461.28096
-44.0,50,4465.875594
-44.0,50,4470.48441
-2.0,50,4475.095365
-38.0,50,4479.709159
-44.0,50,4484.33193
-44.0,50,4484.503858
-44.0,50,4484.680784
-44.0,50,4484.857824
-44.0,50,4485.039788
-44.0,50,4485.213151
-44.0,50,4485.38541
-44.0,50,4485.557883
-44.0,50,4485.7352
-44.0,50,4485.916866
-44.0,50,4486.093158
-44.0,50,4490.717232
-44.0,50,4495.34543
-44.0,50,4499.978856
-38.0,50,4504.594346
-44.0,50,4509.221394
-38.0,50,4513.8461
-44.0,50,4518.477151
11.0,50,4523.124632
0.0,50,4527.75703
-38.0,50,4532.398412
-38.0,50,4537.040589
-12.0,50,4541.689433
-44.0,50,4546.328555
4.0,50,4550.977713
-44.0,50,4555.644104
-7.0,50,4560.286719
3.0,50,4564.933687
-38.0,50,4569.590464
-44.0,50,4574.254192
-44.0,50,4578.913514
-44.0,50,4579.093556
-44.0,50,4579.266018
-44.0,50,4579.441075
-44.0,50,4579.61306
-44.0,50,4579.788438
-44.0,50,4579.961559
-44.0,50,4580.134206
-44.0,50,4580.322004
-44.0,50,4580.497914
-44.0,50,4580.673926
-44.0,50,4585.365071
-44.0,50,4590.051048
-44.0,50,4594.718517
0.0,50,4599.391717
13.0,50,4604.067998
12.0,50,4608.751028
-44.0,50,4613.438973
-44.0,50,4618.12769
-38.0,50,4622.823156
26.0,50,4627.511413
-6.0,50,4632.199539
-38.0,50,4636.899923
-38.0,50,4641.744772
-2.0,50,4646.446178
12.0,50,4651.142955
-13.0,50,4655.852392
-44.0,50,4660.55319
-44.0,50,4665.26541
-38.0,50,4669.967978
-44.0,50,4674.703553
-44.0,50,4674.885475
-44.0,50,4675.058848
-44.0,50,4675.236898
-44.0,50,4675.418956
-44.0,50,4675.596554
-44.0,50,4675.76997
-44.0,50,4675.946973
-44.0,50,4676.127943
-44.0,50,4676.307752
-44.0,50,4676.49464
-44.0,50,4681.265938
-44.0,50,4686.025469
-38.0,50,4690.747935
-38.0,50,4695.484412
-44.0,50,4700.232739
-44.0,50,4704.965143
22.0,50,4709.711596
-10.0,50,4714.445926
-44.0,50,4719.153081
-44.0,50,4723.866663
-15.0,50,4728.582209
-38.0,50,4733.288687
-44.0,50,4738.005544
-3.0,50,4742.719048
-44.0,50,4747.429441
0.0,50,4752.148543
-44.0,50,4756.869452
-38.0,50,4761.617644
-38.0,50,4766.338312
-44.0,50,4771.078779
-44.0,50,4771.259051
-44.0,50,4771.448081
-44.0,50,4771.623926
-38.0,50,4771.814007
-44.0,50,4771.988204
-44.0,50,4772.17333
-15.0,50,4772.357545
-44.0,50,4772.519456
-7.0,50,4772.704108
-38.0,50,4772.893403
-44.0,50,4777.635762
-44.0,50,4782.369542
-44.0,50,4787.108836
-44.0,50,4791.842649
-44.0,50,4796.578035
-44.0,50,4801.302713
-44.0,50,4806.033653
8.0,50,4810.764929
-38.0,50,4815.503539
-38.0,50,4820.241348
-38.0,50,4824.97813
-44.0,50,4829.737553
-38.0,50,4834.502942
-44.0,50,4839.271929
-38.0,50,4844.032678
-44.0,50,4848.797007
-10.0,50,4853.555173
-38.0,50,4858.316903
0.0,50,4863.080922
-44.0,50,4867.847006
-44.0,50,4868.031884
-44.0,50,4868.207093
-44.0,50,4868.383036
-44.0,50,4868.563441
-44.0,50,4868.740869
-44.0,50,4868.918456
-44.0,50,4869.102859
-44.0,50,4869.286986
-44.0,50,4869.465225
-38.0,50,4869.64553
-38.0,50,4874.446535
-38.0,50,4879.245164
-38.0,50,4884.03258
-38.0,50,4888.812598
-17.0,50,4893.598598
-38.0,50,4898.393668
-44.0,50,4903.185553
-38.0,50,4907.977469
-44.0,50,4912.760389
-44.0,50,4917.552977
-44.0,50,4922.366322
15.0,50,4927.189033
-44.0,50,4932.036548
-44.0,50,4936.880109
-44.0,50,4941.7291
-44.0,50,4946.561682
-14.0,50,4951.404443
-44.0,50,4956.250848
-44.0,50,4961.115159
-44.0,50,4965.982252
-44.0,50,4966.167002
-44.0,50,4966.349386
-44.0,50,4966.535589
-44.0,50,4966.717303
-44.0,50,4966.89756
-44.0,50,4967.081742
-44.0,50,4967.263107
-44.0,50,4967.440404
-44.0,50,4967.621529
-44.0,50,4967.799012
-44.0,50,4972.673884
-44.0,50,4977.548402
-38.0,50,4982.411351
-44.0,50,4987.274695
-44.0,50,4992.149194
-44.0,50,4997.0209
-44.0,50,5001.902793
-38.0,50,5006.773561
-44.0,50,5011.644018
-15.0,50,5016.520827
17.0,50,5021.400261
-44.0,50,5026.282999
5.0,50,5031.154631
-38.0,50,5036.047856
-14.0,50,5040.938664
-44.0,50,5045.822931
-44.0,50,5050.702996
-38.0,50,5055.597357
27.0,50,5060.485049
-44.0,50,5065.406141
-44.0,50,5065.584577
-44.0,50,5065.761545
-44.0,50,5065.941902
-44.0,50,5066.120675
-44.0,50,5066.298609
-44.0,50,5066.477796
-44.0,50,5066.657233
-44.0,50,5066.835198
-44.0,50,5067.014631
-44.0,50,5067.191957
-44.0,50,5072.103182
-44.0,50,5077.014788
-44.0,50,5081.924612
-44.0,50,5086.84266
-44.0,50,5091.754524
-38.0,50,5096.686943
14.0,50,5101.599187
17.0,50,5106.512915
-10.0,50,5111.434184
-3.0,50,5116.370229
-44.0,50,5121.30717
-38.0,50,5126.249862
-38.0,50,5131.185673
-44.0,50,5136.141069
-44.0,50,5141.082228
17.0,50,5146.0348
-44.0,50,5150.981097
13.0,50,5155.921611
5.0,50,5160.869025
-44.0,50,5165.825491
-44.0,50,5166.006258
-44.0,50,5166.18042
-44.0,50,5166.360763
-44.0,50,5166.52797
-44.0,50,5166.706327
-44.0,50,5166.891902
-44.0,50,5167.072838
-44.0,50,5167.258531
-44.0,50,5167.443351
-44.0,50,5167.623643
-38.0,50,5172.552627
11.0,50,5177.488799
-9.0,50,5182.421623
-38.0,50,5187.354557
-38.0,50,5192.286617
-44.0,50,5197.225415
-1.0,50,5202.168718
-44.0,50,5207.119095
-44.0,50,5212.06678
-44.0,50,5217.015692
-44.0,50,5221.961957
-38.0,50,5226.917306
-44.0,50,5231.879903
-44.0,50,5236.845425
-38.0,50,5241.962278
-38.0,50,5246.919857
-38.0,50,5251.886216
-38.0,50,5256.857728
12.0,50,5261.832584
-44.0,50,5266.809805
-44.0,50,5266.986338
-44.0,50,5267.157072
-44.0,50,5267.329853
-44.0,50,5267.511623
-44.0,50,5267.681476
-44.0,50,5267.853734
-44.0,50,5268.03498
-44.0,50,5268.216512
-44.0,50,5268.403028
-44.0,50,5268.582147
-44.0,50,5273.575884
-44.0,50,5278.578607
-38.0,50,5283.572952
-38.0,50,5288.546595
-44.0,50,5293.530343
-38.0,50,5298.526402
-4.0,50,5303.518013
-12.0,50,5308.525695
-38.0,50,5313.52195
-44.0,50,5318.51532
-44.0,50,5323.524977
-44.0,50,5328.541301
-44.0,50,5333.562929
13.0,50,5338.579194
19.0,50,5343.596613
-44.0,50,5348.602738
-44.0,50,5353.609109
-38.0,50,5358.639236
-44.0,50,5363.674987
-38.0,50,5368.689983
-44.0,50,5368.864703
-44.0,50,5369.047668
-44.0,50,5369.228781
-44.0,50,5369.401974
-44.0,50,5369.587194
-44.0,50,5369.760407
-44.0,50,5369.942754
-44.0,50,5370.121406
-44.0,50,5370.30533
-44.0,50,5370.479698
6.0,50,5375.557599
-38.0,50,5380.626243
-44.0,50,5385.698719
-44.0,50,5390.765372
-7.0,50,5395.831642
-38.0,50,5400.899873
-44.0,50,5405.951345
-38.0,50,5411.008391
-44.0,50,5416.077674
-44.0,50,5421.123179
-38.0,50,5426.152516
5.0,50,5431.191227
-38.0,50,5436.240412
-44.0,50,5441.29369
-38.0,50,5446.349252
-38.0,50,5451.397325
-44.0,50,5456.464111
-1.0,50,5461.519798
-5.0,50,5466.585638
-44.0,50,5471.653097
-44.0,50,5471.835658
-44.0,50,5472.013233
-44.0,50,5472.190148
-44.0,50,5472.365417
-44.0,50,5472.547818
-44.0,50,5472.722953
-44.0,50,5472.896508
-44.0,50,5473.075663
-44.0,50,5473.254749
-44.0,50,5473.432907
-44.0,50,5478.511389
-7.0,50,5483.59494
-38.0,50,5488.684679
-44.0,50,5493.765007
-44.0,50,5498.840429
-38.0,50,5503.946061
-44.0,50,5509.02397
-44.0,50,5514.108959
-44.0,50,5519.197338
-38.0,50,5524.277401
-38.0,50,5529.373371
-44.0,50,5534.481243
-44.0,50,5539.596718
-38.0,50,5544.696151
-44.0,50,5549.813199
-44.0,50,5554.917861
-15.0,50,5560.030212
23.0,50,5565.143694
-38.0,50,5570.270856
-44.0,50,5575.388066
-44.0,50,5575.562325
-44.0,50,5575.740141
-44.0,50,5575.911394
-44.0,50,5576.093365
-44.0,50,5576.269471
-44.0,50,5576.443736
-44.0,50,5576.624067
-44.0,50,5576.803533
-44.0,50,5576.97993
-38.0,50,5577.155785
-44.0,50,5582.287929
-38.0,50,5587.41143
13.0,50,5592.53111
3.0,50,5597.662969
-44.0,50,5602.819664
0.0,50,5607.950814
-14.0,50,5613.08352
-44.0,50,5618.22335
-44.0,50,5623.3767
-8.0,50,5628.527767
-44.0,50,5633.679966
-44.0,50,5638.831842
-44.0,50,5643.994657
-44.0,50,5649.164689
-44.0,50,5654.313973
-5.0,50,5659.474989
-44.0,50,5664.63805
-44.0,50,5669.805257
1.0,50,5674.980855
-44.0,50,5680.150216
-44.0,50,5680.331145
-44.0,50,5680.511422
-44.0,50,5680.69328
-44.0,50,5680.873978
-44.0,50,5681.051932
-44.0,50,5681.232015
-44.0,50,5681.416771
-44.0,50,5681.599669
-44.0,50,5681.782141
-44.0,50,5681.963698
1.0,50,5687.193169
-44.0,50,5692.428199
1.0,50,5697.614195
-16.0,50,5702.784126
-38.0,50,5707.967169
8.0,50,5713.142921
-44.0,50,5718.322685
-38.0,50,5723.525628
-44.0,50,5728.718373
7.0,50,5733.904114
-3.0,50,5739.095553
-44.0,50,5744.33639
-16.0,50,5749.538447
-38.0,50,5754.751109
-38.0,50,5759.950284
-38.0,50,5765.166956
11.0,50,5770.385049
-17.0,50,5775.606117
-38.0,50,5780.821974
-44.0,50,5786.052208
13.0,50,5786.232865
-44.0,50,5786.404415
-44.0,50,5786.579394
-44.0,50,5786.755647
-44.0,50,5786.933131
-44.0,50,5787.10467
-44.0,50,5787.276795
-44.0,50,5787.456861
-44.0,50,5787.636285
-12.0,50,5787.815012
-2.0,50,5793.074295
-44.0,50,5798.355548
-44.0,50,5803.592619
-44.0,50,5808.82561
-44.0,50,5814.062527
-44.0,50,5819.302123
-38.0,50,5824.531787
-44.0,50,5829.77549
3.0,50,5835.009782
-14.0,50,5840.268797
-38.0,50,5845.506091
-15.0,50,5850.758363
-38.0,50,5855.980908
-44.0,50,5861.226572
-44.0,50,5866.479462
-44.0,50,5871.729724
-38.0,50,5876.970041
-13.0,50,5882.228244
-44.0,50,5887.479374
-44.0,50,5892.783637
-44.0,50,5892.972299
-44.0,50,5893.145293
-44.0,50,5893.317653
-44.0,50,5893.493586
-44.0,50,5893.676699
-44.0,50,5893.851715
-44.0,50,5894.032092
-44.0,50,5894.212558
24.0,50,5894.382962
-13.0,50,5894.549229
-44.0,50,5899.818437
-14.0,50,5905.089413
-44.0,50,5910.369265
-44.0,50,5915.664306
22.0,50,5920.948679
3.0,50,5926.225495
-44.0,50,5931.503202
-44.0,50,5936.795709
-44.0,50,5942.08317
-44.0,50,5947.354703
-44.0,50,5952.644228
-44.0,50,5957.93795
-44.0,50,5963.275129
10.0,50,5968.586566
-38.0,50,5973.902866
-38.0,50,5979.208919
-44.0,50,5984.532638
-44.0,50,5989.848821
3.0,50,5995.154073
-44.0,50,6000.482999
-44.0,50,6000.661579
-44.0,50,6000.83789
-44.0,50,6001.011884
-44.0,50,6001.188333
-44.0,50,6001.362342
-44.0,50,6001.545307
-44.0,50,6001.724016
-44.0,50,6001.900837
-44.0,50,6002.077859
-44.0,50,6002.255774
-44.0,50,6007.572927
-38.0,50,6012.899227
8.0,50,6018.233317
-38.0,50,6023.555682
-44.0,50,6028.8725
13.0,50,6034.173409
0.0,50,6039.501681
-38.0,50,6044.854589
-14.0,50,6050.191716
-12.0,50,6055.525515
1.0,50,6060.861364
-38.0,50,6066.192525
-38.0,50,6071.533952
11.0,50,6076.881286
17.0,50,6082.346163
9.0,50,6087.680626
3.0,50,6093.021911
-5.0,50,6098.381557
-44.0,50,6103.753519
12.0,50,6109.128757
-44.0,50,6109.306751
-44.0,50,6109.48916
-44.0,50,6109.663113
-44.0,50,6109.83398
-44.0,50,6110.0119
-44.0,50,6110.186328
-5.0,50,6110.377146
-44.0,50,6110.545782
-44.0,50,6110.723476
-38.0,50,6110.896041
-44.0,50,6116.261832
-38.0,50,6121.624136
-38.0,50,6126.996957
-38.0,50,6132.383671
-3.0,50,6137.766596
19.0,50,6143.127009
-44.0,50,6148.501225
-1.0,50,6153.886728
-38.0,50,6159.266431
3.0,50,6164.661856
-44.0,50,6170.049104
-9.0,50,6175.432564
21.0,50,6180.827762
16.0,50,6186.240522
-15.0,50,6191.63475
-17.0,50,6197.032835
-15.0,50,6202.471303
5.0,50,6207.871676
-38.0,50,6213.279666
-44.0,50,6218.696486
-44.0,50,6218.866201
-44.0,50,6219.038422
-44.0,50,6219.211867
16.0,50,6219.390434
-44.0,50,6219.553044
-44.0,50,6219.726966
-44.0,50,6219.907157
19.0,50,6220.086843
21.0,50,6220.261532
-6.0,50,6220.441678
-44.0,50,6225.923413
-38.0,50,6231.383181
-11.0,50,6236.841665
3.0,50,6242.316377
-44.0,50,6247.797383
-44.0,50,6253.278369
12.0,50,6258.753943
-13.0,50,6264.235115
-14.0,50,6269.726212
-38.0,50,6275.214866
-16.0,50,6280.716353
-44.0,50,6286.235669
-38.0,50,6291.759567
-44.0,50,6297.253684
-44.0,50,6302.760365
-38.0,50,6308.404463
9.0,50,6313.934795
-44.0,50,6319.52465
-44.0,50,6325.10802
-44.0,50,6330.620433
-44.0,50,6330.799057
-44.0,50,6330.973431
-44.0,50,6331.161418
23.0,50,6331.349812
14.0,50,6331.533127
-44.0,50,6331.71498
-44.0,50,6331.914754
19.0,50,6332.10277
-44.0,50,6332.279738
-15.0,50,6332.4539
5.0,50,6337.924135
-38.0,50,6343.394721
-44.0,50,6348.862754
-38.0,50,6354.336701
-44.0,50,6359.809646
-44.0,50,6365.277294
-44.0,50,6370.731722
-15.0,50,6376.197768
-44.0,50,6381.674013
-9.0,50,6387.168882
-44.0,50,6392.64185
-44.0,50,6398.138119
3.0,50,6403.625997
-44.0,50,6409.131376
-44.0,50,6414.62976
-44.0,50,6420.11755
-44.0,50,6425.618688
-44.0,50,6431.127776
8.0,50,6436.629555
-44.0,50,6442.142281
21.0,50,6442.318517
-44.0,50,6442.489432
19.0,50,6442.672316
18.0,50,6442.847743
-44.0,50,6443.024725
-44.0,50,6443.205471
22.0,50,6443.378734
-44.0,50,6443.557059
-44.0,50,6443.734333
-38.0,50,6443.91575
-38.0,50,6449.447434
-4.0,50,6454.958518
-44.0,50,6460.466392
3.0,50,6465.970423
-13.0,50,6471.490465
-44.0,50,6477.007181
11.0,50,6482.534885
-44.0,50,6488.068125
-44.0,50,6493.586399
-38.0,50,6499.118459
2.0,50,6504.642285
-14.0,50,6510.180852
-38.0,50,6515.708658
-44.0,50,6521.261016
-44.0,50,6526.829352
-44.0,50,6532.36728
-38.0,50,6537.910822
-44.0,50,6543.454671
-38.0,50,6549.000834
-44.0,50,6554.559592
-44.0,50,6554.737618
-44.0,50,6554.911551
-44.0,50,6555.089474
-44.0,50,6555.265621
-44.0,50,6555.447627
-44.0,50,6555.628115
-44.0,50,6555.801496
-44.0,50,6555.979582
-44.0,50,6556.163896
-44.0,50,6556.340384
-44.0,50,6561.954393
-38.0,50,6567.509829
4.0,50,6573.064478
-38.0,50,6578.621839
17.0,50,6584.200133
-2.0,50,6589.770008
-44.0,50,6595.342626
-17.0,50,6600.92073
-44.0,50,6606.493628
-44.0,50,6612.071215
-38.0,50,6617.650437
-44.0,50,6623.226144
-16.0,50,6628.799901
-44.0,50,6634.402887
-4.0,50,6639.989372
-38.0,50,6645.571625
15.0,50,6651.159064
13.0,50,6656.746315
-38.0,50,6662.34324
4.0,50,6667.929929
-44.0,50,6668.109278
-44.0,50,6668.278246
-44.0,50,6668.468832
-44.0,50,6668.638206
-44.0,50,6668.809539
-44.0,50,6668.982257
-44.0,50,6669.161638
-44.0,50,6669.335185
-44.0,50,6669.505649
-44.0,50,6669.675356
-6.0,50,6675.292503
-4.0,50,6680.936594
-2.0,50,6686.532935
-38.0,50,6692.140712
-44.0,50,6697.750414
-44.0,50,6703.351123
-7.0,50,6708.957691
-44.0,50,6714.561414
-44.0,50,6720.187576
-44.0,50,6725.808747
-38.0,50,6731.433545
-38.0,50,6737.046848
6.0,50,6742.676804
-10.0,50,6748.300364
-44.0,50,6753.928698
-38.0,50,6759.562388
-44.0,50,6765.198079
-44.0,50,6770.837265
-44.0,50,6776.481284
-44.0,50,6782.136547
-44.0,50,6782.317368
-44.0,50,6782.497692
-44.0,50,6782.677708
-44.0,50,6782.858927
-44.0,50,6783.045914
-44.0,50,6783.225618
-44.0,50,6783.40313
-44.0,50,6783.576497
-44.0,50,6783.753396
-44.0,50,6783.933496
-44.0,50,6789.596898
-38.0,50,6795.247068
-38.0,50,6800.92994
-44.0,50,6806.600923
-44.0,50,6812.254312
-44.0,50,6817.905314
-44.0,50,6823.581348
-44.0,50,6829.249177
-15.0,50,6834.913325
-44.0,50,6840.582037
-38.0,50,6846.251035
19.0,50,6851.91731
9.0,50,6857.613621
-38.0,50,6863.30272
-44.0,50,6868.977813
-16.0,50,6874.652155
-44.0,50,6880.331215
-38.0,50,6886.026347
-10.0,50,6891.712525
10.0,50,6897.450365
-44.0,50,6897.631662
-44.0,50,6897.807391
-44.0,50,6897.984127
-44.0,50,6898.159533
-44.0,50,6898.336977
-44.0,50,6898.513047
-44.0,50,6898.687514
-44.0,50,6898.861027
-44.0,50,6899.032975
-38.0,50,6899.208227
-44.0,50,6904.906489
-44.0,50,6910.624674
5.0,50,6916.32403
-38.0,50,6922.199638
-44.0,50,6927.900581
-38.0,50,6933.607111
-44.0,50,6939.306791
-17.0,50,6945.026349
15.0,50,6950.759449
-38.0,50,6956.467245
6.0,50,6962.186105
-44.0,50,6967.9131
-44.0,50,6973.627268
-38.0,50,6979.367116
-44.0,50,6985.08987
-44.0,50,6990.805351
-5.0,50,6996.542294
-38.0,50,7002.274924
-44.0,50,7008.005187
-44.0,50,7013.757317
-44.0,50,7013.93417
-44.0,50,7014.117069
-44.0,50,7014.29598
-44.0,50,7014.470696
-44.0,50,7014.64644
4.0,50,7014.818597
-44.0,50,7014.995925
-44.0,50,7015.178746
-44.0,50,7015.355087
