# {"t_start": 1586412598.3971376, "env_id": "FetchPickAndPlace-v1"} 
r,l,t
-11.000796,50,2.150924
-24.635472,50,3.078919
-19.961938,50,3.912974
-10.744418,50,4.739281
-15.352538,50,5.560671
-10.421505,50,6.384091
-25.659032,50,7.213403
-1.650171,50,8.047147
-9.410543,50,8.874324
-14.531959,50,9.657037
-9.556512,50,10.439446
-16.536107,50,11.235058
-18.77345,50,12.061321
-22.032371,50,12.891299
-7.634601,50,13.721178
-8.784839,50,14.556089
-5.643175,50,15.384501
-8.767301,50,16.212585
-14.707066,50,17.05413
-14.080795,50,17.887296
-9.827975,50,18.714294
-13.839452,50,19.540364
-5.361652,50,20.366677
-7.841144,50,21.190845
-10.571363,50,22.020506
-14.04837,50,22.872789
-12.798798,50,23.692016
-15.899095,50,24.511043
-8.690822,50,25.33142
-23.695991,50,26.159572
-3.976579,50,26.980729
-8.547289,50,27.794682
-13.634137,50,28.618485
-13.939178,50,29.436054
-6.836011,50,30.254918
-11.575882,50,31.085537
-9.189079,50,31.921293
-15.516362,50,32.766253
-8.483449,50,33.613342
-2.068244,50,34.437168
-10.825409,50,35.26296
-8.777924,50,36.091207
-5.382731,50,36.916424
-19.284841,50,37.748054
-17.990154,50,38.583852
-8.32917,50,39.377882
-8.783011,50,40.171004
-19.436836,50,40.976033
-11.029529,50,41.808957
-19.747632,50,42.63506
-13.570076,50,43.484237
-15.939043,50,43.64254
-15.552316,50,43.800135
-4.391361,50,43.95838
-4.405931,50,44.111848
-14.91798,50,44.262815
-5.290477,50,44.412632
-9.150985,50,44.565988
-7.629427,50,44.717766
-12.958658,50,44.875664
-18.019962,50,45.065333
-6.653803,50,45.88476
-13.555347,50,46.728701
-7.449608,50,47.575636
-14.260679,50,48.418446
-18.924583,50,49.252404
-7.271073,50,50.106179
-21.508887,50,50.956835
-7.866378,50,51.800027
-4.650401,50,52.636976
-11.8202,50,53.485618
-19.550817,50,54.320853
-9.635588,50,55.130496
-16.674285,50,56.008458
-6.603148,50,56.834445
-6.807932,50,57.660554
-15.354463,50,58.49531
-3.627968,50,59.327004
-10.662526,50,60.168602
-9.723319,50,61.001888
-10.723816,50,61.854588
-22.743033,50,62.69195
-9.820239,50,63.51687
-9.410611,50,64.340585
-2.167515,50,65.171441
-6.39371,50,66.009053
-3.33808,50,66.848422
-18.750099,50,67.655432
-21.525024,50,68.457198
-15.001161,50,69.258912
-12.300811,50,70.065974
-14.054895,50,70.865535
-14.255652,50,71.709709
-21.855036,50,72.55176
-12.12238,50,73.393676
-14.356568,50,74.230755
-14.247268,50,75.045188
-16.258428,50,75.872932
-18.004762,50,76.702501
-5.374228,50,77.529817
-15.824414,50,78.360142
-24.414029,50,79.186456
-14.198412,50,80.027749
-18.35171,50,80.867182
-4.474211,50,81.696742
-12.685819,50,82.495957
-9.954539,50,83.286211
-1.767248,50,84.077636
-12.588924,50,84.871241
-15.020227,50,85.668157
-10.817641,50,86.501295
-16.446558,50,86.65571
-4.256678,50,86.806763
-6.095605,50,86.964628
-3.043802,50,87.116582
-10.304086,50,87.269655
-12.377102,50,87.426073
-11.769843,50,87.577566
-6.413782,50,87.733801
-10.401003,50,87.887783
-11.03622,50,88.049078
-4.617124,50,88.888435
-20.207768,50,89.733728
-4.648327,50,90.580199
-16.52274,50,91.426512
-20.876264,50,92.273377
-15.861164,50,93.100526
-16.157413,50,93.944328
-7.230406,50,94.785368
-15.012426,50,95.639279
-9.418651,50,96.483902
-9.531951,50,97.313276
-7.529837,50,98.154142
-18.944816,50,98.983834
-8.067367,50,99.815278
-19.917873,50,100.647781
-11.08239,50,101.478555
-2.539863,50,102.3128
-7.157909,50,103.142306
-10.933423,50,103.96661
-11.54921,50,104.792479
-20.549691,50,105.630347
-18.71109,50,106.463197
-17.454965,50,107.301472
-8.396487,50,108.142042
-10.037819,50,108.966656
-10.857128,50,109.800821
-10.452384,50,110.640978
-22.744953,50,111.484684
-23.037521,50,112.319086
-22.756567,50,113.153641
-10.153851,50,113.951014
-13.592728,50,114.744653
-15.346348,50,115.546088
-22.791688,50,116.380721
-14.13503,50,117.225138
-4.566478,50,118.053096
-10.068665,50,118.873719
-3.485922,50,119.701873
-18.638353,50,120.522889
-13.482981,50,121.359282
-13.559015,50,122.157131
-7.091127,50,122.951838
-15.423899,50,123.753247
-26.895053,50,124.59988
-2.15351,50,125.431182
-2.291808,50,126.270413
-20.309754,50,127.120856
-12.997538,50,127.900364
-5.491774,50,128.67814
-3.252274,50,129.46199
-12.073928,50,129.604713
-4.902077,50,129.766127
-3.64847,50,129.922545
-1.899536,50,130.079827
-3.974655,50,130.230817
-18.737427,50,130.388546
-6.57518,50,130.546107
-22.508066,50,130.708739
-12.027017,50,130.859518
-12.866787,50,131.019774
-16.810913,50,131.872288
-8.749025,50,132.709911
-8.131618,50,133.549927
-15.351828,50,134.37444
-11.753764,50,135.202201
-19.554696,50,136.03753
-23.156672,50,136.874809
-6.040249,50,137.729537
-9.754304,50,138.569234
-22.824696,50,139.41044
-20.406977,50,140.249015
-6.443956,50,141.085656
-11.319855,50,141.92658
-9.786681,50,142.763118
-14.319338,50,143.594619
-20.003172,50,144.447423
-17.770421,50,145.302042
-13.169202,50,146.165339
-12.426389,50,147.03553
-10.979461,50,147.892659
-10.267144,50,148.73746
-5.758062,50,149.599166
-17.526553,50,150.452623
-13.261778,50,151.292174
-9.107373,50,152.130481
-7.049991,50,152.959103
-17.555888,50,153.799754
-17.070752,50,154.646347
-21.277082,50,155.497024
-10.788273,50,156.348396
-9.426345,50,157.212714
-10.66334,50,158.051495
-26.313131,50,158.904188
-13.779843,50,159.74625
-18.098479,50,160.589344
-22.625354,50,161.443725
-7.95844,50,162.283936
-10.616444,50,163.117784
-11.9842,50,163.956449
-11.186534,50,164.799867
-14.835154,50,165.636456
-6.687082,50,166.482814
-5.198312,50,167.332567
-11.220226,50,168.182618
-16.606577,50,169.016875
-16.252307,50,169.863384
-12.43662,50,170.731141
-14.724438,50,171.574857
-5.083187,50,172.411912
-4.924026,50,173.257515
-19.526209,50,173.409438
-5.018021,50,173.561641
-14.800803,50,173.717927
-24.344505,50,173.876801
-8.344458,50,174.030614
-10.780536,50,174.179461
-14.592053,50,174.332473
-14.197383,50,174.490939
-5.552487,50,174.643884
-21.438749,50,174.79982
-21.597792,50,175.653819
-7.423436,50,176.527373
-26.372493,50,177.385892
-2.926696,50,178.245901
-4.422474,50,179.113877
-12.732731,50,179.975918
-12.328963,50,180.842504
-5.813855,50,181.705961
-4.51127,50,182.539424
-18.925452,50,183.378947
-6.762838,50,184.207717
-9.447715,50,185.033205
-22.894328,50,185.855143
-13.17991,50,186.675481
-9.714753,50,187.491482
-15.35247,50,188.349953
-21.56363,50,189.199611
-11.414707,50,190.062582
-14.348622,50,190.917614
-9.547959,50,191.774277
-13.769465,50,192.625233
-14.71903,50,193.471125
-15.009806,50,194.327134
-14.39897,50,195.202864
-12.873315,50,196.071173
-4.21607,50,196.943309
-20.163865,50,197.816317
-15.4058,50,198.687612
-2.908509,50,199.563456
-14.838079,50,200.442389
-8.195488,50,201.313201
-16.87165,50,202.186037
-14.927525,50,203.058408
-9.056552,50,203.930446
-2.740021,50,204.822208
-12.44011,50,205.714571
-21.671797,50,206.599672
-4.79451,50,207.487806
-15.864441,50,208.382364
-3.620098,50,209.288125
-22.179998,50,210.187633
-4.775163,50,211.077793
-17.680979,50,211.972715
-25.23692,50,212.881987
-13.012151,50,213.786636
-6.464598,50,214.705492
-7.003301,50,215.614676
-14.330143,50,216.530417
-13.309429,50,217.40942
-17.01489,50,218.315167
-22.210543,50,218.470306
-6.852788,50,218.627288
-13.898692,50,218.794181
-22.666498,50,218.953069
-10.783842,50,219.108622
-24.031293,50,219.266147
-11.65273,50,219.418352
-13.493865,50,219.570504
-12.199768,50,219.726927
-1.995766,50,219.897138
-13.081877,50,220.817373
-23.839756,50,221.725876
-11.896253,50,222.64398
-12.674165,50,223.553548
-14.886234,50,224.467468
-13.053557,50,225.383065
-20.03791,50,226.298962
-14.293605,50,227.218115
-10.122137,50,228.143585
-12.242112,50,229.061073
-7.462498,50,229.956079
-23.974342,50,230.830205
-25.729943,50,231.704232
-8.973698,50,232.571417
-7.093497,50,233.441057
-13.445271,50,234.316205
-13.651269,50,235.18989
-24.343304,50,236.066442
-9.563875,50,236.937773
-11.034964,50,237.81115
-11.168209,50,238.687979
-1.823186,50,239.560553
-7.671592,50,240.431744
-8.743721,50,241.308062
-6.517206,50,242.196132
-9.471335,50,243.077785
-0.780013,50,243.961298
-18.597575,50,244.849025
-18.662853,50,245.729289
-10.275063,50,246.611554
-5.507488,50,247.496568
-13.672953,50,248.387593
-11.421574,50,249.281131
-16.846833,50,250.179312
-26.281637,50,251.064333
-4.598236,50,251.958266
-12.149271,50,252.852788
-10.143914,50,253.7838
-15.104009,50,254.740973
-6.357305,50,255.699191
-3.121087,50,256.59998
-7.408508,50,257.530092
-11.10943,50,258.483244
-11.91457,50,259.432015
-22.067473,50,260.389891
-14.509708,50,261.310866
-2.764611,50,262.233837
-13.247046,50,263.176365
-7.166483,50,264.118076
-6.05496,50,265.062479
-10.838019,50,265.213516
-9.583973,50,265.367309
-21.431096,50,265.51819
-18.13752,50,265.670395
-18.079293,50,265.824928
-9.157594,50,265.9805
-6.687111,50,266.134731
-10.220366,50,266.289921
-10.970719,50,266.441513
-3.378928,50,266.600305
-21.985202,50,267.555869
-5.036234,50,268.519868
-4.645471,50,269.479045
-8.644483,50,270.454383
-6.668182,50,271.404844
-13.741685,50,272.360369
-12.896183,50,273.321942
-20.255461,50,274.29099
-4.267756,50,275.25248
-41.277561,50,276.204107
-11.091062,50,277.150171
-13.142887,50,278.100497
-12.661249,50,279.060387
-9.878631,50,280.024334
-10.058354,50,280.975886
-18.551405,50,281.923018
-8.975649,50,282.878176
-11.615329,50,283.846655
-14.851808,50,284.816625
-20.727104,50,285.788168
-5.762437,50,286.759765
-6.671402,50,287.725132
-1.416907,50,288.69753
-15.475358,50,289.660085
-10.244475,50,290.589128
-8.232459,50,291.508078
-10.871451,50,292.433654
-11.029243,50,293.36667
-21.409594,50,294.322217
-10.502136,50,295.276484
-19.678778,50,296.230427
-3.22444,50,297.189667
-5.335638,50,298.151019
-15.210614,50,299.10482
-19.35285,50,300.072768
-12.018582,50,301.038257
-15.642398,50,302.019982
-20.029489,50,302.976746
-10.623936,50,303.9448
-20.923453,50,304.915414
-11.34562,50,305.881378
-11.61057,50,306.84227
-18.168553,50,307.80256
-7.093637,50,308.756801
-10.921454,50,309.711259
-20.761237,50,310.673294
-14.780153,50,311.630898
-14.203803,50,312.594557
-1.655815,50,313.555877
-16.292327,50,314.512485
-2.035696,50,314.664882
-11.370601,50,314.820677
-11.072553,50,314.977729
-7.046946,50,315.129825
-18.508011,50,315.285928
-10.38085,50,315.438304
-10.185087,50,315.590741
-6.65817,50,315.748521
-12.129463,50,315.907443
-18.506973,50,316.064262
-4.052238,50,317.019518
-20.109723,50,317.987328
-10.162227,50,318.974722
-4.137215,50,319.963895
-6.362191,50,320.955391
-14.467945,50,321.935516
-18.238157,50,322.924402
-18.851649,50,323.910661
-9.393447,50,324.843831
-13.634066,50,325.760287
-15.787872,50,326.668154
-7.433518,50,327.579575
-12.195188,50,328.500136
-11.989764,50,329.415045
-9.715965,50,330.323289
-2.731332,50,331.23006
-20.744683,50,332.20632
-14.745407,50,333.189536
-7.428621,50,334.162322
-9.517166,50,335.148427
-5.624025,50,336.133724
-6.712334,50,337.108755
-13.511781,50,338.032502
-12.03287,50,339.022777
-8.371647,50,340.015081
-10.506076,50,340.989738
-14.207617,50,341.968302
-8.66552,50,342.94038
-5.771476,50,343.931624
-8.881443,50,344.906107
-20.151447,50,345.882152
-2.759488,50,346.861043
-9.778609,50,347.847095
-22.837339,50,348.826682
-6.187223,50,349.80191
-3.409246,50,350.778773
-8.802022,50,351.749856
-17.594024,50,352.729887
-3.37997,50,353.698278
-13.89537,50,354.673306
-13.459045,50,355.654699
-8.857507,50,356.63547
-14.191037,50,357.624996
-15.373448,50,358.614491
-5.685445,50,359.604454
-10.415819,50,360.574512
-11.665153,50,361.545533
-14.144879,50,362.537196
-17.100432,50,363.528804
-18.142403,50,364.527318
-14.166923,50,364.696207
-8.782804,50,364.854693
-10.196887,50,365.011282
-20.90965,50,365.163347
-2.916182,50,365.315062
-10.511037,50,365.477122
-7.491992,50,365.631027
-7.993924,50,365.798795
-9.245817,50,365.954614
-1.877021,50,366.114762
-9.862967,50,367.103551
-15.577273,50,368.09058
-7.475577,50,369.076029
-8.689621,50,370.066696
-6.515493,50,371.052214
-21.133656,50,372.042776
-8.949728,50,373.022261
-15.539577,50,374.008923
-5.087747,50,374.996105
-9.809583,50,375.985911
-5.593626,50,376.9646
-0.085141,50,377.944129
-10.649256,50,378.938018
-11.438909,50,379.915871
-4.195833,50,380.891653
-7.402538,50,381.86428
-18.465489,50,382.84643
-18.82311,50,383.837953
-5.527247,50,384.834526
-8.576265,50,385.840131
-8.84877,50,386.829063
-14.347621,50,387.815501
-20.897388,50,388.804044
-5.661042,50,389.790879
-7.388203,50,390.773857
-18.792385,50,391.766407
-5.044586,50,392.764627
-5.292233,50,393.747997
-3.965374,50,394.729203
-21.647213,50,395.71131
-7.520866,50,396.684781
-10.839927,50,397.659699
-11.776536,50,398.65607
-9.497646,50,399.651251
-14.599576,50,400.629601
-18.390932,50,401.597003
-7.39922,50,402.580221
-4.750765,50,403.558967
-22.260157,50,404.544361
-7.548789,50,405.526455
-11.059376,50,406.495324
-9.712284,50,407.476222
-4.823943,50,408.47154
-13.565228,50,409.446871
-13.516839,50,410.417528
-20.438764,50,411.411322
-13.813186,50,412.395731
-18.556425,50,413.382875
-21.745092,50,414.373122
-8.964838,50,415.364116
-12.087109,50,415.526793
-19.040929,50,415.686856
-14.517948,50,415.85595
-5.83986,50,416.013317
-14.777808,50,416.180036
-19.64491,50,416.35148
-10.667107,50,416.516624
-18.694331,50,416.685079
-10.690455,50,416.846631
-11.894491,50,417.01082
-12.803138,50,417.950094
-3.884926,50,418.8907
-8.72411,50,419.827375
-24.631065,50,420.76409
-13.954866,50,421.709905
-23.548007,50,422.655057
-9.840716,50,423.601608
-3.761614,50,424.59579
-4.636717,50,425.606091
-9.237585,50,426.581834
-22.92693,50,427.558727
-13.166621,50,428.546854
-20.114207,50,429.541297
-10.627497,50,430.535616
-22.191999,50,431.531573
-8.872558,50,432.526985
-7.786273,50,433.520518
-15.127082,50,434.517595
-13.383835,50,435.509126
-13.738676,50,436.472787
-8.953235,50,437.462151
-10.627877,50,438.448776
-11.040918,50,439.429071
-23.98778,50,440.414145
-3.382505,50,441.408148
-1.801196,50,442.395534
-1.528442,50,443.380559
-18.547626,50,444.366979
-24.903286,50,445.342498
-12.455663,50,446.329748
-12.760684,50,447.341312
-13.941159,50,448.353832
-12.982202,50,449.344713
-17.384875,50,450.33779
-22.846178,50,451.330929
-3.19042,50,452.315619
-8.59877,50,453.311611
-13.684941,50,454.303149
-24.448959,50,455.298918
-11.725134,50,456.296283
-11.057901,50,457.288022
-13.106245,50,458.277542
-13.470061,50,459.266829
-11.535732,50,460.249314
-10.86674,50,461.247571
-12.580288,50,462.23401
-17.059324,50,463.219504
-5.273788,50,464.205658
-13.543832,50,465.156463
-6.590514,50,466.116308
-21.291503,50,466.266604
-8.178636,50,466.422893
-5.839384,50,466.574622
-11.287724,50,466.728571
-9.329345,50,466.879511
-11.251421,50,467.036848
-8.504066,50,467.192624
-14.858888,50,467.350381
-11.21127,50,467.508813
-22.787416,50,467.674847
-8.720189,50,468.673226
-9.269835,50,469.670018
-11.693469,50,470.673273
-8.118581,50,471.682327
-23.39863,50,472.67791
-0.828267,50,473.669863
-16.13272,50,474.664809
-20.821952,50,475.656576
-12.540852,50,476.666815
-23.656898,50,477.668149
-10.93329,50,478.671405
-1.836205,50,479.66381
-4.457423,50,480.657659
-5.67476,50,481.647838
-12.628386,50,482.658074
-14.58005,50,483.659922
-4.922535,50,484.656838
-19.208433,50,485.648827
-11.460123,50,486.641731
-9.622932,50,487.634758
-16.927706,50,488.619645
-11.883347,50,489.609822
-18.806722,50,490.606389
-11.540528,50,491.602637
-8.749861,50,492.598793
-13.423763,50,493.612747
-21.546887,50,494.600837
-13.560923,50,495.588362
-4.821539,50,496.591142
-9.529814,50,497.587373
-5.313363,50,498.584332
-22.561837,50,499.578225
-7.506023,50,500.572984
-14.310299,50,501.567332
-14.185919,50,502.566799
-16.33755,50,503.560966
-8.634966,50,504.559706
-3.819367,50,505.552072
-2.943546,50,506.549702
-7.350703,50,507.542692
-6.111216,50,508.548562
-23.331883,50,509.551907
-4.999457,50,510.560259
-8.075725,50,511.567082
-14.786885,50,512.575898
-13.817616,50,513.572325
-21.769815,50,514.576137
-14.214744,50,515.577341
-12.910773,50,516.578208
-12.82309,50,517.578679
-16.668514,50,517.730701
-19.176572,50,517.889143
-6.791409,50,518.046851
-23.886636,50,518.197853
-12.219432,50,518.349639
-13.458516,50,518.517891
-7.352372,50,518.665397
-5.705948,50,518.815371
-16.877586,50,518.966445
-7.108864,50,519.123062
-17.364047,50,520.1294
-5.776609,50,521.115337
-10.483252,50,522.10022
-12.465724,50,523.089331
-10.27809,50,524.074301
-9.664146,50,525.064607
-7.512498,50,526.049048
-14.624267,50,527.035421
-15.594293,50,528.03499
-11.519247,50,529.02939
-5.129366,50,530.039229
-14.732439,50,531.024329
-17.568196,50,531.965444
-5.000576,50,532.969808
-11.477831,50,533.972323
-6.982043,50,534.975178
-9.854069,50,535.974807
-19.674097,50,536.978067
-19.904396,50,537.978906
-9.13268,50,538.977773
-13.579799,50,539.980122
-14.243981,50,540.98401
-8.699915,50,541.990363
-20.02774,50,542.998668
-10.372817,50,544.008135
-11.733096,50,545.010965
-5.097811,50,546.02076
-17.254892,50,547.021179
-9.18566,50,548.017848
-15.132058,50,549.008036
-19.228351,50,550.012428
-13.237495,50,551.014607
-18.7628,50,552.009267
-6.864602,50,553.011729
-4.837766,50,554.011059
-5.973497,50,555.007833
-8.99733,50,556.016155
-4.762745,50,557.013575
-8.889925,50,558.009669
-4.982924,50,559.008897
-5.354045,50,560.015036
-7.202784,50,561.036146
-23.780318,50,562.032326
-18.853855,50,563.034136
-5.696444,50,564.031048
-10.499921,50,565.028664
-3.167698,50,566.030449
-15.93093,50,567.036669
-9.991823,50,568.041657
-10.409859,50,569.048496
-11.718966,50,569.1986
-13.592708,50,569.351786
-7.107046,50,569.510009
-3.026462,50,569.669826
-14.83342,50,569.820753
-14.472837,50,569.969801
-14.805277,50,570.125396
-14.71804,50,570.276686
-8.496236,50,570.441743
-9.931644,50,570.598439
-3.874745,50,571.596911
-12.992924,50,572.603451
-7.662071,50,573.604332
-6.274202,50,574.602734
-24.027113,50,575.577716
-14.228643,50,576.517455
-14.160741,50,577.506659
-5.552964,50,578.517056
-16.284391,50,579.506735
-22.011242,50,580.500694
-10.483243,50,581.488228
-9.331461,50,582.472156
-13.025025,50,583.46297
-14.853002,50,584.455947
-17.693132,50,585.450782
-11.965808,50,586.444679
-20.879938,50,587.429339
-2.88989,50,588.4301
-10.45093,50,589.428555
-21.103785,50,590.425178
-12.083344,50,591.413911
-1.806571,50,592.403769
-13.858606,50,593.39744
-14.855759,50,594.404423
-3.967464,50,595.413385
-7.672185,50,596.410166
-0.998606,50,597.392298
-11.360313,50,598.382912
-22.227452,50,599.365574
-1.509806,50,600.36572
-11.516795,50,601.36806
-6.869532,50,602.389145
-5.406873,50,603.394483
-9.248661,50,604.411063
-11.613391,50,605.416834
-25.527939,50,606.431076
-5.476102,50,607.437605
-21.362874,50,608.444998
-10.887407,50,609.459149
-19.241091,50,610.470872
-13.956247,50,611.48477
-1.557355,50,612.497153
-11.52877,50,613.509724
-21.249208,50,614.519378
-10.033319,50,615.532477
-9.569748,50,616.541401
-12.403208,50,617.54653
-10.644127,50,618.552917
-13.08367,50,619.559775
-17.987997,50,620.572701
-11.599553,50,620.724819
-9.31126,50,620.879478
-21.517986,50,621.052817
-11.376483,50,621.205736
-20.197523,50,621.359127
-14.793876,50,621.514436
-13.767939,50,621.665976
-8.400335,50,621.816801
-15.343902,50,621.970426
-11.055876,50,622.143259
-0.847335,50,623.141592
-10.434534,50,624.143082
-11.644172,50,625.141017
-9.638045,50,626.149235
-13.147373,50,627.151936
-10.920111,50,628.163617
-12.917791,50,629.163418
-14.975854,50,630.161204
-14.971414,50,631.165255
-3.564345,50,632.154393
-11.93712,50,633.151886
-7.836113,50,634.139035
-12.600041,50,635.138464
-17.168541,50,636.137437
-3.550108,50,637.137323
-12.918231,50,638.135821
-10.698246,50,639.136399
-5.333871,50,640.133116
-14.209493,50,641.080971
-16.609739,50,642.026397
-7.078153,50,643.026932
-7.668564,50,643.962097
-8.801546,50,644.928245
-19.685544,50,645.924542
-16.530962,50,646.917692
-15.817459,50,647.923961
-15.728096,50,648.922414
-1.581166,50,649.91767
-8.713415,50,650.910955
-11.306635,50,651.918315
-9.04591,50,652.927482
-20.900041,50,653.924397
-13.129793,50,654.928445
-23.584323,50,655.93424
-4.639477,50,656.985453
-23.240407,50,657.990378
-12.115915,50,658.986962
-17.842629,50,659.988117
-20.876278,50,660.987346
-18.473812,50,661.992429
-6.105946,50,662.992872
-5.855459,50,663.993955
-25.191486,50,664.992544
-14.244473,50,665.997543
-22.698858,50,666.998952
-10.459155,50,668.007272
-4.967605,50,669.010448
-8.869791,50,670.018445
-14.26937,50,671.025982
-3.59674,50,672.046336
-0.631923,50,672.201385
-7.947916,50,672.353737
-11.802984,50,672.507575
-24.042337,50,672.662859
-21.407532,50,672.816485
-18.456788,50,672.970387
-4.293445,50,673.132603
-5.936537,50,673.297329
-10.067877,50,673.46286
-8.076527,50,673.618655
-12.760989,50,674.619939
-10.78121,50,675.619225
-14.436742,50,676.623757
-5.753513,50,677.636467
-10.686503,50,678.645519
-5.348143,50,679.652562
-13.618153,50,680.652601
-15.998062,50,681.650052
-13.525345,50,682.649464
-26.542585,50,683.642747
-10.902643,50,684.64155
-16.03535,50,685.638702
-12.52452,50,686.632368
-11.747971,50,687.624765
-13.788207,50,688.61886
-9.08299,50,689.611178
-3.57979,50,690.601255
-1.369204,50,691.600374
-11.588189,50,692.593327
-6.115677,50,693.603272
-10.324505,50,694.60527
-9.549308,50,695.621893
-5.545951,50,696.639507
-3.433041,50,697.644857
-7.610859,50,698.647829
-13.503395,50,699.649207
-22.788671,50,700.658728
-8.714575,50,701.668861
-12.997533,50,702.667699
-8.954656,50,703.675201
-17.598108,50,704.67564
-12.685495,50,705.671248
-6.999424,50,706.684047
-10.631305,50,707.694061
-18.331365,50,708.711213
-6.572558,50,709.715254
-3.242011,50,710.717838
-13.616234,50,711.719373
-17.091217,50,712.745984
-19.623051,50,713.748884
-9.057083,50,714.758718
-15.225693,50,715.771497
-15.508916,50,716.778375
-19.377669,50,717.778916
-13.828578,50,718.795993
-9.339434,50,719.81061
-10.101883,50,720.790967
-20.112082,50,721.784598
-8.891484,50,722.773002
-2.7718,50,723.772877
-2.014542,50,723.92608
-0.110179,50,724.082178
-2.846593,50,724.231439
-12.280391,50,724.387266
-20.910461,50,724.539809
-8.581526,50,724.701647
-14.986022,50,724.851175
-2.526682,50,725.006191
-18.399984,50,725.165256
-16.276228,50,725.326517
-13.050957,50,726.346844
-10.429195,50,727.351109
-10.317172,50,728.363291
-3.358824,50,729.367573
-6.772045,50,730.36682
-19.237418,50,731.368701
-5.595754,50,732.376992
-24.229588,50,733.389278
-12.395052,50,734.402935
-22.720558,50,735.413003
-16.101756,50,736.427635
-9.478386,50,737.439975
-12.918669,50,738.454696
-14.394739,50,739.448472
-10.181708,50,740.453331
-8.496183,50,741.448323
-9.933848,50,742.439797
-11.877102,50,743.434604
-11.168859,50,744.440573
-20.782002,50,745.459399
-13.958822,50,746.470512
-17.801966,50,747.477431
-14.411332,50,748.486783
-18.17705,50,749.49007
-8.183621,50,750.490976
-22.305984,50,751.484406
-8.071155,50,752.480595
-8.816335,50,753.490313
-6.893563,50,754.501423
-12.516961,50,755.514162
-13.221322,50,756.520651
-13.09526,50,757.519501
-15.117197,50,758.52049
-3.371603,50,759.521464
-9.410062,50,760.521178
-12.49826,50,761.516146
-7.887901,50,762.49317
-14.457304,50,763.469432
-13.877591,50,764.434572
-25.392172,50,765.431662
-19.019942,50,766.444975
-13.316261,50,767.450685
-5.029771,50,768.472594
-9.50198,50,769.488266
-17.053593,50,770.494783
-9.018323,50,771.553688
-19.355665,50,772.551616
-9.014527,50,773.550351
-2.577227,50,774.55271
-6.394291,50,775.548505
-16.952043,50,775.699889
-15.406741,50,775.86464
-14.768431,50,776.015761
-13.295523,50,776.177821
-17.505777,50,776.32868
-4.336485,50,776.483266
-14.558097,50,776.635314
-14.412393,50,776.796512
-13.211922,50,776.955806
-20.15963,50,777.11591
-11.00496,50,778.106886
-15.83589,50,779.112108
-5.889363,50,780.122498
-23.470694,50,781.117697
-12.116963,50,782.121221
-6.097612,50,783.132034
-13.111247,50,784.145749
-1.454271,50,785.147652
-9.705867,50,786.155314
-12.744055,50,787.172027
-15.497996,50,788.180914
-11.37531,50,789.190341
-19.098658,50,790.192383
-23.948079,50,791.20188
-0.955156,50,792.201279
-18.737031,50,793.202219
-6.058637,50,794.195143
-0.775644,50,795.202197
-16.27283,50,796.211982
-10.043149,50,797.207797
-8.486633,50,798.221291
-14.876463,50,799.198448
-2.835799,50,800.163608
-3.600161,50,801.177996
-17.735588,50,802.203689
-22.494603,50,803.222378
-8.09078,50,804.240769
-5.779686,50,805.246387
-13.424279,50,806.251178
-12.784321,50,807.25999
-14.71447,50,808.277379
-24.307034,50,809.29453
-10.673916,50,810.304208
-4.911379,50,811.314913
-14.674867,50,812.31937
-8.847689,50,813.328573
-14.321113,50,814.329463
-16.440826,50,815.297437
-14.550272,50,816.268039
-7.11037,50,817.242661
-18.386898,50,818.215603
-5.338108,50,819.180512
-9.355638,50,820.160725
-11.401673,50,821.124372
-9.700766,50,822.099825
-3.656835,50,823.075426
-9.272646,50,824.080477
-12.170654,50,825.057126
-19.293042,50,826.023295
-20.468189,50,826.99225
-21.07146,50,827.145082
-5.454031,50,827.28789
-7.715384,50,827.436314
-8.095071,50,827.581987
-16.546734,50,827.746204
-6.396051,50,827.889422
-18.040567,50,828.034475
-14.913623,50,828.202513
-20.532706,50,828.348917
-7.146191,50,828.497351
-18.419689,50,829.4631
-21.363601,50,830.428208
-11.233808,50,831.390526
-9.563436,50,832.351844
-7.321849,50,833.321019
-10.397744,50,834.292192
-17.553016,50,835.252416
-10.859299,50,836.249151
-9.720065,50,837.254889
-13.21972,50,838.275622
-25.263102,50,839.287215
-15.384872,50,840.299617
-22.08032,50,841.301793
-19.230684,50,842.310089
-12.323889,50,843.321897
-22.62231,50,844.331198
-17.145906,50,845.326684
-21.091456,50,846.337264
-10.169129,50,847.34464
-9.57292,50,848.349552
-12.485798,50,849.344249
-5.162361,50,850.342001
-3.425291,50,851.330707
-4.475072,50,852.328239
-10.828496,50,853.320722
-15.400868,50,854.317705
-20.42217,50,855.318603
-12.711788,50,856.314234
-10.409164,50,857.306375
-16.387384,50,858.30673
-12.706188,50,859.304296
-10.532532,50,860.325191
-22.501607,50,861.340554
-2.842425,50,862.339578
-6.05648,50,863.335469
-9.737377,50,864.34029
-7.631013,50,865.342893
-2.167498,50,866.349503
-8.399924,50,867.350937
-23.503194,50,868.354572
-15.30715,50,869.372895
-7.506196,50,870.393666
-25.154812,50,871.409078
-17.642407,50,872.40575
-19.451625,50,873.403729
-14.673713,50,874.403182
-18.434525,50,875.411233
-14.81369,50,876.418482
-16.737889,50,877.426944
-10.455579,50,878.44648
-10.458839,50,878.61995
-15.47,50,878.777139
-13.719779,50,878.934392
-10.94864,50,879.085043
-13.528544,50,879.241608
-10.208615,50,879.393111
-19.33998,50,879.550695
-23.137824,50,879.718435
-10.872376,50,879.904046
-17.36849,50,880.058714
-10.380878,50,881.063141
-12.028005,50,882.069615
-9.928442,50,883.069033
-6.505322,50,884.066986
-11.577,50,885.063482
-10.09868,50,886.088351
-10.884276,50,887.097845
-6.499141,50,888.121894
-1.255212,50,889.11662
-6.607026,50,890.113207
-9.940352,50,891.112905
-15.417657,50,892.100571
-14.697188,50,893.091336
-11.373161,50,894.086319
-8.737675,50,895.07628
-15.330966,50,896.089673
-10.524881,50,897.084049
-13.14216,50,898.080855
-17.633987,50,899.085555
-18.865343,50,900.092161
-14.471743,50,901.099579
-4.234226,50,902.104177
-1.387528,50,903.102524
-11.74007,50,904.091985
-11.598158,50,905.075835
-8.079512,50,906.069501
-16.230317,50,907.062415
-18.15967,50,908.050849
-3.016181,50,909.060465
-4.411884,50,910.058203
-14.165766,50,911.056221
-10.864462,50,912.056654
-6.676392,50,913.046124
-19.337801,50,914.031664
-13.420327,50,915.028836
-5.651195,50,916.024041
-14.005851,50,917.025917
-15.023478,50,918.023252
-12.407493,50,919.013372
-14.626912,50,920.015726
-9.66614,50,921.023908
-14.376191,50,922.025222
-18.063448,50,923.020257
-6.126797,50,924.023994
-21.489719,50,925.0338
-5.22456,50,926.049345
-7.570605,50,927.049938
-2.334247,50,928.052798
-16.094572,50,929.048181
-11.807362,50,930.05022
-10.573007,50,930.19983
-9.202185,50,930.361643
-9.015037,50,930.519248
-7.065865,50,930.670245
-13.070577,50,930.824165
-15.022347,50,930.972403
-3.811583,50,931.142317
-13.209803,50,931.308605
-1.374238,50,931.457175
-5.609985,50,931.611567
-17.568627,50,932.617219
-24.20391,50,933.623474
-20.016975,50,934.635476
-9.801043,50,935.636812
-12.631733,50,936.650624
-10.684947,50,937.67533
-24.831326,50,938.686355
-21.179323,50,939.692036
-5.235536,50,940.689523
-4.820981,50,941.684377
-7.710623,50,942.679316
-4.798427,50,943.69277
-8.153473,50,944.693471
-4.671284,50,945.71162
-12.251831,50,946.705665
-11.464059,50,947.728889
-9.832768,50,948.757026
-21.50032,50,949.763955
-7.83193,50,950.786522
-9.526484,50,951.791329
-8.176383,50,952.79836
-6.879274,50,953.80719
-23.663167,50,954.806176
-15.99282,50,955.80664
-4.308416,50,956.799539
-3.66881,50,957.793998
-8.778365,50,958.797045
-10.204627,50,959.790179
-22.355406,50,960.779204
-2.373557,50,961.791054
-10.828917,50,962.79984
-14.263496,50,963.809632
-11.602634,50,964.812809
-16.765662,50,965.812392
-2.191819,50,966.81044
-9.979665,50,967.814539
-14.11348,50,968.83402
-3.785158,50,969.844984
-12.899783,50,970.844987
-15.887769,50,971.857775
-11.371904,50,972.85071
-6.267465,50,973.852402
-9.875873,50,974.845742
-8.642629,50,975.848413
-20.981388,50,976.848174
-13.724959,50,977.840616
-7.025529,50,978.839551
-4.302559,50,979.83699
-9.335785,50,980.827551
-21.833497,50,981.825446
-13.440116,50,981.983634
-13.348849,50,982.139039
-23.990443,50,982.292612
-8.706996,50,982.446489
-10.175714,50,982.597587
-9.37113,50,982.775676
-3.971368,50,982.940362
-13.575092,50,983.100671
-11.676383,50,983.256249
-9.386701,50,983.433559
-10.453212,50,984.453494
-7.981442,50,985.464486
-8.584605,50,986.485269
-16.920924,50,987.474751
-9.358573,50,988.422537
-11.595543,50,989.378662
-22.258117,50,990.367632
-9.697643,50,991.364291
-7.492879,50,992.369584
-6.325385,50,993.364532
-3.740116,50,994.367044
-13.761563,50,995.357549
-8.508375,50,996.348881
-2.379104,50,997.349213
-11.899063,50,998.344214
-1.142944,50,999.332692
-5.449306,50,1000.330541
-11.137271,50,1001.321428
-10.855426,50,1002.315591
-16.977082,50,1003.306011
-16.209873,50,1004.288719
-21.594126,50,1005.281964
-6.560586,50,1006.287435
-1.412816,50,1007.294864
-18.407466,50,1008.311237
-17.193445,50,1009.314553
-4.911579,50,1010.326844
-4.888063,50,1011.336578
-7.525884,50,1012.33862
-11.80416,50,1013.339862
-20.239162,50,1014.340079
-23.226705,50,1015.337683
-8.059536,50,1016.339322
-5.499337,50,1017.341528
-20.116612,50,1018.34957
-0.865473,50,1019.355336
-9.859933,50,1020.360842
-6.727062,50,1021.375892
-10.991084,50,1022.382722
-13.230627,50,1023.389525
-14.0957,50,1024.404254
-12.091301,50,1025.409653
-9.667499,50,1026.41948
-10.38577,50,1027.435516
-5.072441,50,1028.454332
-13.875133,50,1029.465212
-14.998765,50,1030.464354
-9.647288,50,1031.474087
-18.617883,50,1032.486147
-2.382891,50,1033.501288
-9.323443,50,1033.655261
-12.271168,50,1033.817919
-2.281534,50,1033.974602
-4.923342,50,1034.132671
-15.77936,50,1034.289572
-2.702258,50,1034.445626
-11.268293,50,1034.602282
-11.421134,50,1034.792363
-12.074619,50,1034.950069
-12.300999,50,1035.113038
-2.681626,50,1036.121425
-10.275619,50,1037.134393
-6.506189,50,1038.144208
-10.559827,50,1039.137107
-10.410152,50,1040.134801
-13.080298,50,1041.149437
-12.895398,50,1042.158495
-6.942081,50,1043.17321
-8.182164,50,1044.189859
-11.163567,50,1045.218057
-22.467098,50,1046.220919
-15.023985,50,1047.2352
-9.446241,50,1048.249552
-16.934098,50,1049.259716
-18.488938,50,1050.274112
-3.663956,50,1051.289135
-14.07356,50,1052.313123
-11.984269,50,1053.329414
-13.631837,50,1054.346958
-7.591652,50,1055.352076
-6.730475,50,1056.356971
-22.601798,50,1057.373163
-6.32252,50,1058.339706
-18.440755,50,1059.314836
-17.015786,50,1060.324726
-11.627765,50,1061.326358
-8.988092,50,1062.326449
-6.708341,50,1063.32809
-7.176258,50,1064.345569
-19.331807,50,1065.360419
-10.210239,50,1066.380731
-16.91866,50,1067.372143
-7.942292,50,1068.376985
-5.290515,50,1069.367616
-4.008063,50,1070.366644
-3.778132,50,1071.377399
-12.933371,50,1072.386317
-12.71051,50,1073.394401
-6.563703,50,1074.396753
-17.386479,50,1075.404282
-9.368546,50,1076.408636
-18.492706,50,1077.407504
-5.081994,50,1078.410968
-13.011871,50,1079.357459
-13.942124,50,1080.353405
-16.28413,50,1081.349049
-7.348077,50,1082.364049
-17.05885,50,1083.38099
-22.804704,50,1084.392156
-7.070785,50,1085.399602
-20.957198,50,1085.554804
-1.891933,50,1085.706598
-5.028149,50,1085.877402
-2.628349,50,1086.042995
-9.037777,50,1086.195073
-8.520919,50,1086.344989
-20.829042,50,1086.496893
-15.483913,50,1086.647485
-16.428367,50,1086.795449
-2.673524,50,1086.9588
-15.436042,50,1087.96751
-10.378753,50,1088.997348
-15.00997,50,1090.007944
-11.129375,50,1091.008844
-10.450333,50,1092.012917
-10.115369,50,1093.006888
-11.691799,50,1094.009313
-13.666316,50,1095.018148
-3.930834,50,1096.017738
-24.874968,50,1097.02571
-8.127638,50,1098.038076
-17.169465,50,1099.033866
-2.275895,50,1100.042739
-16.55226,50,1101.048997
-13.612918,50,1102.047003
-5.343781,50,1103.041151
-18.706319,50,1104.045584
-7.882039,50,1105.047666
-13.798974,50,1106.057718
-3.769411,50,1107.060925
-18.667362,50,1108.064336
-9.912841,50,1109.098394
-14.348303,50,1110.105153
-12.21511,50,1111.11348
-12.081217,50,1112.119159
-10.045879,50,1113.131967
-8.842591,50,1114.149248
-14.005488,50,1115.160239
-8.797271,50,1116.168881
-13.914583,50,1117.174612
-7.862547,50,1118.178562
-11.853583,50,1119.194945
-11.724827,50,1120.216727
-5.530017,50,1121.211546
-12.458122,50,1122.206205
-0.516341,50,1123.201128
-9.994243,50,1124.215466
-12.045367,50,1125.226435
-9.882727,50,1126.234736
-22.077705,50,1127.240188
-5.171195,50,1128.245211
-7.996671,50,1129.256405
-23.075704,50,1130.26479
-6.302128,50,1131.277379
-18.862702,50,1132.265958
-17.416714,50,1133.263133
-12.146014,50,1134.249606
-12.252698,50,1135.23181
-14.590474,50,1136.23125
-11.830562,50,1137.232037
-8.320625,50,1137.383198
-1.248104,50,1137.533978
-6.336788,50,1137.697166
-10.784613,50,1137.854875
-6.455292,50,1138.009343
-20.468673,50,1138.16115
-10.381262,50,1138.34874
-8.843189,50,1138.501666
-22.366808,50,1138.655029
-18.390213,50,1138.809059
-4.149317,50,1139.834581
-5.332964,50,1140.843279
-18.106319,50,1141.848619
-12.505056,50,1142.846071
-11.077261,50,1143.851012
-15.802244,50,1144.860669
-25.021198,50,1145.88084
-18.627127,50,1146.883712
-2.772347,50,1147.895404
-6.324199,50,1148.899629
-24.30431,50,1149.942989
-6.923064,50,1150.932615
-8.463938,50,1151.94927
-17.37148,50,1152.951987
-9.812888,50,1153.94253
-13.353242,50,1154.950309
-23.295475,50,1155.963765
-11.17524,50,1156.970092
-12.098761,50,1157.976371
-12.99378,50,1158.988236
-14.873656,50,1159.996743
-3.328017,50,1161.009763
-14.279011,50,1162.020994
-16.68304,50,1163.057676
-14.277326,50,1164.079625
-9.645872,50,1165.078285
-7.453707,50,1166.072735
-24.692818,50,1167.084388
-6.620278,50,1168.036272
-10.583466,50,1168.977385
-16.944812,50,1169.925454
-12.7339,50,1170.870389
-8.067415,50,1171.817519
-13.063569,50,1172.78038
-0.244736,50,1173.788593
-5.144796,50,1174.801731
-7.286013,50,1175.802507
-7.656504,50,1176.839118
-6.753661,50,1177.847981
-9.308273,50,1178.86398
-5.031681,50,1179.873601
-8.27955,50,1180.872103
-11.376752,50,1181.884727
-14.836124,50,1182.891197
-3.922561,50,1183.910547
-18.08171,50,1184.881443
-20.740667,50,1185.899467
-26.476432,50,1186.897631
-13.705746,50,1187.902231
-9.420313,50,1188.910712
-4.574192,50,1189.060723
-16.035319,50,1189.211739
-27.443474,50,1189.364205
-13.584312,50,1189.518023
-7.665468,50,1189.683172
-9.519981,50,1189.841266
-10.688828,50,1189.98936
-17.646524,50,1190.142405
-19.891712,50,1190.293317
-13.376064,50,1190.447014
-13.225379,50,1191.467625
-6.035783,50,1192.492672
-15.058603,50,1193.528039
-2.510027,50,1194.536222
-17.544601,50,1195.537788
-14.345858,50,1196.54013
-21.535365,50,1197.545429
-14.637138,50,1198.555643
-4.775407,50,1199.569151
-5.774047,50,1200.562068
-23.755954,50,1201.565937
-8.709535,50,1202.569567
-10.400976,50,1203.574253
-16.512582,50,1204.577101
-7.575532,50,1205.57237
-15.533113,50,1206.570342
-9.684361,50,1207.572502
-6.687062,50,1208.572261
-27.662524,50,1209.572723
-2.937488,50,1210.594208
-3.616469,50,1211.621822
-21.450203,50,1212.636146
-10.730995,50,1213.649477
-5.511474,50,1214.658901
-10.099353,50,1215.662072
-13.046869,50,1216.657685
-9.880434,50,1217.659588
-16.765969,50,1218.653095
-19.923207,50,1219.649198
-11.237952,50,1220.647136
-13.619043,50,1221.65427
-23.236027,50,1222.643215
-8.417858,50,1223.649125
-13.742912,50,1224.657339
-19.267036,50,1225.664546
-5.870351,50,1226.659226
-11.363061,50,1227.655725
-9.632167,50,1228.652736
-5.070863,50,1229.661744
-9.364216,50,1230.671426
-8.367786,50,1231.667619
-19.019587,50,1232.665473
-10.471741,50,1233.662671
-11.916091,50,1234.676425
-7.319464,50,1235.696364
-11.959193,50,1236.701796
-7.884836,50,1237.705062
-13.275688,50,1238.709673
-10.39766,50,1239.716886
-10.901009,50,1240.716691
-9.822883,50,1240.86929
-10.354007,50,1241.034486
-24.226687,50,1241.186486
-7.889182,50,1241.352005
-11.448365,50,1241.507314
-16.369375,50,1241.656683
-5.352434,50,1241.809774
-15.637528,50,1241.97682
-16.622607,50,1242.143048
-26.013813,50,1242.302634
-13.273036,50,1243.324084
-9.539175,50,1244.341956
-6.322176,50,1245.356175
-13.071036,50,1246.354199
-11.542018,50,1247.361528
-17.670169,50,1248.373326
-11.403312,50,1249.3825
-13.288602,50,1250.409092
-13.648668,50,1251.4289
-6.434273,50,1252.452719
-19.154246,50,1253.46333
-7.232681,50,1254.476158
-15.211778,50,1255.482912
-19.939056,50,1256.495177
-6.120678,50,1257.516974
-11.474192,50,1258.531585
-11.676376,50,1259.543122
-2.122099,50,1260.553337
-11.117627,50,1261.551999
-13.754863,50,1262.569584
-11.502917,50,1263.579319
-2.881997,50,1264.589254
-23.035746,50,1265.603799
-20.118362,50,1266.615835
-8.794216,50,1267.635606
-21.017906,50,1268.645413
-9.291555,50,1269.656723
-21.780318,50,1270.660328
-14.923179,50,1271.65598
-11.686174,50,1272.662347
-13.872027,50,1273.667484
-11.940311,50,1274.672575
-13.766578,50,1275.685129
-4.982347,50,1276.689286
-5.450103,50,1277.697346
-11.575844,50,1278.707574
-15.0891,50,1279.717719
-7.752488,50,1280.725261
-17.810023,50,1281.72788
-11.686152,50,1282.721758
-10.233995,50,1283.708328
-5.001004,50,1284.708827
-8.047516,50,1285.703305
-11.909291,50,1286.723339
-7.73756,50,1287.73547
-8.519894,50,1288.746783
-19.315885,50,1289.771307
-13.690169,50,1290.788381
-14.806725,50,1291.787276
-11.061475,50,1292.802956
-10.402891,50,1292.964741
-4.067925,50,1293.134928
-17.315566,50,1293.292503
-8.30029,50,1293.455801
-20.564797,50,1293.604463
-1.561545,50,1293.760425
-23.529407,50,1293.913257
-16.437381,50,1294.07026
-23.615892,50,1294.224897
-10.388054,50,1294.39355
-15.271289,50,1295.409695
-19.675826,50,1296.430736
-14.495619,50,1297.468888
-7.854681,50,1298.480872
-7.732582,50,1299.486793
-16.353159,50,1300.48962
-18.38211,50,1301.501252
-13.395234,50,1302.551991
-12.119809,50,1303.559396
-18.986698,50,1304.565716
-7.473966,50,1305.577232
-9.254441,50,1306.586423
-12.612921,50,1307.599454
-4.108836,50,1308.606721
-18.387117,50,1309.622737
-11.70424,50,1310.623873
-11.60388,50,1311.627865
-8.892993,50,1312.629472
-15.811705,50,1313.639475
-16.534314,50,1314.636372
-16.584527,50,1315.631273
-12.460946,50,1316.629085
-10.236183,50,1317.636901
-14.468112,50,1318.638951
-2.862014,50,1319.644241
-10.20511,50,1320.646542
-3.345873,50,1321.647863
-27.244894,50,1322.671522
-3.489919,50,1323.686448
-1.955534,50,1324.703637
-9.903852,50,1325.715286
-4.146516,50,1326.725458
-1.842791,50,1327.725511
-15.513233,50,1328.724781
-6.706964,50,1329.736208
-3.481076,50,1330.757991
-19.440777,50,1331.775815
-12.221584,50,1332.801485
-5.089391,50,1333.798883
-13.255044,50,1334.799315
-17.300071,50,1335.80044
-24.977653,50,1336.80354
-8.168184,50,1337.824885
-22.141212,50,1338.825351
-11.99709,50,1339.836872
-23.54697,50,1340.846781
-5.607511,50,1341.846648
-8.747657,50,1342.84444
-11.770786,50,1343.798972
-22.764799,50,1344.758017
-5.553652,50,1344.923231
-6.358574,50,1345.094205
-1.638469,50,1345.243303
-9.530602,50,1345.38791
-8.716931,50,1345.540138
-17.400029,50,1345.68556
-8.161682,50,1345.830484
-2.618184,50,1345.981709
-13.279609,50,1346.13297
-13.48471,50,1346.286492
-5.757952,50,1347.242301
-16.004757,50,1348.197866
-12.835647,50,1349.14469
-12.628501,50,1350.096082
-10.168796,50,1351.051235
-6.551071,50,1352.007163
-2.510875,50,1353.022249
-20.430773,50,1354.038331
-8.612934,50,1355.060778
-7.736534,50,1356.081183
-21.405994,50,1357.095495
-7.511655,50,1358.108027
-10.381022,50,1359.120071
-12.419075,50,1360.124452
-15.878365,50,1361.126811
-17.571008,50,1362.136525
-21.907555,50,1363.090698
-21.208319,50,1364.069046
-21.065589,50,1365.072296
-13.947966,50,1366.08933
-9.855017,50,1367.103253
-3.665539,50,1368.118679
-4.76036,50,1369.122425
-10.887106,50,1370.140471
-6.861896,50,1371.148901
-8.072323,50,1372.141129
-23.930806,50,1373.1414
-3.265914,50,1374.150865
-22.786402,50,1375.153003
-11.219351,50,1376.150911
-6.747613,50,1377.155827
-14.408819,50,1378.162827
-11.932791,50,1379.170013
-15.107395,50,1380.183205
-4.545334,50,1381.190835
-14.153702,50,1382.190671
-22.731208,50,1383.132799
-4.858708,50,1384.076505
-12.496403,50,1385.026226
-3.235786,50,1385.984737
-5.285547,50,1386.938774
-6.76515,50,1387.892132
-12.451691,50,1388.846064
-9.794188,50,1389.791893
-9.842001,50,1390.728885
-8.568936,50,1391.683071
-17.353005,50,1392.627026
-9.913155,50,1393.573697
-23.952651,50,1394.51821
-8.899671,50,1395.459541
-12.975239,50,1395.60207
-11.42974,50,1395.75308
-8.005576,50,1395.912907
-11.006941,50,1396.091255
-10.102721,50,1396.241724
-11.184432,50,1396.386897
-16.8278,50,1396.535675
-18.342731,50,1396.688042
-17.210675,50,1396.842138
-22.315146,50,1397.007399
-21.256798,50,1398.014764
-12.093549,50,1399.024266
-9.542209,50,1400.039123
-11.964342,50,1401.048203
-0.83174,50,1402.059941
-16.130592,50,1403.074198
-13.6011,50,1404.07535
-11.313988,50,1405.083024
-10.918493,50,1406.07185
-11.010716,50,1407.067482
-9.425111,50,1408.090206
-20.559445,50,1409.096356
-6.355879,50,1410.113116
-8.267873,50,1411.132147
-20.168168,50,1412.140062
-23.866823,50,1413.150066
-14.273908,50,1414.150869
-11.451817,50,1415.16191
-15.36297,50,1416.173856
-10.622947,50,1417.197436
-10.418344,50,1418.196366
-14.259034,50,1419.191687
-13.993416,50,1420.196097
-25.233255,50,1421.188135
-19.580192,50,1422.216208
-5.134341,50,1423.214772
-11.919103,50,1424.215667
-24.01919,50,1425.226312
-11.31065,50,1426.220519
-10.75887,50,1427.218683
-10.050107,50,1428.211517
-15.199641,50,1429.209122
-10.747965,50,1430.209975
-8.748752,50,1431.210467
-10.855202,50,1432.217349
-8.931805,50,1433.222839
-21.644611,50,1434.230256
-12.411283,50,1435.24244
-5.899634,50,1436.257444
-14.427012,50,1437.252853
-24.691955,50,1438.245633
-19.533284,50,1439.242004
-5.895065,50,1440.249142
-10.712796,50,1441.250869
-7.267902,50,1442.25821
-20.935373,50,1443.266616
-7.717721,50,1444.271801
-22.159267,50,1445.282375
-22.417227,50,1446.282827
-4.625666,50,1447.276718
-4.94343,50,1447.42884
-22.544838,50,1447.580874
-19.631894,50,1447.733105
-12.92625,50,1447.899301
-6.405329,50,1448.054856
-1.349981,50,1448.214647
-12.477922,50,1448.366684
-16.117075,50,1448.532665
-11.221335,50,1448.688885
-4.957672,50,1448.861444
-9.290679,50,1449.883381
-8.243336,50,1450.897546
-6.551202,50,1451.909232
-3.605719,50,1452.92124
-6.466032,50,1453.917861
-10.477359,50,1454.926895
-21.03617,50,1455.916435
-8.604761,50,1456.904873
-16.855965,50,1457.903846
-18.594718,50,1458.918847
-13.966274,50,1459.945541
-2.812009,50,1460.958702
-10.56415,50,1461.977926
-13.319983,50,1462.98796
-4.032656,50,1463.98863
-11.30089,50,1464.955544
-10.266103,50,1465.907315
-0.878443,50,1466.867755
-13.149904,50,1467.823344
-13.706099,50,1468.776303
-9.199496,50,1469.731672
-3.208653,50,1470.695907
-8.936294,50,1471.670212
-5.601222,50,1472.674768
-9.421138,50,1473.674987
-2.439596,50,1474.6789
-8.849257,50,1475.67346
-16.91147,50,1476.671817
-22.260109,50,1477.670083
-3.926371,50,1478.671789
-23.887829,50,1479.672139
-8.454944,50,1480.67356
-14.516749,50,1481.679702
-15.251617,50,1482.689199
-2.50535,50,1483.701737
-8.771121,50,1484.703657
-15.889193,50,1485.70322
-22.229319,50,1486.698583
-16.814163,50,1487.698491
-4.873881,50,1488.705506
-4.981979,50,1489.711934
-5.780384,50,1490.720427
-20.29402,50,1491.721433
-6.428084,50,1492.719069
-23.02535,50,1493.730304
-5.323549,50,1494.728888
-15.718426,50,1495.730161
-11.235754,50,1496.74555
-5.668388,50,1497.753453
-5.853247,50,1498.771348
-6.459004,50,1498.941412
-4.197183,50,1499.102353
-10.438069,50,1499.260495
-11.719754,50,1499.435604
-15.576816,50,1499.593024
-10.640282,50,1499.748618
-11.626165,50,1499.913807
-14.640982,50,1500.093834
-4.420787,50,1500.25297
-9.779463,50,1500.411082
-4.842451,50,1501.406151
-14.132248,50,1502.421828
-20.52038,50,1503.429687
-2.727203,50,1504.434661
-6.841833,50,1505.458829
-3.104822,50,1506.472854
-4.869866,50,1507.489812
-18.160448,50,1508.493394
-1.650064,50,1509.498952
-6.623607,50,1510.461639
-3.626653,50,1511.420477
-21.20389,50,1512.370272
-24.889545,50,1513.320637
-10.257686,50,1514.287228
-8.93699,50,1515.30134
-1.547494,50,1516.307605
-18.51846,50,1517.315286
-11.993999,50,1518.323751
-14.458031,50,1519.329294
-9.195194,50,1520.338526
-9.608992,50,1521.352924
-18.830646,50,1522.37404
-14.993081,50,1523.372419
-5.109295,50,1524.367313
-10.536945,50,1525.378117
-13.082806,50,1526.402653
-5.315239,50,1527.430049
-14.623393,50,1528.447518
-6.177768,50,1529.463304
-11.209042,50,1530.423533
-17.429577,50,1531.373126
-3.051893,50,1532.389495
-5.061545,50,1533.39255
-5.349071,50,1534.392572
-11.468785,50,1535.397603
-8.875526,50,1536.408585
-18.252151,50,1537.430693
-11.034229,50,1538.452884
-25.036469,50,1539.460007
-16.963571,50,1540.47291
-12.027938,50,1541.481813
-22.706808,50,1542.486162
-11.892882,50,1543.454965
-10.932506,50,1544.413763
-0.982768,50,1545.3711
-7.66713,50,1546.336792
-3.251771,50,1547.305926
-18.524784,50,1548.268428
-14.558956,50,1549.22283
-23.540567,50,1550.183356
-16.267202,50,1550.328301
-16.710084,50,1550.477554
-3.009973,50,1550.629794
-5.464206,50,1550.773971
-12.123107,50,1550.932531
-6.062129,50,1551.080757
-13.848632,50,1551.234365
-19.189058,50,1551.382099
-10.571541,50,1551.528284
-16.780576,50,1551.678593
-9.195515,50,1552.634014
-3.726062,50,1553.593946
-10.091322,50,1554.553064
-9.684006,50,1555.510879
-11.249209,50,1556.467146
-7.432119,50,1557.419266
-9.509777,50,1558.375095
-7.6825,50,1559.336342
-21.61996,50,1560.292135
-13.242841,50,1561.277728
-9.505444,50,1562.303457
-24.110431,50,1563.324698
-18.488561,50,1564.32788
-22.435107,50,1565.280396
-11.157833,50,1566.250954
-2.839607,50,1567.198415
-6.317847,50,1568.149851
-13.48258,50,1569.117829
-1.48559,50,1570.07177
-7.681182,50,1571.032101
-8.186875,50,1571.98429
-9.096052,50,1572.954208
-10.864792,50,1573.958397
-8.375563,50,1574.95979
-15.931177,50,1575.978305
-16.376728,50,1576.995535
-5.256978,50,1578.003633
-10.220159,50,1579.02519
-20.519103,50,1580.042118
-8.288569,50,1581.056265
-15.696366,50,1582.069457
-11.190995,50,1583.088264
-10.806116,50,1584.101581
-24.930704,50,1585.121989
-18.120118,50,1586.146073
-13.128429,50,1587.168035
-11.023789,50,1588.190784
-7.257955,50,1589.211434
-8.051022,50,1590.235998
-20.253017,50,1591.254046
-19.835033,50,1592.265134
-23.238528,50,1593.265352
-9.023109,50,1594.275823
-9.076495,50,1595.295392
-10.385321,50,1596.321646
-8.553129,50,1597.349138
-10.455858,50,1598.380792
-18.646361,50,1599.410931
-7.633836,50,1600.431062
-7.681195,50,1601.453348
-2.509159,50,1601.604473
-3.120282,50,1601.759711
-14.75942,50,1601.913707
-25.656681,50,1602.067157
-1.701893,50,1602.230346
-18.754829,50,1602.382135
-15.082044,50,1602.542074
-9.819481,50,1602.693093
-22.445182,50,1602.864428
-12.809293,50,1603.018907
-8.835462,50,1604.051502
-19.9022,50,1605.09076
-11.554266,50,1606.121537
-15.472114,50,1607.140153
-11.908876,50,1608.150387
-4.371328,50,1609.113979
-16.270404,50,1610.122816
-24.294107,50,1611.146414
-2.037963,50,1612.162443
-7.627671,50,1613.179139
-12.389082,50,1614.189035
-15.95316,50,1615.192508
-13.83331,50,1616.208148
-20.903941,50,1617.218175
-3.431223,50,1618.239316
-25.406491,50,1619.260354
-7.075147,50,1620.297279
-9.105925,50,1621.325779
-17.918612,50,1622.35697
-9.89089,50,1623.379704
-19.220444,50,1624.403431
-10.634695,50,1625.426798
-12.048749,50,1626.449925
-15.165204,50,1627.475058
-4.971996,50,1628.511477
-13.292623,50,1629.538025
-11.628035,50,1630.552471
-16.41857,50,1631.570201
-2.789935,50,1632.599376
-8.876509,50,1633.619945
-24.522044,50,1634.640544
-20.554263,50,1635.672486
-18.653904,50,1636.717322
-7.745235,50,1637.750881
-18.766355,50,1638.792326
-23.159974,50,1639.829329
-6.21095,50,1640.860568
-8.418214,50,1641.901561
-21.486395,50,1642.928388
-3.858238,50,1643.959255
-6.061561,50,1644.984492
-10.389085,50,1645.960731
-11.070316,50,1646.976059
-24.580615,50,1648.004698
-7.793367,50,1649.034084
-13.258305,50,1650.057064
-22.631423,50,1651.086774
-10.679222,50,1652.117512
-18.662434,50,1653.145991
-3.475317,50,1654.179667
-10.970323,50,1654.330407
-4.942314,50,1654.494956
-10.10331,50,1654.652671
-9.809726,50,1654.80178
-2.38597,50,1654.964195
-15.664238,50,1655.116883
-5.501808,50,1655.268853
-15.669512,50,1655.457404
-19.418953,50,1655.614931
-13.417145,50,1655.768149
-14.770396,50,1656.790291
-20.050634,50,1657.763506
-14.795981,50,1658.812542
-6.055275,50,1659.869395
-10.711289,50,1660.926719
-13.354349,50,1661.966311
-9.621154,50,1663.014168
-17.942857,50,1664.067696
-11.260714,50,1665.094688
-20.408803,50,1666.136851
-5.032135,50,1667.190245
-20.061198,50,1668.239935
-11.841802,50,1669.288706
-2.042188,50,1670.337093
-11.634431,50,1671.407936
-15.775781,50,1672.454979
-21.257845,50,1673.50285
-5.811819,50,1674.552789
-6.654158,50,1675.600313
-4.177855,50,1676.63647
-7.225158,50,1677.690424
-13.051901,50,1678.758881
-9.058169,50,1679.808309
-7.157635,50,1680.87269
-21.721981,50,1681.930388
-21.203195,50,1683.003353
-6.632516,50,1684.053894
-8.286483,50,1685.112133
-9.887086,50,1686.16675
-7.434566,50,1687.225856
-13.463262,50,1688.300745
-23.26697,50,1689.358915
-19.940052,50,1690.420364
-12.4359,50,1691.502958
-13.933705,50,1692.559175
-20.046464,50,1693.62063
-9.345911,50,1694.685327
-8.181999,50,1695.7421
-8.32824,50,1696.835915
-10.301328,50,1697.931542
-12.374079,50,1698.998226
-9.226131,50,1700.069205
-24.95319,50,1701.119877
-13.538878,50,1702.184794
-12.725958,50,1703.244762
-20.616899,50,1704.308713
-6.835727,50,1705.378197
-16.087612,50,1706.442848
-8.047047,50,1707.541086
-16.565642,50,1708.642935
-11.218747,50,1708.791338
-8.823744,50,1708.943388
-21.108406,50,1709.109269
-5.922873,50,1709.272415
-21.376114,50,1709.424218
-10.387022,50,1709.579345
-7.906882,50,1709.735806
-11.225884,50,1709.894052
-7.707757,50,1710.064525
-11.480435,50,1710.224752
-13.938286,50,1711.33002
-9.443181,50,1712.431593
-21.641786,50,1713.533609
-3.073443,50,1714.623063
-13.855363,50,1715.696537
-12.292898,50,1716.765943
-7.765402,50,1717.852695
-5.187972,50,1718.92066
-11.148899,50,1720.015165
-10.390901,50,1721.110605
-12.258086,50,1722.206419
-22.140623,50,1723.317863
-15.849614,50,1724.400015
-14.722139,50,1725.482459
-14.172464,50,1726.560669
-23.320568,50,1727.657194
-6.809077,50,1728.750913
-8.249697,50,1729.857049
-10.412644,50,1730.950018
-18.548716,50,1732.053509
-13.054638,50,1733.153874
-3.907427,50,1734.259419
-19.506714,50,1735.392471
-17.786446,50,1736.497681
-14.061728,50,1737.592548
-2.431247,50,1738.691628
-7.391784,50,1739.772862
-10.015082,50,1740.870996
-2.943026,50,1741.972361
-12.141435,50,1743.091958
-6.835983,50,1744.19357
-13.747393,50,1745.302349
-6.366196,50,1746.399966
-16.982569,50,1747.493541
-13.159171,50,1748.597795
-15.504264,50,1749.708537
-1.721558,50,1750.830885
-15.722856,50,1751.962149
-4.187446,50,1753.081071
-9.091522,50,1754.201684
-18.410597,50,1755.301818
-6.87531,50,1756.429954
-6.284272,50,1757.532624
-11.871793,50,1758.647372
-15.202729,50,1759.750346
-10.338244,50,1760.85627
-15.39611,50,1761.96067
-11.231884,50,1763.003198
-16.676386,50,1764.033738
-8.624439,50,1765.168311
-6.06947,50,1765.318712
-9.632384,50,1765.475708
-5.069681,50,1765.625078
-18.198016,50,1765.793775
-4.395442,50,1765.968378
-10.370057,50,1766.134308
-11.274887,50,1766.291342
-17.187251,50,1766.443927
-23.087233,50,1766.59568
-6.411845,50,1766.753135
-12.724934,50,1767.867958
-10.760866,50,1769.018511
-4.850662,50,1770.204718
-7.059066,50,1771.35551
-12.430258,50,1772.4734
-14.815286,50,1773.601612
-14.74616,50,1774.719927
-17.060705,50,1775.855044
-22.57393,50,1777.011027
-6.328298,50,1778.146101
-11.468581,50,1779.256417
-10.327314,50,1780.382697
-17.140968,50,1781.4927
-15.841861,50,1782.593578
-17.691513,50,1783.694242
-21.109529,50,1784.813592
-14.035067,50,1785.933103
-7.108302,50,1787.050275
-16.329551,50,1788.139842
-20.800209,50,1789.19664
-12.284874,50,1790.252812
-23.428822,50,1791.316778
-4.499004,50,1792.376429
-11.964687,50,1793.448114
-10.114837,50,1794.581883
-10.150917,50,1795.704761
-2.681093,50,1796.850862
-10.648006,50,1797.98698
-4.552338,50,1799.139584
-8.706639,50,1800.260917
-8.920149,50,1801.412292
-16.188093,50,1802.577937
-14.51277,50,1803.7188
-9.436095,50,1804.847478
-11.85016,50,1805.979313
-20.452602,50,1807.101179
-23.698397,50,1808.221954
-15.386771,50,1809.383258
-17.989913,50,1810.514312
-13.650329,50,1811.655371
-8.187872,50,1812.774355
-6.041194,50,1813.915699
-10.281652,50,1815.065365
-9.973273,50,1816.171577
-17.384659,50,1817.250657
-14.093819,50,1818.371676
-10.921344,50,1819.517685
-10.916262,50,1820.670686
-15.879467,50,1821.793602
-18.725177,50,1822.933456
-19.568869,50,1823.082365
-11.160344,50,1823.233235
-9.558597,50,1823.385731
-11.200053,50,1823.549232
-21.894265,50,1823.699139
-12.45608,50,1823.860308
-5.777289,50,1824.031149
-16.349806,50,1824.192419
-12.451513,50,1824.346248
-15.271243,50,1824.514465
-23.622672,50,1825.639702
-3.759863,50,1826.763697
-5.21026,50,1827.919173
-19.757496,50,1829.067235
-14.553331,50,1830.189317
-16.909335,50,1831.389696
-2.475842,50,1832.539711
-16.622512,50,1833.676429
-8.819457,50,1834.818892
-5.652506,50,1835.968425
-8.708334,50,1837.095766
-8.842897,50,1838.2159
-15.761693,50,1839.267368
-5.233234,50,1840.324971
-5.432354,50,1841.386207
-17.418091,50,1842.44168
-6.908299,50,1843.493866
-11.74526,50,1844.542555
-8.474737,50,1845.595451
-3.631793,50,1846.641906
-4.273696,50,1847.686996
-25.276635,50,1848.739519
-13.420868,50,1849.795821
-10.169445,50,1850.864064
-15.144861,50,1851.917801
-8.751159,50,1852.97304
-18.057966,50,1854.029878
-23.093453,50,1855.097696
-3.084214,50,1856.159284
-24.290122,50,1857.232751
-12.89448,50,1858.340601
-6.652739,50,1859.470105
-21.67761,50,1860.610397
-10.493261,50,1861.749235
-5.823607,50,1862.894821
-13.231946,50,1864.064065
-4.612265,50,1865.21872
-9.567351,50,1866.354873
-10.784056,50,1867.536456
-1.652238,50,1868.71569
-13.262403,50,1869.860462
-16.955688,50,1870.993265
-9.731324,50,1872.152515
-5.46359,50,1873.331816
-8.530691,50,1874.464497
-14.965071,50,1875.59885
-9.095884,50,1876.729485
-9.765857,50,1877.883618
-9.716798,50,1879.0333
-8.602371,50,1880.187266
-20.455654,50,1880.34482
-11.417646,50,1880.516039
-14.705873,50,1880.683602
-26.528555,50,1880.837411
-10.684063,50,1880.993561
-3.575983,50,1881.164103
-2.483363,50,1881.316189
-4.819664,50,1881.468028
-15.054376,50,1881.620351
-4.277824,50,1881.785244
-7.985227,50,1882.949726
-8.458265,50,1884.102258
-10.957962,50,1885.234913
-23.963493,50,1886.412544
-18.399242,50,1887.562808
-16.165608,50,1888.727493
-3.096807,50,1889.877544
-12.833871,50,1891.0444
-2.757065,50,1892.214766
-1.381653,50,1893.357755
-8.610219,50,1894.510299
-0.957016,50,1895.661858
-9.768571,50,1896.803886
-15.789104,50,1897.964523
-11.691349,50,1899.118479
-9.300328,50,1900.300805
-9.973443,50,1901.444342
-14.063449,50,1902.582952
-11.599382,50,1903.737286
-10.574549,50,1904.878054
-14.275621,50,1906.049758
-18.367806,50,1907.199052
-12.094305,50,1908.378553
-17.330717,50,1909.553637
-11.301374,50,1910.709236
-3.694369,50,1911.868828
-4.624839,50,1913.035215
-24.113453,50,1914.179754
-5.670487,50,1915.337664
-20.363085,50,1916.477662
-9.112962,50,1917.614205
-2.595265,50,1918.756204
-2.25583,50,1919.933303
-9.705588,50,1921.074764
-9.417605,50,1922.238993
-17.669932,50,1923.392391
-3.905667,50,1924.545956
-2.898088,50,1925.72448
-5.879399,50,1926.897384
-15.331664,50,1928.077862
-11.337101,50,1929.295492
-13.576753,50,1930.445239
-16.776395,50,1931.631717
-10.480048,50,1932.775928
-14.790502,50,1933.937193
-21.149702,50,1935.094695
-11.118794,50,1936.261272
-19.935823,50,1937.419452
-14.149628,50,1938.555441
-23.947428,50,1939.731171
-7.897024,50,1939.883573
-22.336817,50,1940.036299
-15.336734,50,1940.187971
-6.824729,50,1940.367184
-11.806661,50,1940.539338
-10.309467,50,1940.698296
-3.996468,50,1940.863289
-0.41769,50,1941.012602
-26.015151,50,1941.202677
-21.08448,50,1941.377965
-17.597882,50,1942.558136
-8.816956,50,1943.704695
-7.644333,50,1944.8666
-9.707204,50,1946.018446
-10.015746,50,1947.197254
-15.195077,50,1948.380495
-2.632615,50,1949.558255
-23.239763,50,1950.728328
-3.165949,50,1951.882029
-8.744776,50,1953.046887
-12.721328,50,1954.225683
-23.907283,50,1955.430438
-6.298424,50,1956.608903
-1.463026,50,1957.765001
-5.988975,50,1958.926681
-8.097843,50,1960.016058
-10.095796,50,1961.108869
-10.434003,50,1962.194873
-13.327833,50,1963.278777
-15.109732,50,1964.370055
-4.368865,50,1965.459173
-3.156178,50,1966.556186
-3.909248,50,1967.642214
-4.993098,50,1968.743605
-10.588912,50,1969.839149
-12.031873,50,1970.94064
-10.292363,50,1972.022947
-4.420881,50,1973.115638
-14.672941,50,1974.201328
-24.844058,50,1975.294704
-11.059104,50,1976.396865
-7.28571,50,1977.492894
-14.235968,50,1978.577104
-15.115725,50,1979.658813
-15.129124,50,1980.750342
-1.82989,50,1981.844918
-2.677394,50,1982.931731
-17.461017,50,1984.013983
-9.604981,50,1985.10411
-6.744387,50,1986.204328
-22.667899,50,1987.294843
-10.317922,50,1988.390424
-21.81944,50,1989.495595
-7.715212,50,1990.659713
-1.684961,50,1991.829499
-11.057262,50,1992.990857
-12.547378,50,1994.15321
-12.247431,50,1995.350017
-12.853725,50,1996.447996
-18.956114,50,1997.510997
-4.851773,50,1997.652033
-3.015575,50,1997.80272
-9.114439,50,1997.978628
-16.787762,50,1998.154376
-13.080145,50,1998.306554
-6.608172,50,1998.461526
-17.626875,50,1998.642709
-21.602772,50,1998.795046
-21.767972,50,1998.958093
-19.295051,50,1999.123471
-12.326925,50,2000.327223
-10.639,50,2001.503993
-16.385477,50,2002.664732
-8.956285,50,2003.853123
-16.260925,50,2005.205418
-8.152603,50,2006.397922
-11.282771,50,2007.552593
-22.909937,50,2008.72475
-20.152079,50,2009.900146
-13.005547,50,2011.112756
-4.136144,50,2012.28397
-15.314217,50,2013.453257
-26.881105,50,2014.621755
-7.694657,50,2015.813958
-31.45419,50,2016.981604
-8.250583,50,2018.130701
-5.397126,50,2019.280503
-15.033606,50,2020.454717
-20.155755,50,2021.537254
-6.349286,50,2022.721733
-11.084696,50,2023.912117
-14.576167,50,2025.105405
-2.450403,50,2026.303131
-18.069127,50,2027.468962
-4.547379,50,2028.648522
-12.624508,50,2029.80082
-19.66019,50,2030.96329
-22.319199,50,2032.122422
-5.152177,50,2033.30962
-19.306421,50,2034.484025
-18.080811,50,2035.650198
-12.469847,50,2036.831615
-5.75112,50,2037.993109
-6.002964,50,2039.16321
-5.628011,50,2040.333506
-17.070199,50,2041.51993
-12.664322,50,2042.742528
-9.115286,50,2043.929169
-6.406992,50,2045.121112
-6.284825,50,2046.30612
-11.314261,50,2047.461807
-22.029538,50,2048.621499
-9.72965,50,2049.793728
-21.316531,50,2050.966798
-19.127145,50,2052.126684
-12.580009,50,2053.28334
-20.527481,50,2054.438656
-3.396083,50,2055.59502
-9.084296,50,2056.752305
-6.99943,50,2057.919345
-11.100447,50,2058.100739
-16.42659,50,2058.261302
-10.892503,50,2058.416843
-6.908327,50,2058.575255
-8.322103,50,2058.74337
-6.867045,50,2058.913491
-6.138815,50,2059.084329
-7.004832,50,2059.266703
-10.31849,50,2059.426274
