# {"t_start": 1579903707.2758708, "env_id": "FetchPickAndPlace-v1"} 
r,l,t
-50.0,50,2.862814
-50.0,50,4.065805
-50.0,50,5.16361
-50.0,50,6.268569
-50.0,50,7.396515
-50.0,50,8.484529
-50.0,50,9.574674
-50.0,50,10.646738
-50.0,50,11.708915
-50.0,50,12.793439
-50.0,50,13.891424
-50.0,50,14.995389
-50.0,50,16.078
-50.0,50,17.161247
-50.0,50,18.248168
-50.0,50,19.334702
-50.0,50,20.452152
-50.0,50,21.549616
-50.0,50,22.659339
-50.0,50,23.759839
-50.0,50,24.952621
-50.0,50,25.063971
-50.0,50,25.189445
-50.0,50,25.306253
0.0,50,25.417813
-50.0,50,25.530721
-50.0,50,25.641577
-50.0,50,25.752931
0.0,50,25.873604
-50.0,50,25.986893
0.0,50,26.142906
-50.0,50,27.303387
-50.0,50,28.478587
-50.0,50,29.599754
-50.0,50,30.745102
-50.0,50,31.898599
-50.0,50,33.07435
-50.0,50,34.323844
-50.0,50,35.48491
-50.0,50,36.657207
-50.0,50,37.828601
-29.0,50,39.063216
-50.0,50,40.287433
-50.0,50,41.519655
-50.0,50,42.831296
-50.0,50,44.057129
-50.0,50,45.260825
-50.0,50,46.488549
-50.0,50,47.752033
-50.0,50,48.952357
-50.0,50,50.191885
-50.0,50,50.331907
-50.0,50,50.449511
-50.0,50,50.57563
-50.0,50,50.703483
-50.0,50,50.824059
-50.0,50,50.961785
-50.0,50,51.075774
-24.0,50,51.213349
-50.0,50,51.330755
-50.0,50,51.459016
-50.0,50,52.746281
-50.0,50,54.020736
-50.0,50,55.264133
-50.0,50,56.531204
-50.0,50,57.757252
-50.0,50,59.018257
-50.0,50,60.261478
-50.0,50,61.52317
-50.0,50,62.750713
-50.0,50,63.964494
-50.0,50,65.253574
-50.0,50,66.519634
-50.0,50,67.749511
-50.0,50,68.987172
-50.0,50,70.230879
-50.0,50,71.491525
-50.0,50,72.733713
-50.0,50,73.988634
-50.0,50,75.248534
-50.0,50,76.508143
-35.0,50,76.641856
-50.0,50,76.768465
-50.0,50,76.89931
-50.0,50,77.013671
-50.0,50,77.136201
-50.0,50,77.275584
-50.0,50,77.395205
-50.0,50,77.52976
-50.0,50,77.655417
-50.0,50,77.769485
-50.0,50,79.030403
-50.0,50,80.288819
-50.0,50,81.562267
-50.0,50,82.814016
-50.0,50,84.080081
-50.0,50,85.345268
-50.0,50,86.621064
-50.0,50,87.879815
-50.0,50,89.170537
-50.0,50,90.437333
-50.0,50,91.719322
-50.0,50,92.97008
-50.0,50,94.221715
-50.0,50,95.432289
-50.0,50,96.741324
-50.0,50,98.010311
-50.0,50,99.295346
-50.0,50,100.57442
-50.0,50,101.865335
-50.0,50,103.15873
-50.0,50,103.28712
-50.0,50,103.413674
-50.0,50,103.54111
-50.0,50,103.663242
-50.0,50,103.786966
-50.0,50,103.899614
-50.0,50,104.033714
-50.0,50,104.169758
0.0,50,104.306889
-50.0,50,104.45644
-50.0,50,105.778171
-50.0,50,107.063869
-50.0,50,108.380213
-50.0,50,109.680852
-50.0,50,110.963848
-50.0,50,112.235213
-50.0,50,113.530486
-50.0,50,114.856379
-50.0,50,116.209105
-50.0,50,117.527176
-50.0,50,118.797678
-50.0,50,120.093402
-50.0,50,121.388617
-50.0,50,122.747799
-50.0,50,124.058981
-50.0,50,125.378662
-50.0,50,126.67013
-50.0,50,128.026733
-50.0,50,129.394976
-50.0,50,130.72943
-50.0,50,130.841393
-50.0,50,130.965611
-50.0,50,131.082362
-50.0,50,131.213364
-46.0,50,131.334687
-50.0,50,131.448431
-50.0,50,131.561928
-50.0,50,131.668524
-50.0,50,131.785235
-50.0,50,131.902755
-50.0,50,133.25605
-50.0,50,134.58614
-50.0,50,135.94195
-50.0,50,137.279552
-50.0,50,138.598738
-50.0,50,139.942951
-50.0,50,141.346565
-50.0,50,142.687649
-50.0,50,144.051178
-50.0,50,145.382235
-50.0,50,146.737452
-50.0,50,148.078289
-50.0,50,149.461233
-50.0,50,150.86781
-50.0,50,152.216238
-50.0,50,153.571839
-50.0,50,154.926801
-50.0,50,156.303018
-50.0,50,157.716843
-50.0,50,159.116517
-50.0,50,159.24293
-50.0,50,159.361163
-50.0,50,159.479245
-50.0,50,159.602209
-50.0,50,159.722827
-50.0,50,159.849965
-50.0,50,159.961507
-50.0,50,160.082291
-50.0,50,160.210361
-50.0,50,160.336314
-50.0,50,161.703686
-50.0,50,163.107824
-50.0,50,164.466543
-50.0,50,165.91516
-50.0,50,167.300537
-50.0,50,168.680808
-50.0,50,170.083274
-50.0,50,171.469674
-50.0,50,172.89696
-50.0,50,174.258162
-50.0,50,175.679426
-50.0,50,177.12355
-50.0,50,178.483087
-50.0,50,179.906975
-50.0,50,181.291509
-50.0,50,182.665885
-50.0,50,184.118771
-50.0,50,185.57518
-50.0,50,186.98555
-50.0,50,188.418381
-45.0,50,188.535822
-50.0,50,188.661057
-50.0,50,188.776031
-31.0,50,188.919835
-50.0,50,189.039903
-50.0,50,189.16906
-36.0,50,189.300132
-27.0,50,189.434707
-50.0,50,189.551173
-50.0,50,189.663294
-50.0,50,191.109282
-50.0,50,192.515788
-50.0,50,193.956228
-50.0,50,195.447924
-50.0,50,196.87407
-50.0,50,198.312384
-50.0,50,199.753337
-50.0,50,201.174755
-50.0,50,202.617294
-50.0,50,204.043978
-50.0,50,205.476716
-50.0,50,206.9243
-50.0,50,208.384344
-50.0,50,209.842573
-50.0,50,211.279221
-50.0,50,212.715651
-50.0,50,214.136401
-50.0,50,215.578331
-50.0,50,217.024996
-50.0,50,218.453924
-50.0,50,218.572214
-50.0,50,218.682833
-50.0,50,218.801908
-50.0,50,218.917539
-50.0,50,219.030439
-50.0,50,219.148589
-50.0,50,219.276924
-50.0,50,219.421966
-50.0,50,219.538575
-50.0,50,219.652637
-50.0,50,221.118305
-50.0,50,222.580605
-50.0,50,224.025264
-50.0,50,225.463403
-50.0,50,226.908678
-50.0,50,228.364032
-50.0,50,229.801385
-50.0,50,231.255819
-50.0,50,232.709371
-50.0,50,234.181988
-50.0,50,235.644413
-50.0,50,237.126371
-50.0,50,238.597005
-50.0,50,240.052746
0.0,50,241.505415
-50.0,50,242.980907
-50.0,50,244.447718
-50.0,50,245.942852
-50.0,50,247.432753
-21.0,50,248.934035
-50.0,50,249.049624
-50.0,50,249.164016
-50.0,50,249.293929
-50.0,50,249.418463
-50.0,50,249.535947
-50.0,50,249.660149
-50.0,50,249.800106
-50.0,50,249.910788
-50.0,50,250.03454
-50.0,50,250.147169
-50.0,50,251.641094
-50.0,50,253.153182
-50.0,50,254.647529
-50.0,50,256.145738
-50.0,50,257.647035
-38.0,50,259.162962
-50.0,50,260.662358
-50.0,50,262.213271
-50.0,50,263.752048
-50.0,50,265.314015
-50.0,50,266.83881
-50.0,50,268.380303
-50.0,50,269.905962
-50.0,50,271.422863
-50.0,50,272.9665
-50.0,50,274.480182
-50.0,50,275.992202
-50.0,50,277.513237
-50.0,50,279.038119
-50.0,50,280.549263
-50.0,50,280.673805
-50.0,50,280.808799
-50.0,50,280.921703
-50.0,50,281.033153
-33.0,50,281.15881
-50.0,50,281.280546
-50.0,50,281.38802
-50.0,50,281.497763
-50.0,50,281.606261
-50.0,50,281.717893
-50.0,50,283.241754
-50.0,50,284.763174
-50.0,50,286.246358
-50.0,50,287.783468
-50.0,50,289.339928
-50.0,50,290.896228
-50.0,50,292.455643
-50.0,50,294.020018
-50.0,50,295.609582
-50.0,50,297.150535
-50.0,50,298.701062
-50.0,50,300.261594
-50.0,50,301.832465
-50.0,50,303.411709
-50.0,50,305.001202
-50.0,50,306.551404
-50.0,50,308.106128
-50.0,50,309.689257
-50.0,50,311.251305
-50.0,50,312.842477
-50.0,50,312.958011
-20.0,50,313.088583
-50.0,50,313.215766
-50.0,50,313.333828
-50.0,50,313.451682
-17.0,50,313.590295
-50.0,50,313.720175
-30.0,50,313.848325
-24.0,50,313.980903
-50.0,50,314.105302
-50.0,50,315.678563
-50.0,50,317.261099
-50.0,50,318.854038
-50.0,50,320.470778
-50.0,50,322.075846
-50.0,50,323.680104
-50.0,50,325.27359
-50.0,50,326.860834
-50.0,50,328.462025
-50.0,50,330.051134
-50.0,50,331.646151
-50.0,50,333.238342
-50.0,50,334.855746
0.0,50,336.404612
-50.0,50,337.992202
-50.0,50,339.589749
-50.0,50,341.183518
-50.0,50,342.789052
-50.0,50,344.395292
-50.0,50,346.003189
-50.0,50,346.120048
-3.0,50,346.259322
-50.0,50,346.387074
-50.0,50,346.503929
-50.0,50,346.627047
-50.0,50,346.738125
-50.0,50,346.850235
-40.0,50,346.974341
-50.0,50,347.096526
-50.0,50,347.218027
-50.0,50,348.826935
-50.0,50,350.461328
-50.0,50,352.074733
-50.0,50,353.692098
-50.0,50,355.341216
-50.0,50,356.978037
-50.0,50,358.632537
-50.0,50,360.288304
-50.0,50,361.90015
-50.0,50,363.52732
-50.0,50,365.135822
-50.0,50,366.770691
-50.0,50,368.408709
-50.0,50,370.036072
-50.0,50,371.683127
-50.0,50,373.301164
-50.0,50,374.936941
-50.0,50,376.583191
-50.0,50,378.217742
-50.0,50,379.887225
-22.0,50,380.018965
-50.0,50,380.14201
-50.0,50,380.2605
0.0,50,380.390946
-50.0,50,380.527233
-50.0,50,380.649055
-50.0,50,380.766305
-50.0,50,380.880171
-50.0,50,380.99732
-50.0,50,381.116506
-50.0,50,382.817293
-50.0,50,384.481048
-50.0,50,386.164417
-50.0,50,387.843747
-50.0,50,389.509784
-50.0,50,391.16865
-50.0,50,392.860836
-50.0,50,394.516667
-50.0,50,396.202211
-50.0,50,397.896899
-50.0,50,399.572234
-50.0,50,401.245887
-50.0,50,402.974002
-50.0,50,404.702031
-50.0,50,406.429601
-50.0,50,408.172858
-50.0,50,409.901724
-50.0,50,411.625126
-50.0,50,413.341976
-50.0,50,415.08583
-50.0,50,415.211607
-50.0,50,415.353421
-50.0,50,415.488947
-50.0,50,415.621678
-50.0,50,415.743184
-50.0,50,415.871315
-40.0,50,415.998816
-50.0,50,416.117777
-36.0,50,416.245148
0.0,50,416.364866
-50.0,50,418.077871
-50.0,50,419.800405
-50.0,50,421.517821
-50.0,50,423.255015
-50.0,50,424.972755
-50.0,50,426.699806
-50.0,50,428.467291
-50.0,50,430.206043
-32.0,50,431.979205
-50.0,50,433.734438
-50.0,50,435.462421
-50.0,50,437.218197
-50.0,50,438.974485
-50.0,50,440.734599
-50.0,50,442.500659
-40.0,50,444.252518
-50.0,50,446.042125
-50.0,50,447.813569
-50.0,50,449.568885
-50.0,50,451.309602
-22.0,50,451.441968
-25.0,50,451.583637
-50.0,50,451.721905
-50.0,50,451.842784
-22.0,50,451.974666
-50.0,50,452.089715
-50.0,50,452.221662
-50.0,50,452.347506
-50.0,50,452.461615
-50.0,50,452.5941
-30.0,50,454.34657
-50.0,50,456.096686
-50.0,50,457.916739
-50.0,50,459.695329
-50.0,50,461.473605
-50.0,50,463.244622
-50.0,50,465.024405
0.0,50,466.824586
-50.0,50,468.578882
-50.0,50,470.35379
-50.0,50,472.137619
-50.0,50,473.908029
-50.0,50,475.694966
-50.0,50,477.46916
-50.0,50,479.267249
-50.0,50,481.050464
-50.0,50,482.870784
-50.0,50,484.694368
-50.0,50,486.502477
-21.0,50,488.317199
-50.0,50,488.446156
-50.0,50,488.577778
-21.0,50,488.711896
-50.0,50,488.831591
-50.0,50,488.949282
-50.0,50,489.063357
-50.0,50,489.202326
-50.0,50,489.334443
-50.0,50,489.464017
-50.0,50,489.592629
-50.0,50,491.392483
-50.0,50,493.207939
-50.0,50,495.062378
-50.0,50,496.888872
-50.0,50,498.740443
-50.0,50,500.558955
-50.0,50,502.398926
-50.0,50,504.224883
-50.0,50,506.051399
-50.0,50,507.88744
-50.0,50,509.733579
-50.0,50,511.554334
-50.0,50,513.385422
-50.0,50,515.223637
-50.0,50,517.069389
-50.0,50,518.899818
-50.0,50,520.74467
-50.0,50,522.583756
-50.0,50,524.403954
-16.0,50,526.293173
-50.0,50,526.438284
-50.0,50,526.574536
-28.0,50,526.701231
-50.0,50,526.823681
-50.0,50,526.947171
-50.0,50,527.063895
-50.0,50,527.181758
-50.0,50,527.308697
-50.0,50,527.442128
-50.0,50,527.570164
-50.0,50,529.413821
-50.0,50,531.298877
-50.0,50,533.162
-50.0,50,534.999379
-50.0,50,536.890403
-50.0,50,538.73676
-50.0,50,540.599058
-50.0,50,542.4862
-50.0,50,544.366132
-50.0,50,546.232536
-50.0,50,548.155779
-50.0,50,550.027076
-50.0,50,551.894438
-50.0,50,553.747202
-50.0,50,555.616015
-50.0,50,557.497415
-50.0,50,559.391518
-50.0,50,561.289287
-50.0,50,563.218375
-50.0,50,565.170634
-26.0,50,565.306158
-50.0,50,565.450346
0.0,50,565.598827
-29.0,50,565.742542
-50.0,50,565.871985
-27.0,50,566.011389
-21.0,50,566.141527
-50.0,50,566.278068
-50.0,50,566.401434
-12.0,50,566.533514
-50.0,50,568.431097
-50.0,50,570.33697
-50.0,50,572.223679
-50.0,50,574.106609
-50.0,50,575.982891
-50.0,50,577.87005
-50.0,50,579.755018
-50.0,50,581.644225
-50.0,50,583.546877
-50.0,50,585.442786
-50.0,50,587.371483
-50.0,50,589.264072
-50.0,50,591.17711
0.0,50,593.093089
-50.0,50,594.991933
-50.0,50,596.931726
-50.0,50,598.861282
-50.0,50,600.789187
-50.0,50,602.771996
-50.0,50,604.701277
-50.0,50,604.820012
-50.0,50,604.938104
-50.0,50,605.054073
0.0,50,605.178046
-23.0,50,605.320214
-50.0,50,605.449316
-50.0,50,605.583989
-44.0,50,605.720912
-50.0,50,605.855015
-50.0,50,605.989566
-50.0,50,607.913842
-50.0,50,609.849016
-50.0,50,611.774847
-50.0,50,613.712341
-50.0,50,615.644292
-50.0,50,617.564699
-50.0,50,619.496264
-50.0,50,621.438334
-50.0,50,623.444888
-50.0,50,625.416761
-50.0,50,627.354534
-50.0,50,629.301383
-50.0,50,631.241502
-50.0,50,633.20014
-50.0,50,635.259881
-50.0,50,637.234356
-50.0,50,639.232006
-50.0,50,641.225812
-50.0,50,643.211409
-33.0,50,645.173583
-24.0,50,645.300372
0.0,50,645.407775
-50.0,50,645.519685
-50.0,50,645.661167
-50.0,50,645.788726
-22.0,50,645.927953
-50.0,50,646.054477
-50.0,50,646.187056
-50.0,50,646.313558
0.0,50,646.424628
-50.0,50,648.985141
-50.0,50,654.919986
-50.0,50,657.069465
-50.0,50,659.171712
-50.0,50,661.333855
-50.0,50,663.517372
-50.0,50,670.262286
-50.0,50,674.622135
-50.0,50,676.614512
-50.0,50,678.617649
-50.0,50,680.648196
-50.0,50,682.61344
-50.0,50,684.615285
-50.0,50,686.619615
-50.0,50,688.606136
-50.0,50,690.614429
-50.0,50,692.620909
-50.0,50,694.635482
-50.0,50,696.616637
-50.0,50,698.671717
-19.0,50,699.056633
-50.0,50,699.624843
-2.0,50,700.156954
-50.0,50,700.683853
-49.0,50,701.09223
-50.0,50,701.216285
-50.0,50,701.356349
-50.0,50,701.493341
-50.0,50,701.645721
-50.0,50,701.787992
-50.0,50,703.811656
-50.0,50,705.797517
-50.0,50,707.802629
-50.0,50,709.798356
-50.0,50,711.813142
-50.0,50,713.839852
-50.0,50,715.881577
-50.0,50,717.952161
-50.0,50,719.965633
-50.0,50,722.028907
-50.0,50,724.085395
-50.0,50,726.119361
-50.0,50,728.175945
-50.0,50,730.253716
-50.0,50,732.343113
-50.0,50,734.416933
-50.0,50,736.528666
-50.0,50,738.609636
-50.0,50,740.686151
-27.0,50,742.766361
-50.0,50,742.877014
-50.0,50,743.015385
-50.0,50,743.146501
-50.0,50,743.272039
-50.0,50,743.402839
-24.0,50,743.537482
0.0,50,743.657512
-50.0,50,743.794686
-50.0,50,743.909911
-50.0,50,744.0301
-50.0,50,746.089565
-50.0,50,748.160574
-50.0,50,750.225805
-50.0,50,752.318801
-50.0,50,754.391184
-50.0,50,756.490148
-50.0,50,758.556167
-50.0,50,760.628267
-50.0,50,762.691519
-50.0,50,764.781396
-50.0,50,766.84837
-50.0,50,768.934388
-50.0,50,770.996451
-50.0,50,773.075911
-50.0,50,775.160057
-50.0,50,777.229752
-50.0,50,779.327329
-50.0,50,781.415073
-50.0,50,783.517661
-27.0,50,785.619201
0.0,50,785.745098
-50.0,50,785.865115
-20.0,50,785.99402
0.0,50,786.133127
-47.0,50,786.259333
-50.0,50,786.385508
-50.0,50,786.502817
-29.0,50,786.629599
-23.0,50,786.764883
-50.0,50,786.886626
-50.0,50,788.962193
-50.0,50,791.062332
-50.0,50,793.146321
-50.0,50,795.246525
-50.0,50,797.323344
-50.0,50,799.444097
-50.0,50,801.56617
-50.0,50,803.711652
-50.0,50,805.843222
-50.0,50,807.97735
-50.0,50,810.108098
-50.0,50,812.244224
-50.0,50,814.370897
-50.0,50,816.497721
-50.0,50,818.639643
-50.0,50,820.771399
-50.0,50,822.907782
-50.0,50,825.066356
-50.0,50,827.224901
-50.0,50,829.386983
-50.0,50,829.511362
-20.0,50,829.641016
-50.0,50,829.774294
-50.0,50,829.902908
-50.0,50,830.017021
-50.0,50,830.145645
-50.0,50,830.274241
-50.0,50,830.388165
-50.0,50,830.509482
-50.0,50,830.636879
-50.0,50,832.778664
-50.0,50,834.943712
-50.0,50,837.154296
-50.0,50,839.330256
-50.0,50,841.530793
-50.0,50,843.762804
-50.0,50,846.007459
-50.0,50,848.209971
-50.0,50,850.384636
0.0,50,852.562691
-50.0,50,854.693553
-50.0,50,856.853945
-50.0,50,859.005578
-50.0,50,861.176913
-50.0,50,863.326874
-50.0,50,865.49518
-50.0,50,867.666948
-50.0,50,869.842236
-50.0,50,872.032516
-50.0,50,874.227236
-21.0,50,874.353952
-50.0,50,874.474367
-50.0,50,874.598747
-50.0,50,874.723326
-24.0,50,874.860847
-26.0,50,874.990596
-50.0,50,875.114825
-23.0,50,875.246564
-50.0,50,875.36545
-50.0,50,875.491521
-50.0,50,877.664562
-50.0,50,879.846317
-50.0,50,882.037645
-50.0,50,884.195899
-50.0,50,886.363082
-50.0,50,888.549903
-50.0,50,890.731122
-50.0,50,892.904729
-50.0,50,895.064801
-50.0,50,897.251072
-50.0,50,899.427478
-50.0,50,901.649411
-50.0,50,903.86599
-50.0,50,906.120363
-50.0,50,908.368409
-36.0,50,910.608068
-50.0,50,912.847351
-50.0,50,915.099973
-50.0,50,917.29306
-26.0,50,919.528298
-32.0,50,919.657283
-50.0,50,919.787999
-50.0,50,919.920048
-26.0,50,920.050187
-50.0,50,920.172587
-50.0,50,920.304119
-41.0,50,920.431205
-50.0,50,920.554372
-50.0,50,920.667992
-50.0,50,920.796237
-50.0,50,923.015614
-50.0,50,925.225102
-50.0,50,927.422532
-50.0,50,929.664231
-50.0,50,931.881541
-50.0,50,934.168073
-50.0,50,936.372075
-50.0,50,938.604478
-50.0,50,940.823149
-50.0,50,943.071842
-50.0,50,945.314252
-50.0,50,947.535317
-50.0,50,949.784299
-16.0,50,952.05893
-39.0,50,954.347517
-50.0,50,956.640232
-50.0,50,958.949932
-50.0,50,961.261496
-50.0,50,963.552668
-21.0,50,965.831096
-50.0,50,965.952784
-50.0,50,966.074054
-26.0,50,966.202766
-50.0,50,966.327229
-21.0,50,966.4602
-50.0,50,966.571934
-30.0,50,966.703757
-43.0,50,966.842835
-50.0,50,966.965269
-50.0,50,967.085595
-50.0,50,969.361747
-50.0,50,971.639223
-50.0,50,975.755298
-50.0,50,978.043768
-50.0,50,980.333332
-50.0,50,982.611939
-50.0,50,984.909781
-50.0,50,989.05473
-50.0,50,993.256359
-50.0,50,995.592849
-50.0,50,997.905481
-50.0,50,1000.216972
-50.0,50,1002.503617
-50.0,50,1004.814397
-18.0,50,1007.12004
-50.0,50,1009.431767
-50.0,50,1011.74021
-50.0,50,1014.041761
-50.0,50,1016.344592
-41.0,50,1018.691067
-50.0,50,1018.815593
-50.0,50,1018.936458
-50.0,50,1019.061244
-18.0,50,1019.188932
-50.0,50,1019.303031
-35.0,50,1019.42788
-50.0,50,1019.549744
-50.0,50,1019.66802
-50.0,50,1019.788587
-50.0,50,1019.923462
-50.0,50,1022.205187
-50.0,50,1024.494502
-46.0,50,1026.800554
-50.0,50,1029.104031
-50.0,50,1031.386783
-50.0,50,1033.689163
-50.0,50,1036.060658
-50.0,50,1038.417762
-50.0,50,1040.711504
-50.0,50,1043.0186
-50.0,50,1045.335881
-50.0,50,1047.687628
-50.0,50,1050.001314
-50.0,50,1052.364928
-50.0,50,1054.693811
-50.0,50,1057.072845
-50.0,50,1059.425974
-50.0,50,1061.759296
-50.0,50,1064.125019
-50.0,50,1066.502694
-50.0,50,1066.629512
-50.0,50,1066.752884
-33.0,50,1066.88374
-45.0,50,1067.006931
-18.0,50,1067.136197
-50.0,50,1067.251923
-50.0,50,1067.368332
-14.0,50,1067.485778
-50.0,50,1067.607343
-50.0,50,1067.737548
-50.0,50,1070.066167
-50.0,50,1072.390468
-50.0,50,1074.733814
-50.0,50,1077.080041
-50.0,50,1079.435367
-50.0,50,1081.777738
-50.0,50,1084.191498
-50.0,50,1086.56871
-41.0,50,1088.922781
-50.0,50,1091.294907
-50.0,50,1093.683395
-50.0,50,1096.060959
-50.0,50,1098.396838
-50.0,50,1100.750187
-50.0,50,1103.157493
-50.0,50,1105.552668
-50.0,50,1107.935309
-44.0,50,1110.326011
-50.0,50,1112.695913
-17.0,50,1115.089419
-50.0,50,1115.212442
-50.0,50,1115.348722
-50.0,50,1115.46603
-49.0,50,1115.584318
-50.0,50,1115.716986
-50.0,50,1115.851311
0.0,50,1115.975607
-50.0,50,1116.098352
-50.0,50,1116.217608
-50.0,50,1116.336772
-50.0,50,1118.707397
-50.0,50,1121.07394
-50.0,50,1123.462747
-38.0,50,1125.844723
-50.0,50,1128.237059
-44.0,50,1130.630092
-50.0,50,1133.031197
0.0,50,1135.434643
-50.0,50,1137.820048
-50.0,50,1140.215701
-50.0,50,1142.58856
-50.0,50,1144.978331
-50.0,50,1147.371702
-50.0,50,1149.760277
-50.0,50,1152.158073
-50.0,50,1154.495828
-50.0,50,1156.852098
-50.0,50,1159.206101
-50.0,50,1161.592018
-50.0,50,1164.014591
0.0,50,1164.141511
-50.0,50,1164.268072
-50.0,50,1164.384065
0.0,50,1164.512357
-27.0,50,1164.640601
-22.0,50,1164.770046
-50.0,50,1164.900964
-50.0,50,1165.02381
-50.0,50,1165.136024
-50.0,50,1165.27801
-50.0,50,1167.662037
-50.0,50,1170.081505
-50.0,50,1172.49179
-50.0,50,1174.900543
-50.0,50,1177.364787
-50.0,50,1179.773681
-50.0,50,1182.211689
-50.0,50,1184.66278
-50.0,50,1187.142157
-50.0,50,1189.576297
-50.0,50,1191.98636
-50.0,50,1194.400134
-50.0,50,1196.8103
-50.0,50,1199.254511
-50.0,50,1201.708061
-50.0,50,1204.137275
-50.0,50,1206.584745
-50.0,50,1209.022584
-50.0,50,1211.432528
-50.0,50,1213.882475
-50.0,50,1214.002439
-20.0,50,1214.137378
-21.0,50,1214.27191
-50.0,50,1214.396286
-50.0,50,1214.515507
-24.0,50,1214.642084
-29.0,50,1214.776994
-30.0,50,1214.912046
-29.0,50,1215.044795
-50.0,50,1215.171386
-50.0,50,1217.64728
-50.0,50,1220.066755
-50.0,50,1222.53363
-48.0,50,1225.002048
-50.0,50,1227.483121
-50.0,50,1229.968324
-46.0,50,1232.470913
-47.0,50,1235.04291
-27.0,50,1237.553299
-32.0,50,1240.070697
-50.0,50,1242.572967
-50.0,50,1245.138031
-50.0,50,1247.619097
-30.0,50,1250.104832
-50.0,50,1252.638299
-50.0,50,1255.236581
-50.0,50,1257.730416
-50.0,50,1260.250421
-50.0,50,1262.782051
-38.0,50,1265.262863
-50.0,50,1265.394814
-18.0,50,1265.525219
-50.0,50,1265.655622
-50.0,50,1265.79791
-26.0,50,1265.942467
-50.0,50,1266.080182
-50.0,50,1266.213193
-50.0,50,1266.335834
-24.0,50,1266.488692
-50.0,50,1266.623755
-50.0,50,1269.158515
-50.0,50,1271.75856
-50.0,50,1274.246335
-50.0,50,1276.780276
-50.0,50,1279.345856
-50.0,50,1281.839882
-48.0,50,1284.348894
-50.0,50,1286.910313
-50.0,50,1289.491589
-50.0,50,1292.051833
-50.0,50,1294.620853
-50.0,50,1297.178267
-42.0,50,1299.742938
-50.0,50,1302.313438
-50.0,50,1304.868139
-50.0,50,1307.450002
-50.0,50,1310.021031
-50.0,50,1312.583124
-50.0,50,1315.184092
-50.0,50,1317.798079
-25.0,50,1317.943835
-31.0,50,1318.076428
-50.0,50,1318.200236
-50.0,50,1318.317907
-50.0,50,1318.462711
-50.0,50,1318.601088
-21.0,50,1318.737646
-50.0,50,1318.860407
-23.0,50,1319.002841
-50.0,50,1319.145493
-50.0,50,1321.726639
-50.0,50,1324.370804
-50.0,50,1326.957575
-50.0,50,1329.517737
-50.0,50,1332.128308
-50.0,50,1334.695628
-50.0,50,1337.299034
-50.0,50,1339.930502
-50.0,50,1342.52467
-50.0,50,1345.123031
-50.0,50,1347.717477
-50.0,50,1350.324109
-50.0,50,1352.937645
-50.0,50,1355.602288
-50.0,50,1358.183402
-50.0,50,1360.782029
-50.0,50,1363.467761
-50.0,50,1366.050943
-50.0,50,1368.639048
-50.0,50,1371.319568
-50.0,50,1371.447802
-25.0,50,1371.579476
-50.0,50,1371.709178
-30.0,50,1371.882478
-50.0,50,1372.023953
0.0,50,1372.163747
-50.0,50,1372.296036
-50.0,50,1372.455722
-27.0,50,1372.612129
-50.0,50,1372.743733
-50.0,50,1375.379612
-50.0,50,1378.045484
-50.0,50,1380.663897
-50.0,50,1383.253311
-36.0,50,1385.778207
-50.0,50,1388.413889
-50.0,50,1391.491079
-50.0,50,1394.419756
-50.0,50,1397.147374
-50.0,50,1399.763706
-48.0,50,1402.381399
-30.0,50,1405.004917
-50.0,50,1407.610809
-50.0,50,1410.23234
-50.0,50,1412.870029
-50.0,50,1415.711193
-50.0,50,1418.552061
-50.0,50,1421.310491
-50.0,50,1424.142051
-50.0,50,1426.876972
-25.0,50,1427.022389
-33.0,50,1427.16504
-44.0,50,1427.309927
-50.0,50,1427.435334
-50.0,50,1427.583399
-43.0,50,1427.724106
-36.0,50,1427.852557
-45.0,50,1427.974789
-26.0,50,1428.112165
-50.0,50,1428.237188
0.0,50,1430.840223
-50.0,50,1433.458172
-50.0,50,1436.129028
-50.0,50,1438.881681
-50.0,50,1441.616795
-50.0,50,1444.315773
-50.0,50,1447.078678
-2.0,50,1449.903658
-50.0,50,1452.772055
-50.0,50,1455.563656
-50.0,50,1458.241058
-50.0,50,1461.088086
-50.0,50,1463.931585
-50.0,50,1466.666647
0.0,50,1469.424679
-50.0,50,1472.207145
-50.0,50,1475.042474
-50.0,50,1477.724025
-50.0,50,1480.404719
-27.0,50,1483.114355
-50.0,50,1483.245278
-23.0,50,1483.371058
-50.0,50,1483.491345
-49.0,50,1483.626029
-21.0,50,1483.755033
-41.0,50,1483.892073
-43.0,50,1484.032232
-40.0,50,1484.16428
-24.0,50,1484.306518
-50.0,50,1484.438833
-50.0,50,1487.170314
-50.0,50,1489.947612
-50.0,50,1492.652473
-50.0,50,1495.292627
-50.0,50,1498.081313
-50.0,50,1501.60927
-50.0,50,1504.42013
-50.0,50,1507.4164
-50.0,50,1510.370296
-50.0,50,1513.209951
-50.0,50,1515.916366
-39.0,50,1518.656019
-50.0,50,1521.530197
0.0,50,1524.57822
-50.0,50,1527.247175
-39.0,50,1530.048002
-50.0,50,1532.699607
-50.0,50,1536.716831
-50.0,50,1539.748987
-50.0,50,1542.638214
-50.0,50,1542.778433
-41.0,50,1542.921166
-23.0,50,1543.11248
-20.0,50,1543.239909
-23.0,50,1543.385124
-36.0,50,1543.536268
-50.0,50,1543.697527
-14.0,50,1543.828285
-35.0,50,1543.973133
0.0,50,1544.097577
-50.0,50,1546.992322
-50.0,50,1549.6922
-50.0,50,1552.674879
-46.0,50,1555.48789
-38.0,50,1558.173803
-50.0,50,1561.182054
-50.0,50,1564.133811
-50.0,50,1567.789985
-50.0,50,1571.057806
-50.0,50,1574.041505
-50.0,50,1577.193237
-50.0,50,1580.330887
-50.0,50,1583.535866
-50.0,50,1586.721353
-31.0,50,1589.816438
-50.0,50,1592.887861
-50.0,50,1595.986878
-50.0,50,1599.116702
-50.0,50,1602.286241
-28.0,50,1605.562321
-50.0,50,1605.716742
-27.0,50,1605.856666
-50.0,50,1606.011902
-23.0,50,1606.163776
-50.0,50,1606.304792
-50.0,50,1606.470399
-20.0,50,1606.686354
-50.0,50,1606.846244
-30.0,50,1607.003692
-50.0,50,1607.141078
-50.0,50,1610.323992
-29.0,50,1613.185151
-50.0,50,1615.950098
-50.0,50,1618.737682
-50.0,50,1621.511657
-50.0,50,1624.757106
-50.0,50,1627.736081
-50.0,50,1630.554562
-50.0,50,1633.355869
-34.0,50,1636.170215
-50.0,50,1638.974101
-50.0,50,1641.721237
-50.0,50,1644.439875
-50.0,50,1647.167891
-50.0,50,1649.913319
-41.0,50,1652.644851
-50.0,50,1655.362412
-50.0,50,1658.086698
-50.0,50,1660.817783
-50.0,50,1663.57073
-31.0,50,1663.694533
-50.0,50,1663.820408
-50.0,50,1663.947511
-50.0,50,1664.077214
-26.0,50,1664.214931
-32.0,50,1664.351152
-50.0,50,1664.485532
-29.0,50,1664.622091
-19.0,50,1664.760329
-50.0,50,1664.900622
-50.0,50,1667.636375
-50.0,50,1670.394006
-50.0,50,1673.129953
-50.0,50,1675.896651
-50.0,50,1678.671855
-50.0,50,1681.523511
-50.0,50,1684.328118
-50.0,50,1687.051227
-20.0,50,1689.946471
-50.0,50,1692.699624
-50.0,50,1695.429733
-50.0,50,1698.178097
-50.0,50,1700.949857
-50.0,50,1703.715845
-50.0,50,1706.47166
-50.0,50,1709.213795
-41.0,50,1712.020766
-50.0,50,1714.793302
-50.0,50,1717.634905
-25.0,50,1720.439919
-50.0,50,1720.567984
-21.0,50,1720.708344
0.0,50,1720.853954
-25.0,50,1720.99488
-17.0,50,1721.128845
-50.0,50,1721.259156
-21.0,50,1721.413767
-50.0,50,1721.542964
-24.0,50,1721.688077
-50.0,50,1721.829487
-50.0,50,1724.762628
-23.0,50,1727.56795
-50.0,50,1730.346026
-50.0,50,1733.152817
-50.0,50,1735.940109
-26.0,50,1738.737713
-45.0,50,1741.544586
-50.0,50,1744.3441
-50.0,50,1747.198729
-50.0,50,1750.000333
-50.0,50,1752.810891
-50.0,50,1755.678922
-50.0,50,1758.474964
-50.0,50,1761.265819
-50.0,50,1764.061032
-50.0,50,1766.881142
-50.0,50,1769.689449
-50.0,50,1772.56202
-50.0,50,1775.412406
-18.0,50,1778.223769
-20.0,50,1778.365277
-29.0,50,1778.502335
-33.0,50,1778.649326
-23.0,50,1778.782279
-31.0,50,1778.910716
-50.0,50,1779.074446
-27.0,50,1779.219263
-50.0,50,1779.360548
-48.0,50,1779.491425
-50.0,50,1779.613584
-50.0,50,1782.467747
-46.0,50,1785.249902
-50.0,50,1788.044767
-50.0,50,1790.850473
-50.0,50,1793.695684
-50.0,50,1796.542002
-50.0,50,1799.387153
-50.0,50,1802.198773
-50.0,50,1805.059026
-50.0,50,1807.915743
-50.0,50,1810.71611
-50.0,50,1813.500525
-50.0,50,1816.294896
-50.0,50,1819.116784
-50.0,50,1821.955363
-50.0,50,1824.914194
-50.0,50,1827.72871
-50.0,50,1830.561553
-47.0,50,1833.416003
0.0,50,1836.345964
-18.0,50,1836.492842
-35.0,50,1836.645979
-24.0,50,1836.79525
-49.0,50,1836.929099
-50.0,50,1837.063548
-28.0,50,1837.210274
-50.0,50,1837.361074
-50.0,50,1837.495517
-31.0,50,1837.629546
-50.0,50,1837.798338
-50.0,50,1840.708633
-50.0,50,1843.594065
-50.0,50,1846.475832
-50.0,50,1849.48786
-50.0,50,1852.460339
-50.0,50,1855.38763
-50.0,50,1858.370493
-50.0,50,1861.316315
-43.0,50,1864.260761
-50.0,50,1867.161678
-50.0,50,1870.044424
-50.0,50,1872.927712
-40.0,50,1876.033278
-50.0,50,1878.902938
-50.0,50,1881.80984
-20.0,50,1884.709349
-50.0,50,1887.597543
-24.0,50,1890.47713
-50.0,50,1893.514489
-30.0,50,1897.439297
-29.0,50,1897.66897
-23.0,50,1897.90939
-50.0,50,1898.103519
-46.0,50,1898.314017
-29.0,50,1898.49471
-25.0,50,1898.658857
-36.0,50,1898.801064
-50.0,50,1898.955436
-50.0,50,1899.117504
-50.0,50,1899.283147
-50.0,50,1902.812801
-50.0,50,1906.186664
-50.0,50,1909.563936
-50.0,50,1912.713875
-50.0,50,1916.006252
-50.0,50,1918.985188
-50.0,50,1922.293753
-50.0,50,1925.660074
-50.0,50,1928.859638
-47.0,50,1931.870156
-28.0,50,1934.801895
-48.0,50,1937.753586
-42.0,50,1940.686706
-50.0,50,1943.669344
-50.0,50,1946.601745
-50.0,50,1949.508313
-50.0,50,1952.412144
-50.0,50,1955.307423
-50.0,50,1958.219279
-21.0,50,1961.145788
-21.0,50,1961.277363
-50.0,50,1961.399774
-50.0,50,1961.536701
-25.0,50,1961.676548
-50.0,50,1961.80303
-50.0,50,1961.962391
-19.0,50,1962.08921
-50.0,50,1962.208186
-50.0,50,1962.330645
-50.0,50,1962.4491
-50.0,50,1965.365784
-50.0,50,1968.332956
-50.0,50,1971.293103
-50.0,50,1974.260303
-37.0,50,1977.218442
-50.0,50,1980.160929
-50.0,50,1983.080795
-34.0,50,1986.021188
-50.0,50,1988.95609
-40.0,50,1991.892169
-50.0,50,1994.85578
-50.0,50,1997.80853
-50.0,50,2000.78439
-50.0,50,2003.766728
-50.0,50,2006.751107
-50.0,50,2009.725179
-50.0,50,2012.671055
-16.0,50,2015.623594
-50.0,50,2018.593803
-24.0,50,2021.552118
-50.0,50,2021.689698
-50.0,50,2021.820498
-50.0,50,2021.950501
-49.0,50,2022.079286
0.0,50,2022.216492
-13.0,50,2022.361536
-50.0,50,2022.500268
-18.0,50,2022.637081
-17.0,50,2022.775398
-50.0,50,2022.900714
-50.0,50,2025.830401
-50.0,50,2028.789043
-50.0,50,2031.749523
-50.0,50,2034.82383
-50.0,50,2038.296241
0.0,50,2041.614227
-50.0,50,2044.877629
-50.0,50,2048.139038
-50.0,50,2051.45924
-49.0,50,2054.77931
-50.0,50,2058.138208
-50.0,50,2061.583254
-50.0,50,2064.861942
-50.0,50,2068.13889
-50.0,50,2071.422356
-50.0,50,2074.726939
-50.0,50,2078.02476
-49.0,50,2081.318973
-50.0,50,2084.611809
-50.0,50,2087.894616
0.0,50,2088.044868
-21.0,50,2088.192903
-50.0,50,2088.329925
-50.0,50,2088.498899
-25.0,50,2088.652517
-50.0,50,2088.794798
-50.0,50,2088.94295
-50.0,50,2089.091892
-50.0,50,2089.242292
-32.0,50,2089.395009
-50.0,50,2092.661961
-50.0,50,2095.958727
-50.0,50,2099.183963
-45.0,50,2102.537302
-46.0,50,2105.856153
-50.0,50,2109.195409
-32.0,50,2112.552847
-50.0,50,2115.885251
-50.0,50,2119.21063
-28.0,50,2122.561044
-50.0,50,2125.853322
-49.0,50,2129.156431
-50.0,50,2132.507523
-50.0,50,2135.902647
-50.0,50,2139.263662
-50.0,50,2142.61287
0.0,50,2145.933594
0.0,50,2149.261694
-50.0,50,2152.611543
-34.0,50,2155.936424
-36.0,50,2156.091457
-19.0,50,2156.261578
-38.0,50,2156.447059
-16.0,50,2156.599956
-16.0,50,2156.748015
-50.0,50,2156.887851
-50.0,50,2157.048166
-40.0,50,2157.204994
-50.0,50,2157.357974
-50.0,50,2157.50888
-50.0,50,2160.858666
-50.0,50,2164.217427
-50.0,50,2167.57685
-50.0,50,2170.952946
-50.0,50,2174.305959
-50.0,50,2177.680325
-48.0,50,2181.076567
-50.0,50,2184.467172
0.0,50,2187.874541
-50.0,50,2191.242809
-50.0,50,2194.538682
0.0,50,2197.835254
-34.0,50,2201.214704
-50.0,50,2204.622049
-50.0,50,2208.065124
-50.0,50,2211.486627
-50.0,50,2214.894756
-44.0,50,2218.298962
-50.0,50,2221.675837
-50.0,50,2225.068436
-22.0,50,2225.220316
-18.0,50,2225.384356
-50.0,50,2225.542937
-24.0,50,2225.69729
-21.0,50,2225.84883
-50.0,50,2226.001241
-50.0,50,2226.150319
-50.0,50,2226.296952
-30.0,50,2226.45619
-50.0,50,2226.604657
-50.0,50,2230.010794
-44.0,50,2233.400815
-50.0,50,2236.828558
-50.0,50,2240.210021
-38.0,50,2243.627908
-50.0,50,2246.981794
-43.0,50,2250.332574
-50.0,50,2253.753572
-50.0,50,2257.208277
-50.0,50,2260.664626
-50.0,50,2264.046486
-50.0,50,2267.427339
-50.0,50,2270.802429
-50.0,50,2274.172831
-47.0,50,2277.602391
-50.0,50,2280.973826
-50.0,50,2284.34692
-50.0,50,2287.76263
-14.0,50,2291.244583
-50.0,50,2294.678016
-10.0,50,2294.835274
-50.0,50,2294.990839
-22.0,50,2295.140138
-50.0,50,2295.30122
-32.0,50,2295.458646
-12.0,50,2295.621668
-3.0,50,2295.762024
-50.0,50,2295.920683
-50.0,50,2296.068741
-50.0,50,2296.222743
-50.0,50,2299.655549
-50.0,50,2303.117659
-50.0,50,2306.536221
-50.0,50,2310.001992
0.0,50,2313.417145
-50.0,50,2316.770758
-50.0,50,2320.194854
-50.0,50,2323.652996
-50.0,50,2327.094292
-50.0,50,2330.542598
-50.0,50,2333.97287
-50.0,50,2337.448075
-50.0,50,2340.910245
-35.0,50,2344.381081
-50.0,50,2347.894102
-50.0,50,2351.406762
-50.0,50,2354.916502
-50.0,50,2358.417455
-26.0,50,2361.93165
-19.0,50,2365.415398
-50.0,50,2365.581649
-20.0,50,2365.729293
-50.0,50,2365.877285
-50.0,50,2366.007446
-19.0,50,2366.155976
-30.0,50,2366.312742
-17.0,50,2366.457695
-16.0,50,2366.603927
-50.0,50,2366.800932
-50.0,50,2366.925095
-50.0,50,2370.315048
-50.0,50,2373.773252
-50.0,50,2377.283174
-50.0,50,2380.775291
-23.0,50,2384.258641
-24.0,50,2387.777095
-50.0,50,2391.250909
-50.0,50,2394.729665
-40.0,50,2398.241368
-50.0,50,2401.764967
-50.0,50,2405.268422
-32.0,50,2408.766009
-40.0,50,2412.250468
0.0,50,2415.748089
-50.0,50,2419.255451
-24.0,50,2422.782141
-46.0,50,2426.294026
-50.0,50,2429.76714
-50.0,50,2433.293696
-27.0,50,2436.927522
-50.0,50,2437.077362
-23.0,50,2437.238617
-50.0,50,2437.439878
-32.0,50,2437.595799
-50.0,50,2437.757633
-32.0,50,2437.915651
-50.0,50,2438.077145
-28.0,50,2438.245115
0.0,50,2438.412439
-50.0,50,2438.564975
-50.0,50,2442.193165
-50.0,50,2445.761976
-50.0,50,2449.308795
-50.0,50,2452.907311
-50.0,50,2456.65377
-50.0,50,2460.256167
-50.0,50,2463.877097
-50.0,50,2467.491013
-21.0,50,2471.081012
-50.0,50,2474.665852
-50.0,50,2478.30788
-50.0,50,2481.93977
-50.0,50,2485.544784
-50.0,50,2489.177232
0.0,50,2492.754578
-50.0,50,2496.347517
-50.0,50,2499.923914
-8.0,50,2503.513645
-26.0,50,2507.178608
-50.0,50,2510.841552
-50.0,50,2510.996823
-19.0,50,2511.167009
-27.0,50,2511.318617
-29.0,50,2511.473467
-50.0,50,2511.631745
-43.0,50,2511.777452
-25.0,50,2511.928618
-38.0,50,2512.076443
-27.0,50,2512.241745
-50.0,50,2512.374689
-50.0,50,2516.021116
-50.0,50,2519.668104
-50.0,50,2523.355547
-50.0,50,2526.994052
-50.0,50,2530.679443
-50.0,50,2534.330062
-50.0,50,2538.011705
-30.0,50,2541.698955
-50.0,50,2545.384805
-50.0,50,2549.040233
-50.0,50,2552.677552
-21.0,50,2556.304625
-50.0,50,2560.006708
-50.0,50,2563.687185
-50.0,50,2567.408669
-38.0,50,2571.108614
-38.0,50,2574.844319
-50.0,50,2578.474844
-19.0,50,2582.245038
-50.0,50,2586.004998
-20.0,50,2586.172467
-23.0,50,2586.318042
-50.0,50,2586.479928
-50.0,50,2586.617131
0.0,50,2586.784857
-50.0,50,2586.969609
-50.0,50,2587.163033
-50.0,50,2587.32339
-28.0,50,2587.471742
-50.0,50,2587.618559
-50.0,50,2591.35627
-50.0,50,2595.104456
-50.0,50,2598.809817
-50.0,50,2602.475442
-50.0,50,2606.148226
-50.0,50,2609.786649
-50.0,50,2613.438183
-50.0,50,2617.104788
-50.0,50,2620.749557
-50.0,50,2624.414405
-50.0,50,2628.062189
-50.0,50,2631.686096
-50.0,50,2635.382663
-50.0,50,2639.105123
-50.0,50,2642.746171
-50.0,50,2646.347541
-50.0,50,2649.98961
-22.0,50,2653.670867
-50.0,50,2657.30223
-35.0,50,2660.985949
-50.0,50,2661.135185
-15.0,50,2661.301863
-50.0,50,2661.470754
-22.0,50,2661.629926
-50.0,50,2661.782721
-27.0,50,2661.928676
-31.0,50,2662.084119
-19.0,50,2662.232263
-50.0,50,2662.372794
-50.0,50,2662.528798
-50.0,50,2666.233431
-50.0,50,2669.947787
-50.0,50,2673.620101
-50.0,50,2677.300153
-50.0,50,2680.994538
-41.0,50,2684.670551
-50.0,50,2688.373989
-50.0,50,2692.101848
-50.0,50,2695.794552
-29.0,50,2699.461693
-42.0,50,2703.078846
-50.0,50,2706.733132
-50.0,50,2710.347276
-50.0,50,2714.051578
-50.0,50,2717.745944
-50.0,50,2721.449895
-50.0,50,2725.08431
-27.0,50,2728.990013
-50.0,50,2732.690896
-42.0,50,2736.438683
-34.0,50,2736.620622
-50.0,50,2736.766091
-39.0,50,2736.920803
-50.0,50,2737.076765
-25.0,50,2737.235922
-50.0,50,2737.390848
-50.0,50,2737.549211
-50.0,50,2737.701753
-34.0,50,2737.858223
-47.0,50,2737.992146
-50.0,50,2741.633533
-50.0,50,2745.293022
-50.0,50,2748.957494
-50.0,50,2752.677253
-50.0,50,2756.36978
-50.0,50,2760.057049
-50.0,50,2763.796396
-50.0,50,2767.476372
-50.0,50,2771.152879
-50.0,50,2774.851447
-50.0,50,2778.895787
-50.0,50,2782.662544
-50.0,50,2786.290566
-37.0,50,2790.015628
-50.0,50,2793.726438
-50.0,50,2797.464607
-50.0,50,2801.178981
-50.0,50,2804.897327
-50.0,50,2808.632217
-22.0,50,2812.406339
-21.0,50,2812.557042
-50.0,50,2812.705997
-26.0,50,2812.845246
-16.0,50,2812.992778
-21.0,50,2813.146289
-25.0,50,2813.286063
-50.0,50,2813.457108
-48.0,50,2813.593823
-50.0,50,2813.760978
-50.0,50,2813.909307
-50.0,50,2817.656922
-50.0,50,2821.376347
-50.0,50,2825.052928
-50.0,50,2828.728746
-38.0,50,2832.450598
-50.0,50,2836.198355
0.0,50,2839.977842
-50.0,50,2843.701821
-50.0,50,2847.465148
-50.0,50,2851.230085
-50.0,50,2854.997049
-50.0,50,2858.734268
-50.0,50,2862.468099
-50.0,50,2866.198569
-50.0,50,2869.962055
-11.0,50,2873.723248
-50.0,50,2877.479108
-50.0,50,2881.252909
-50.0,50,2884.984291
-50.0,50,2888.742303
-50.0,50,2888.903815
-50.0,50,2889.061592
-50.0,50,2889.19485
-15.0,50,2889.354264
-18.0,50,2889.505491
-50.0,50,2889.653941
-50.0,50,2889.80869
-50.0,50,2889.959008
-17.0,50,2890.111634
-50.0,50,2890.256861
-50.0,50,2894.035092
-50.0,50,2897.791373
-50.0,50,2901.563902
-50.0,50,2905.344088
-50.0,50,2909.064987
-50.0,50,2912.838531
-50.0,50,2916.606108
-50.0,50,2920.539356
-50.0,50,2924.400323
0.0,50,2928.218208
-50.0,50,2931.971162
-49.0,50,2935.785666
-50.0,50,2939.535034
-43.0,50,2943.340961
-50.0,50,2947.097477
-50.0,50,2950.875068
-50.0,50,2954.68248
-22.0,50,2958.493185
-50.0,50,2962.308587
-50.0,50,2966.116608
-17.0,50,2966.274237
-50.0,50,2966.435158
-17.0,50,2966.590696
-50.0,50,2966.724427
-50.0,50,2966.875664
-42.0,50,2967.01492
-50.0,50,2967.170736
-33.0,50,2967.315269
-50.0,50,2967.456049
-50.0,50,2967.609121
-50.0,50,2971.4503
-43.0,50,2975.277883
-50.0,50,2979.123367
-50.0,50,2982.971626
-50.0,50,2986.825344
-50.0,50,2990.647113
-50.0,50,2994.485356
-50.0,50,2998.347513
-44.0,50,3002.176757
-50.0,50,3006.051232
-50.0,50,3009.930476
-50.0,50,3013.729491
-50.0,50,3017.515363
-50.0,50,3021.326671
-50.0,50,3025.20988
-50.0,50,3029.061029
-50.0,50,3032.898472
-50.0,50,3036.803385
-50.0,50,3040.6693
-50.0,50,3044.531362
-50.0,50,3044.674057
-21.0,50,3044.838545
-50.0,50,3044.993339
-50.0,50,3045.142904
-50.0,50,3045.291534
-50.0,50,3045.439062
-50.0,50,3045.612756
-30.0,50,3045.763229
-50.0,50,3045.909546
-50.0,50,3046.043708
-50.0,50,3049.909218
-48.0,50,3053.748537
-50.0,50,3057.567395
-50.0,50,3061.441793
-50.0,50,3065.329402
-50.0,50,3069.168047
-43.0,50,3073.101161
-50.0,50,3076.988386
-50.0,50,3080.878174
-50.0,50,3084.75699
-50.0,50,3088.623434
-50.0,50,3092.515496
-50.0,50,3096.412165
-50.0,50,3100.330381
-50.0,50,3104.218642
-50.0,50,3108.079374
-49.0,50,3111.933298
-50.0,50,3115.836105
-50.0,50,3119.723458
-50.0,50,3123.610819
-24.0,50,3123.761508
-50.0,50,3123.921897
-50.0,50,3124.076869
-23.0,50,3124.234718
-50.0,50,3124.380881
-22.0,50,3124.53884
-50.0,50,3124.690925
-18.0,50,3124.843614
-50.0,50,3125.003235
-25.0,50,3125.145051
-50.0,50,3129.035215
-50.0,50,3132.875086
0.0,50,3136.723822
-27.0,50,3140.677334
-50.0,50,3144.437994
-50.0,50,3148.070459
-50.0,50,3151.746131
-50.0,50,3156.690213
-50.0,50,3160.392862
-50.0,50,3164.177967
-50.0,50,3168.177746
-50.0,50,3172.391896
-50.0,50,3176.502099
-50.0,50,3180.310788
-50.0,50,3184.3757
-50.0,50,3188.377422
-45.0,50,3192.271792
-50.0,50,3196.276754
-30.0,50,3200.282615
-14.0,50,3204.305343
-50.0,50,3204.449439
-19.0,50,3204.613145
-50.0,50,3204.750262
-50.0,50,3204.88845
-26.0,50,3205.035734
-50.0,50,3205.196042
-50.0,50,3205.354799
-22.0,50,3205.507858
-50.0,50,3205.692636
-50.0,50,3205.840208
-50.0,50,3209.785586
-50.0,50,3213.773018
-16.0,50,3217.719023
-50.0,50,3221.692709
-50.0,50,3225.61415
-50.0,50,3229.53252
-50.0,50,3233.510383
-50.0,50,3237.454982
-50.0,50,3241.407785
-50.0,50,3245.359259
-50.0,50,3249.307345
-50.0,50,3253.24783
-50.0,50,3257.221208
-50.0,50,3261.20328
-50.0,50,3265.18332
-50.0,50,3269.156004
-50.0,50,3273.134932
-50.0,50,3277.124725
-50.0,50,3281.080639
-50.0,50,3285.068776
-16.0,50,3285.220212
-50.0,50,3285.370027
-50.0,50,3285.51918
-50.0,50,3285.679662
-50.0,50,3285.814119
-19.0,50,3285.975526
-24.0,50,3286.12475
-30.0,50,3286.287166
-50.0,50,3286.434782
-50.0,50,3286.581082
-39.0,50,3290.569125
-50.0,50,3294.567927
-50.0,50,3298.561741
-50.0,50,3302.584229
-50.0,50,3306.625704
-50.0,50,3310.565501
-50.0,50,3314.572122
-50.0,50,3318.546652
-50.0,50,3322.535938
-50.0,50,3326.456035
-50.0,50,3330.429393
-50.0,50,3334.548237
-50.0,50,3338.552346
-50.0,50,3342.601046
-26.0,50,3346.63333
-50.0,50,3350.618152
-50.0,50,3354.645414
-50.0,50,3358.658883
-50.0,50,3362.722765
-50.0,50,3366.749493
-50.0,50,3366.900873
-22.0,50,3367.059023
-17.0,50,3367.227934
-50.0,50,3367.385953
-50.0,50,3367.520762
-19.0,50,3367.665972
-50.0,50,3367.807907
-15.0,50,3367.954438
-22.0,50,3368.095784
-42.0,50,3368.244189
-50.0,50,3372.213036
-50.0,50,3376.209616
-50.0,50,3380.237458
-50.0,50,3384.37797
-50.0,50,3388.446397
-50.0,50,3392.51838
-50.0,50,3396.594105
-50.0,50,3400.668697
-50.0,50,3404.688417
-50.0,50,3408.737703
-50.0,50,3412.790717
-50.0,50,3416.859977
-50.0,50,3420.945796
-27.0,50,3425.050846
-50.0,50,3429.128476
-50.0,50,3433.153271
-50.0,50,3437.230327
-50.0,50,3441.322786
-50.0,50,3445.373461
-50.0,50,3449.40038
0.0,50,3449.533799
-26.0,50,3449.678909
-28.0,50,3449.830476
-50.0,50,3449.982083
-21.0,50,3450.13271
-20.0,50,3450.291502
-50.0,50,3450.442178
0.0,50,3450.595658
-50.0,50,3450.737242
-22.0,50,3450.873759
-50.0,50,3454.988163
-50.0,50,3459.045614
-50.0,50,3463.105316
-50.0,50,3467.163922
-50.0,50,3471.259426
-50.0,50,3475.305459
-50.0,50,3479.393442
0.0,50,3483.437444
-50.0,50,3487.452043
-50.0,50,3491.553972
-50.0,50,3495.662964
-50.0,50,3499.803426
-50.0,50,3503.910574
-50.0,50,3508.062517
-50.0,50,3512.121342
-50.0,50,3516.238891
-50.0,50,3520.354606
-50.0,50,3524.456878
-50.0,50,3528.570686
-50.0,50,3532.700778
-20.0,50,3532.850825
-50.0,50,3533.003926
-50.0,50,3533.150712
-50.0,50,3533.309368
-50.0,50,3533.459639
-23.0,50,3533.606962
-50.0,50,3533.755472
-50.0,50,3533.901939
-50.0,50,3534.049327
-50.0,50,3534.194777
-50.0,50,3538.266452
-50.0,50,3542.327704
-50.0,50,3546.492143
-50.0,50,3550.60547
-50.0,50,3554.726402
-50.0,50,3558.842503
-50.0,50,3562.946289
-50.0,50,3567.056552
-50.0,50,3571.167374
-50.0,50,3575.314094
-50.0,50,3579.459623
-50.0,50,3583.63152
-50.0,50,3587.77473
-50.0,50,3591.920043
-50.0,50,3596.062572
-50.0,50,3600.210315
-50.0,50,3604.315052
-35.0,50,3608.470707
-50.0,50,3612.581885
-50.0,50,3616.62914
-50.0,50,3616.767702
-50.0,50,3616.916
-50.0,50,3617.057153
-50.0,50,3617.21326
-50.0,50,3617.374075
-50.0,50,3617.52608
-50.0,50,3617.677924
-50.0,50,3617.827682
-50.0,50,3617.984222
-50.0,50,3618.12812
-50.0,50,3622.265121
-50.0,50,3626.459993
-50.0,50,3630.595249
-50.0,50,3634.78934
-50.0,50,3638.961846
-50.0,50,3643.219665
-50.0,50,3647.458944
-50.0,50,3651.696391
-50.0,50,3656.046588
-50.0,50,3660.310767
-50.0,50,3664.531414
-50.0,50,3668.773029
-50.0,50,3673.076586
-50.0,50,3677.366961
-50.0,50,3681.642422
-14.0,50,3685.873401
-50.0,50,3690.157806
-50.0,50,3694.452608
-50.0,50,3698.749108
-50.0,50,3703.00701
-25.0,50,3703.207477
0.0,50,3703.389763
-50.0,50,3703.543331
-50.0,50,3703.70035
-50.0,50,3703.854759
-50.0,50,3704.013824
-50.0,50,3704.168756
-50.0,50,3704.322171
-50.0,50,3704.476919
-50.0,50,3704.62286
-50.0,50,3708.872714
-50.0,50,3713.197733
-50.0,50,3717.403704
-50.0,50,3721.715748
-50.0,50,3726.021591
-50.0,50,3730.315384
-50.0,50,3734.592631
-50.0,50,3738.878102
-50.0,50,3743.250141
-50.0,50,3747.516499
-9.0,50,3751.812006
-50.0,50,3756.103598
-50.0,50,3760.414682
-50.0,50,3764.789398
-50.0,50,3769.162305
-50.0,50,3773.430106
-50.0,50,3778.036125
-50.0,50,3782.570229
-50.0,50,3786.926919
-22.0,50,3791.254407
-29.0,50,3791.421474
-50.0,50,3791.59495
-50.0,50,3791.775846
-50.0,50,3791.942978
-50.0,50,3792.107833
-33.0,50,3792.284007
-50.0,50,3792.445268
-50.0,50,3792.61273
-50.0,50,3792.782019
-17.0,50,3792.942026
-48.0,50,3797.409415
-50.0,50,3801.893962
-50.0,50,3806.409044
-50.0,50,3810.929855
-50.0,50,3815.319159
-50.0,50,3819.586143
-50.0,50,3823.87523
-50.0,50,3828.154318
-50.0,50,3832.422307
-50.0,50,3836.689937
-50.0,50,3840.953337
-50.0,50,3845.209255
-50.0,50,3849.496512
-50.0,50,3853.753069
-9.0,50,3858.012208
-50.0,50,3862.304129
-50.0,50,3866.6222
-50.0,50,3870.903544
-28.0,50,3875.196873
0.0,50,3879.530522
-50.0,50,3879.68791
-35.0,50,3879.838624
-50.0,50,3879.979402
-50.0,50,3880.122286
-50.0,50,3880.273391
-50.0,50,3880.425345
-50.0,50,3880.58228
-50.0,50,3880.715496
-16.0,50,3880.882931
-50.0,50,3881.038504
-41.0,50,3885.391361
-50.0,50,3889.665562
-31.0,50,3893.955748
-50.0,50,3898.190657
-50.0,50,3902.414002
-50.0,50,3906.707418
-50.0,50,3911.039363
-50.0,50,3915.347713
-15.0,50,3919.645072
-50.0,50,3924.130382
-50.0,50,3928.414671
-50.0,50,3932.702055
-50.0,50,3937.046789
-50.0,50,3941.325542
-50.0,50,3945.601495
-50.0,50,3949.920745
-50.0,50,3954.488709
-48.0,50,3958.803189
-50.0,50,3963.065964
-37.0,50,3967.38904
-26.0,50,3967.551628
-41.0,50,3967.707078
-29.0,50,3967.867228
-24.0,50,3968.018782
-50.0,50,3968.156893
-31.0,50,3968.304293
-50.0,50,3968.454578
-50.0,50,3968.59617
-50.0,50,3968.740109
-50.0,50,3968.882669
-50.0,50,3973.269191
-40.0,50,3977.836463
-50.0,50,3982.390613
-50.0,50,3986.906645
-50.0,50,3991.46792
-50.0,50,3996.061258
-50.0,50,4000.663706
-50.0,50,4005.244671
-50.0,50,4009.764029
-50.0,50,4014.185141
-50.0,50,4018.761252
-50.0,50,4023.100595
-50.0,50,4027.483648
-50.0,50,4031.841895
-50.0,50,4036.196323
-50.0,50,4040.517737
-50.0,50,4044.852966
-50.0,50,4049.384449
-50.0,50,4053.824255
-50.0,50,4058.221829
-24.0,50,4058.372271
-50.0,50,4058.526631
-24.0,50,4058.684204
-28.0,50,4058.848385
-28.0,50,4059.005504
-50.0,50,4059.158632
-17.0,50,4059.322884
-27.0,50,4059.470055
-29.0,50,4059.616782
-50.0,50,4059.770167
-50.0,50,4064.111767
-50.0,50,4068.476107
-50.0,50,4072.92575
-50.0,50,4077.375125
-50.0,50,4081.69511
-50.0,50,4085.950917
-50.0,50,4090.330419
-50.0,50,4094.748239
-50.0,50,4099.160969
-50.0,50,4103.641374
-50.0,50,4108.012674
-50.0,50,4112.404604
-50.0,50,4116.742587
-50.0,50,4121.033828
-50.0,50,4125.415387
-50.0,50,4129.781305
-50.0,50,4134.177532
-50.0,50,4138.547021
-50.0,50,4142.965689
-30.0,50,4147.427834
-50.0,50,4147.552708
-18.0,50,4147.696452
-31.0,50,4147.840358
-50.0,50,4147.997124
-21.0,50,4148.132816
-50.0,50,4148.261246
-36.0,50,4148.396103
-50.0,50,4148.53363
-50.0,50,4148.65347
-50.0,50,4148.783037
-50.0,50,4153.054514
-50.0,50,4157.108474
-50.0,50,4161.110972
-50.0,50,4165.091079
-50.0,50,4169.071776
-50.0,50,4173.052342
-50.0,50,4177.041474
-50.0,50,4181.049998
-31.0,50,4185.050049
-50.0,50,4189.110344
-50.0,50,4193.241233
-22.0,50,4197.280958
-33.0,50,4201.335926
-50.0,50,4205.440153
-50.0,50,4209.516945
-50.0,50,4213.608636
-50.0,50,4217.673555
-50.0,50,4221.704079
-50.0,50,4225.82319
-15.0,50,4229.884022
-39.0,50,4230.017684
-25.0,50,4230.145608
-50.0,50,4230.272445
-23.0,50,4230.40433
-22.0,50,4230.536295
-19.0,50,4230.671488
-50.0,50,4230.803511
-13.0,50,4230.93337
-14.0,50,4231.063827
-18.0,50,4231.19472
-50.0,50,4235.379762
-6.0,50,4239.443665
-35.0,50,4243.491929
-50.0,50,4247.561635
-50.0,50,4251.624161
-50.0,50,4255.647658
-50.0,50,4259.705224
-50.0,50,4263.751158
-50.0,50,4267.790832
-33.0,50,4271.858967
-32.0,50,4275.914151
-50.0,50,4279.974872
-50.0,50,4284.069714
-50.0,50,4288.145278
-50.0,50,4292.193233
-50.0,50,4296.31193
-50.0,50,4300.412345
-50.0,50,4304.461371
-50.0,50,4308.542598
-50.0,50,4312.755262
-50.0,50,4312.894836
-50.0,50,4313.027436
0.0,50,4313.145964
-50.0,50,4313.286807
-50.0,50,4313.427308
-20.0,50,4313.567015
-50.0,50,4313.70963
-50.0,50,4313.846935
-31.0,50,4313.974512
-50.0,50,4314.096946
-33.0,50,4318.172746
-50.0,50,4322.291999
-46.0,50,4326.410981
-50.0,50,4330.572963
0.0,50,4334.725684
-50.0,50,4338.814334
-50.0,50,4342.934837
-50.0,50,4347.009422
-50.0,50,4351.109236
-50.0,50,4355.262192
-6.0,50,4359.412627
-50.0,50,4363.557942
-50.0,50,4367.720742
-50.0,50,4371.793191
-50.0,50,4375.87536
-50.0,50,4379.972542
-50.0,50,4384.071036
-50.0,50,4388.14842
-50.0,50,4392.274566
0.0,50,4396.391629
-28.0,50,4396.524157
-35.0,50,4396.653331
-50.0,50,4396.78457
-50.0,50,4396.913271
-50.0,50,4397.03979
-31.0,50,4397.16371
-50.0,50,4397.321077
-22.0,50,4397.458542
-22.0,50,4397.583619
-37.0,50,4397.716123
-40.0,50,4401.822649
-50.0,50,4406.000066
-50.0,50,4410.122494
-50.0,50,4414.306555
-50.0,50,4418.466267
-50.0,50,4422.585123
-50.0,50,4426.72704
-50.0,50,4430.854339
-50.0,50,4434.988207
-50.0,50,4439.100644
-50.0,50,4443.254318
-50.0,50,4447.389281
-50.0,50,4451.572163
-50.0,50,4455.733898
-50.0,50,4459.891979
-33.0,50,4464.094352
-50.0,50,4468.233574
-50.0,50,4472.436697
-50.0,50,4476.597135
-50.0,50,4480.784956
-50.0,50,4480.912732
-23.0,50,4481.039473
-50.0,50,4481.166746
-50.0,50,4481.301768
-50.0,50,4481.437052
-50.0,50,4481.568735
-45.0,50,4481.695977
-50.0,50,4481.824237
-24.0,50,4481.957676
-50.0,50,4482.090364
-34.0,50,4486.27042
-50.0,50,4490.453458
-50.0,50,4494.582954
-50.0,50,4498.709991
-31.0,50,4502.807438
-45.0,50,4506.882272
-50.0,50,4510.998301
-50.0,50,4515.175651
-34.0,50,4519.334199
-50.0,50,4523.503699
-50.0,50,4527.648567
-50.0,50,4531.837951
-43.0,50,4536.098899
-50.0,50,4540.332738
-50.0,50,4544.565117
-50.0,50,4548.728894
-49.0,50,4552.896094
-50.0,50,4557.063219
-50.0,50,4561.232855
-26.0,50,4565.433609
-50.0,50,4565.577678
-50.0,50,4565.71152
-50.0,50,4565.84954
-12.0,50,4565.981931
-29.0,50,4566.118625
-17.0,50,4566.246293
-50.0,50,4566.376609
0.0,50,4566.494142
-50.0,50,4566.62318
-50.0,50,4566.756323
-50.0,50,4570.949548
-50.0,50,4575.118476
-50.0,50,4579.328657
-50.0,50,4583.540049
-50.0,50,4587.722233
-50.0,50,4591.898483
-50.0,50,4596.089039
-36.0,50,4600.36768
-50.0,50,4604.699485
-50.0,50,4608.891081
-50.0,50,4613.102422
-50.0,50,4617.317435
-50.0,50,4621.539495
-50.0,50,4625.778692
-50.0,50,4630.02225
-50.0,50,4634.24684
-50.0,50,4638.516241
-50.0,50,4642.807589
-50.0,50,4647.105923
-50.0,50,4651.364535
-50.0,50,4651.494176
-24.0,50,4651.62996
-50.0,50,4651.755292
-25.0,50,4651.887744
-50.0,50,4652.004424
-21.0,50,4652.130346
-50.0,50,4652.264246
-50.0,50,4652.387885
-21.0,50,4652.520109
-50.0,50,4652.660462
-50.0,50,4656.895857
-50.0,50,4661.118723
-50.0,50,4665.332455
-22.0,50,4669.547756
-50.0,50,4673.821586
-50.0,50,4678.082494
-50.0,50,4682.374278
-50.0,50,4686.610792
-50.0,50,4690.944809
-50.0,50,4695.23678
-50.0,50,4699.610477
-50.0,50,4703.93068
-23.0,50,4708.256616
-50.0,50,4712.586545
-50.0,50,4716.920158
-50.0,50,4721.25272
-41.0,50,4725.638728
-24.0,50,4730.022269
-50.0,50,4734.321401
-19.0,50,4738.694355
-50.0,50,4738.831786
-38.0,50,4738.966919
-50.0,50,4739.089608
-21.0,50,4739.231797
-50.0,50,4739.364054
-50.0,50,4739.510437
-14.0,50,4739.659363
-50.0,50,4739.787224
0.0,50,4739.907145
-50.0,50,4740.042262
-50.0,50,4744.362462
-50.0,50,4748.680906
-50.0,50,4752.974793
-50.0,50,4757.283172
-34.0,50,4761.680497
0.0,50,4766.082926
-50.0,50,4770.481671
-22.0,50,4774.903693
-50.0,50,4779.227604
-50.0,50,4783.57771
-50.0,50,4787.925577
-10.0,50,4792.249849
-50.0,50,4796.623525
-50.0,50,4801.063828
-50.0,50,4805.495953
-50.0,50,4809.850423
-50.0,50,4814.230938
-50.0,50,4818.609726
-50.0,50,4822.933701
-50.0,50,4827.256471
-50.0,50,4827.386892
-50.0,50,4827.512117
-50.0,50,4827.635908
-50.0,50,4827.777812
-50.0,50,4827.90272
-50.0,50,4828.039066
-16.0,50,4828.175902
-19.0,50,4828.307549
-50.0,50,4828.456546
-50.0,50,4828.583732
-50.0,50,4832.926857
-37.0,50,4837.490466
-50.0,50,4841.841687
-50.0,50,4846.264641
-50.0,50,4850.612092
-12.0,50,4855.003904
-50.0,50,4859.382422
-50.0,50,4863.762427
-50.0,50,4868.124475
-50.0,50,4872.441581
-50.0,50,4876.754684
-50.0,50,4881.091706
-50.0,50,4885.388003
-50.0,50,4889.700115
-50.0,50,4894.033587
-50.0,50,4898.366264
-50.0,50,4902.712546
-50.0,50,4907.013883
-50.0,50,4911.349517
-33.0,50,4915.673816
-50.0,50,4915.804048
-31.0,50,4915.934834
-50.0,50,4916.060138
-50.0,50,4916.190192
-50.0,50,4916.301138
-21.0,50,4916.428836
-25.0,50,4916.560865
-21.0,50,4916.691483
-50.0,50,4916.839731
-50.0,50,4916.963344
-50.0,50,4921.332489
-50.0,50,4925.713069
-50.0,50,4930.045242
-50.0,50,4934.391991
-50.0,50,4938.741192
-50.0,50,4943.136178
-50.0,50,4947.557143
-20.0,50,4951.939705
-50.0,50,4956.328837
-50.0,50,4960.756497
-17.0,50,4965.144925
-50.0,50,4969.563569
-50.0,50,4973.959767
-50.0,50,4978.466155
-50.0,50,4982.875312
-50.0,50,4987.244796
-50.0,50,4991.603588
-50.0,50,4995.965159
-50.0,50,5000.444667
-20.0,50,5004.869974
-22.0,50,5005.003931
-50.0,50,5005.131008
-50.0,50,5005.257396
-50.0,50,5005.383393
-32.0,50,5005.530552
0.0,50,5005.65443
-50.0,50,5005.785171
-33.0,50,5005.911764
-24.0,50,5006.061149
-50.0,50,5006.209107
-50.0,50,5010.595461
-50.0,50,5015.066921
-50.0,50,5019.479942
-28.0,50,5023.848448
-50.0,50,5028.222859
-50.0,50,5032.615273
-50.0,50,5037.029371
-50.0,50,5041.485603
-50.0,50,5046.025362
-50.0,50,5050.465329
-50.0,50,5054.981935
-50.0,50,5059.487201
-50.0,50,5063.989537
-50.0,50,5068.397217
-50.0,50,5072.773172
-46.0,50,5077.257215
-50.0,50,5081.706695
-22.0,50,5086.15463
-45.0,50,5090.608101
-50.0,50,5095.065787
-36.0,50,5095.190981
-50.0,50,5095.314266
-50.0,50,5095.430801
-38.0,50,5095.5635
-14.0,50,5095.696212
-50.0,50,5095.820869
-18.0,50,5095.958318
-50.0,50,5096.098321
-30.0,50,5096.224936
-50.0,50,5096.351785
-50.0,50,5100.765275
0.0,50,5105.222279
-50.0,50,5109.655027
-50.0,50,5114.101723
-50.0,50,5118.531678
-50.0,50,5123.024176
-50.0,50,5127.472896
-38.0,50,5131.961843
-25.0,50,5136.478664
-50.0,50,5140.929856
-50.0,50,5145.401424
-50.0,50,5149.866293
-50.0,50,5154.371347
-26.0,50,5158.894632
-50.0,50,5163.411573
-50.0,50,5167.924176
-29.0,50,5172.536613
-50.0,50,5177.205775
-46.0,50,5181.761626
-22.0,50,5186.277516
-50.0,50,5186.40782
-50.0,50,5186.548096
-19.0,50,5186.680146
-16.0,50,5186.828016
-50.0,50,5186.955212
-50.0,50,5187.091343
-20.0,50,5187.228839
-35.0,50,5187.362322
-29.0,50,5187.495696
-50.0,50,5187.622948
-50.0,50,5192.089026
-50.0,50,5196.579507
-50.0,50,5201.039485
-50.0,50,5205.542486
-50.0,50,5210.055071
-2.0,50,5214.524214
-50.0,50,5219.067679
-47.0,50,5223.715452
-50.0,50,5228.280174
-50.0,50,5232.81808
-50.0,50,5237.343118
-50.0,50,5241.873095
-50.0,50,5246.386387
-50.0,50,5250.898889
-50.0,50,5255.395307
-50.0,50,5259.857369
-32.0,50,5264.361899
-50.0,50,5268.844326
-50.0,50,5273.372659
-27.0,50,5277.892745
-50.0,50,5278.03738
-33.0,50,5278.165622
-22.0,50,5278.294044
-50.0,50,5278.418077
-19.0,50,5278.543263
-50.0,50,5278.672848
-25.0,50,5278.794321
-12.0,50,5278.92303
-37.0,50,5279.065298
-50.0,50,5279.197151
-50.0,50,5283.759045
-50.0,50,5288.289831
-50.0,50,5292.825623
-50.0,50,5297.367948
-50.0,50,5301.942249
-10.0,50,5306.50087
-50.0,50,5311.04406
-50.0,50,5315.585498
-50.0,50,5320.093139
-35.0,50,5324.721416
-44.0,50,5329.354421
-50.0,50,5334.0082
-50.0,50,5338.585079
-50.0,50,5343.135142
-50.0,50,5347.75914
-50.0,50,5352.296417
-50.0,50,5356.848943
-50.0,50,5361.459522
-50.0,50,5366.071781
-28.0,50,5370.706254
-19.0,50,5370.842902
-50.0,50,5370.953542
-50.0,50,5371.080594
-17.0,50,5371.210801
-18.0,50,5371.329396
-27.0,50,5371.460141
-17.0,50,5371.593748
-26.0,50,5371.723897
-50.0,50,5371.860565
-50.0,50,5371.978127
-29.0,50,5376.567544
-50.0,50,5381.166204
-50.0,50,5385.738149
-50.0,50,5390.326288
-50.0,50,5394.864333
-50.0,50,5399.383986
-50.0,50,5403.939544
-50.0,50,5408.489095
-50.0,50,5413.041493
-50.0,50,5417.59459
-50.0,50,5422.165617
-50.0,50,5426.765045
-44.0,50,5431.346591
-50.0,50,5436.304811
-50.0,50,5440.993836
-50.0,50,5445.678555
-50.0,50,5450.297405
-50.0,50,5454.950613
-36.0,50,5459.580239
-50.0,50,5464.23158
-31.0,50,5464.374574
-14.0,50,5464.507551
-20.0,50,5464.636861
-30.0,50,5464.761762
-14.0,50,5464.899616
-50.0,50,5465.022502
-50.0,50,5465.145452
-50.0,50,5465.281891
-27.0,50,5465.434151
-50.0,50,5465.552524
-50.0,50,5470.143193
-21.0,50,5474.754599
-50.0,50,5479.363024
-39.0,50,5483.978077
-50.0,50,5488.577744
-50.0,50,5493.219211
-50.0,50,5497.920188
-50.0,50,5502.57128
-50.0,50,5507.170715
-50.0,50,5511.806621
-50.0,50,5516.484246
-50.0,50,5521.108837
-12.0,50,5525.787702
-50.0,50,5530.529227
-48.0,50,5535.2141
-49.0,50,5539.872124
-50.0,50,5544.566659
-50.0,50,5549.216689
-50.0,50,5553.858073
-50.0,50,5558.546338
-23.0,50,5558.670859
-50.0,50,5558.801682
-31.0,50,5558.931667
-20.0,50,5559.06555
-50.0,50,5559.185305
-28.0,50,5559.312873
-44.0,50,5559.453899
-38.0,50,5559.585284
-25.0,50,5559.715571
-50.0,50,5559.848126
-50.0,50,5564.591951
-50.0,50,5569.25309
0.0,50,5573.879939
-50.0,50,5578.614485
-38.0,50,5583.35454
-50.0,50,5588.137302
-43.0,50,5592.952637
-50.0,50,5597.682441
-23.0,50,5602.417868
-50.0,50,5607.175217
-50.0,50,5611.841465
-35.0,50,5616.512277
-50.0,50,5621.181625
-50.0,50,5625.856388
-50.0,50,5630.504708
-50.0,50,5635.187435
-28.0,50,5639.90601
-50.0,50,5644.916764
-50.0,50,5649.781622
-50.0,50,5654.657444
-18.0,50,5654.792601
-17.0,50,5654.929454
-50.0,50,5655.047898
-31.0,50,5655.176064
-50.0,50,5655.317279
-41.0,50,5655.457528
-35.0,50,5655.594803
-50.0,50,5655.729927
-18.0,50,5655.872866
-50.0,50,5655.996092
-50.0,50,5660.864715
-22.0,50,5665.764744
-50.0,50,5670.680048
-50.0,50,5675.687176
-50.0,50,5680.59413
-50.0,50,5685.474943
-30.0,50,5690.503307
-50.0,50,5695.587592
-50.0,50,5700.62162
-50.0,50,5705.621726
-50.0,50,5710.519944
-50.0,50,5715.203364
-50.0,50,5720.016516
-50.0,50,5724.734431
-50.0,50,5729.43118
-50.0,50,5734.166403
-50.0,50,5739.495518
-50.0,50,5744.216417
-42.0,50,5748.949287
-17.0,50,5753.710406
-25.0,50,5753.834847
-50.0,50,5753.973792
-50.0,50,5754.103394
-20.0,50,5754.244393
-20.0,50,5754.375412
-19.0,50,5754.513684
-28.0,50,5754.647102
-24.0,50,5754.779531
-22.0,50,5754.905066
-49.0,50,5755.033439
-50.0,50,5759.777385
-50.0,50,5764.519895
-50.0,50,5769.257689
-7.0,50,5774.060612
-50.0,50,5778.814912
-50.0,50,5783.574541
-50.0,50,5788.297321
-50.0,50,5793.063534
-50.0,50,5797.84263
-50.0,50,5802.661997
-50.0,50,5807.43205
-47.0,50,5812.225988
-50.0,50,5817.017168
-28.0,50,5821.803439
-50.0,50,5826.602303
-50.0,50,5831.364088
-50.0,50,5836.133204
-16.0,50,5840.908154
-50.0,50,5845.706197
-50.0,50,5850.531987
-50.0,50,5850.675711
-16.0,50,5850.805055
-18.0,50,5850.926659
-50.0,50,5851.060076
-17.0,50,5851.188171
-50.0,50,5851.300974
-30.0,50,5851.425903
-19.0,50,5851.568051
-50.0,50,5851.711025
-25.0,50,5851.843775
-49.0,50,5856.645214
-50.0,50,5861.43335
-50.0,50,5866.267264
-50.0,50,5871.080297
0.0,50,5875.931993
-50.0,50,5880.847162
-50.0,50,5885.681458
-50.0,50,5890.479813
-45.0,50,5895.28695
-50.0,50,5900.116826
-50.0,50,5905.016483
-49.0,50,5909.82483
-50.0,50,5914.616977
-17.0,50,5919.465501
-31.0,50,5924.295434
-50.0,50,5929.087428
-50.0,50,5933.997102
-50.0,50,5938.808004
-21.0,50,5943.636794
-50.0,50,5948.567785
-22.0,50,5948.692749
-50.0,50,5948.820951
-36.0,50,5948.964452
-30.0,50,5949.102512
-50.0,50,5949.212666
-50.0,50,5949.339781
-15.0,50,5949.480902
-30.0,50,5949.616887
-29.0,50,5949.750343
-50.0,50,5949.874706
-50.0,50,5954.69647
-50.0,50,5959.570311
-50.0,50,5964.410063
-50.0,50,5969.32895
-39.0,50,5974.175294
-48.0,50,5978.991361
-48.0,50,5983.870801
-50.0,50,5988.744845
-50.0,50,5993.582168
-50.0,50,5998.420621
-50.0,50,6003.24328
-50.0,50,6008.119244
-50.0,50,6012.980414
-50.0,50,6017.850419
-50.0,50,6022.712167
-31.0,50,6027.588194
0.0,50,6032.409946
-50.0,50,6037.343099
-50.0,50,6042.195039
-50.0,50,6047.064737
-50.0,50,6047.194569
-16.0,50,6047.325187
-50.0,50,6047.452856
-21.0,50,6047.589161
-22.0,50,6047.710838
-50.0,50,6047.84521
-27.0,50,6047.981055
-15.0,50,6048.111037
-50.0,50,6048.246607
-50.0,50,6048.370484
-50.0,50,6053.269682
-50.0,50,6058.173319
-50.0,50,6063.089578
-50.0,50,6067.994865
-50.0,50,6072.979182
-50.0,50,6077.91016
-21.0,50,6082.816303
-47.0,50,6087.684278
-50.0,50,6092.544474
-50.0,50,6097.429
0.0,50,6102.328818
-50.0,50,6107.240156
-50.0,50,6112.227285
-27.0,50,6117.153333
-50.0,50,6122.02379
-20.0,50,6126.941646
-50.0,50,6131.844525
-50.0,50,6136.77093
-50.0,50,6141.779895
-50.0,50,6146.761105
-21.0,50,6146.89093
-50.0,50,6147.023327
-50.0,50,6147.151307
-50.0,50,6147.286119
-50.0,50,6147.411065
-22.0,50,6147.54615
-20.0,50,6147.677685
-27.0,50,6147.811388
-50.0,50,6147.969286
-50.0,50,6148.116297
-48.0,50,6153.120378
-50.0,50,6158.126854
-50.0,50,6163.163516
-50.0,50,6168.238825
-50.0,50,6173.270218
-21.0,50,6178.204799
-50.0,50,6183.180308
-50.0,50,6188.111482
-50.0,50,6193.034364
-50.0,50,6198.059738
-40.0,50,6202.97195
-50.0,50,6207.886717
-50.0,50,6213.023304
-50.0,50,6218.193649
-20.0,50,6223.167445
-50.0,50,6228.145228
-50.0,50,6233.100605
-50.0,50,6238.041381
-50.0,50,6243.030245
-28.0,50,6247.977016
-20.0,50,6248.108387
-50.0,50,6248.223679
-30.0,50,6248.358095
-50.0,50,6248.493698
-25.0,50,6248.617872
-20.0,50,6248.74896
-18.0,50,6248.876125
-30.0,50,6249.013343
-50.0,50,6249.130589
-35.0,50,6249.25728
-31.0,50,6254.184319
-50.0,50,6259.094634
-50.0,50,6264.127098
-50.0,50,6269.094711
-50.0,50,6274.083884
-50.0,50,6279.026326
-33.0,50,6284.086149
-50.0,50,6289.081356
-22.0,50,6294.05429
-50.0,50,6299.033135
-38.0,50,6304.064229
-20.0,50,6309.008953
-50.0,50,6313.998585
-37.0,50,6319.018915
-17.0,50,6323.985716
-50.0,50,6329.224947
-50.0,50,6334.333218
-50.0,50,6339.42668
-41.0,50,6344.496872
-46.0,50,6349.525105
-50.0,50,6349.661623
-32.0,50,6349.781532
-31.0,50,6349.920531
-14.0,50,6350.057434
-47.0,50,6350.184683
-48.0,50,6350.302237
-50.0,50,6350.42653
-50.0,50,6350.547635
-50.0,50,6350.677993
-50.0,50,6350.811853
-50.0,50,6355.846707
-50.0,50,6360.802527
-50.0,50,6365.788711
-34.0,50,6370.766375
-50.0,50,6375.845994
-50.0,50,6381.188963
-50.0,50,6386.188392
-26.0,50,6391.225608
-50.0,50,6396.218327
-50.0,50,6401.174975
-50.0,50,6406.140167
-32.0,50,6411.173986
-50.0,50,6416.195533
-50.0,50,6421.252154
-50.0,50,6426.201462
-50.0,50,6431.211705
-50.0,50,6436.274225
-50.0,50,6441.241664
-50.0,50,6446.249013
-19.0,50,6451.259442
-43.0,50,6451.400527
-18.0,50,6451.527354
-28.0,50,6451.662342
-44.0,50,6451.795009
-36.0,50,6451.923192
-25.0,50,6452.058859
-23.0,50,6452.18961
-32.0,50,6452.322603
-21.0,50,6452.455331
-50.0,50,6452.581493
-42.0,50,6457.667659
-45.0,50,6462.728676
-50.0,50,6467.754342
-50.0,50,6472.810218
-23.0,50,6477.864814
-50.0,50,6482.9439
-50.0,50,6488.08723
-50.0,50,6493.189279
-50.0,50,6498.29698
-50.0,50,6503.412177
-50.0,50,6508.445573
-50.0,50,6513.484684
-50.0,50,6518.533733
-50.0,50,6523.563727
-50.0,50,6528.614088
-50.0,50,6533.663837
-50.0,50,6538.715641
-50.0,50,6543.848435
-50.0,50,6548.983127
-31.0,50,6554.173515
-31.0,50,6554.313509
-21.0,50,6554.455916
-50.0,50,6554.589296
-48.0,50,6554.725745
-20.0,50,6554.866211
-50.0,50,6554.99765
-50.0,50,6555.12641
-50.0,50,6555.270008
-43.0,50,6555.401417
-50.0,50,6555.542916
-50.0,50,6560.685328
-40.0,50,6565.793469
-50.0,50,6570.86325
-50.0,50,6575.937357
-50.0,50,6581.031081
-50.0,50,6586.104047
-50.0,50,6591.232044
-50.0,50,6596.330182
-50.0,50,6601.427217
-50.0,50,6606.585152
-13.0,50,6611.727712
-50.0,50,6616.826699
-50.0,50,6622.020831
-29.0,50,6627.14469
-50.0,50,6632.22314
0.0,50,6637.364587
-26.0,50,6642.507291
-27.0,50,6647.629545
-50.0,50,6652.771152
-50.0,50,6657.894233
-21.0,50,6658.034754
-16.0,50,6658.179518
0.0,50,6658.310438
-50.0,50,6658.44044
-50.0,50,6658.564642
-27.0,50,6658.701301
-50.0,50,6658.840706
-50.0,50,6658.974845
-38.0,50,6659.103472
-18.0,50,6661.798904
-50.0,50,6664.351332
-32.0,50,6666.833278
0.0,50,6669.299492
-50.0,50,6671.836232
-50.0,50,6674.35432
0.0,50,6676.857211
-50.0,50,6679.373719
-27.0,50,6681.909905
-50.0,50,6684.460959
-50.0,50,6687.010455
-50.0,50,6689.512424
-45.0,50,6692.063094
-24.0,50,6694.59911
-26.0,50,6697.116925
-45.0,50,6699.584576
-21.0,50,6702.137494
-50.0,50,6704.688131
-48.0,50,6707.204477
-35.0,50,6709.740157
-25.0,50,6712.258327
-50.0,50,6714.860708
-18.0,50,6717.393968
-50.0,50,6719.912454
-27.0,50,6722.481741
-35.0,50,6724.997773
-50.0,50,6727.515712
0.0,50,6730.06959
-50.0,50,6732.585357
0.0,50,6735.122202
-50.0,50,6737.638386
-15.0,50,6740.173763
-19.0,50,6742.725794
-22.0,50,6745.259126
-50.0,50,6747.761036
-50.0,50,6750.278515
-24.0,50,6752.796257
-50.0,50,6755.206044
-40.0,50,6757.69883
-25.0,50,6760.200252
-50.0,50,6762.770139
0.0,50,6765.304213
-39.0,50,6767.856492
-30.0,50,6770.339981
0.0,50,6772.87571
-50.0,50,6775.358409
-50.0,50,6777.859954
-50.0,50,6780.426855
-26.0,50,6782.929111
-50.0,50,6785.496274
-45.0,50,6788.032277
-32.0,50,6790.451479
-27.0,50,6792.985404
-50.0,50,6795.469746
-16.0,50,6798.037707
