# {"t_start": 1585011217.596344, "env_id": "FetchPickAndPlace-v1"} 
r,l,t
-50.0,50,4.019632
-38.0,50,5.133853
-38.0,50,6.150021
-38.0,50,7.187551
-44.0,50,8.214786
-44.0,50,9.268294
9.0,50,10.350498
-38.0,50,11.393309
-38.0,50,12.539623
-44.0,50,13.596752
-38.0,50,14.679757
-38.0,50,15.766797
6.0,50,16.874456
16.0,50,17.961431
-38.0,50,19.058167
-44.0,50,20.168499
-38.0,50,21.278202
-38.0,50,22.38426
-44.0,50,23.510903
-17.0,50,24.614491
-38.0,50,25.742852
-38.0,50,25.90327
22.0,50,26.073297
-38.0,50,26.253666
-38.0,50,26.426309
-17.0,50,26.602602
20.0,50,26.791283
-38.0,50,26.958501
-38.0,50,27.120926
-38.0,50,27.280411
-38.0,50,27.482657
-44.0,50,28.608951
-44.0,50,29.70486
-44.0,50,30.800513
-38.0,50,31.925547
-38.0,50,33.057971
-38.0,50,34.167811
-38.0,50,35.283338
-44.0,50,36.448933
-38.0,50,37.589385
-38.0,50,38.772525
-38.0,50,39.90386
-38.0,50,41.049883
-17.0,50,42.208629
-44.0,50,43.360058
-38.0,50,44.511302
-38.0,50,45.661436
-38.0,50,46.841442
-38.0,50,48.008388
-38.0,50,49.177191
-38.0,50,50.373538
-38.0,50,50.545519
-38.0,50,50.719703
-38.0,50,50.882071
-38.0,50,51.054635
-38.0,50,51.229011
-38.0,50,51.391152
-38.0,50,51.565358
-38.0,50,51.738804
-38.0,50,51.914563
-38.0,50,52.07359
-38.0,50,53.27892
-38.0,50,54.474071
18.0,50,55.678658
15.0,50,56.880735
-38.0,50,58.08796
-15.0,50,59.300705
-38.0,50,60.515382
-16.0,50,61.737469
-38.0,50,62.954754
-38.0,50,64.181813
-38.0,50,65.429663
-5.0,50,66.678805
-38.0,50,67.895991
-44.0,50,69.105675
-38.0,50,70.32273
-38.0,50,71.545645
-38.0,50,72.773453
-9.0,50,74.006501
-38.0,50,75.249439
-38.0,50,76.499105
12.0,50,76.692515
-38.0,50,76.868608
-38.0,50,77.043619
-38.0,50,77.212711
23.0,50,77.386747
20.0,50,77.552479
-38.0,50,77.725624
9.0,50,77.907427
-38.0,50,78.081048
-38.0,50,78.252257
-38.0,50,79.527619
-38.0,50,80.762393
-38.0,50,82.016878
-38.0,50,83.276237
3.0,50,84.520893
-38.0,50,85.803752
-38.0,50,87.088511
-38.0,50,88.351597
-17.0,50,89.633763
-44.0,50,90.90247
-38.0,50,92.195494
16.0,50,93.491303
-44.0,50,94.774841
-38.0,50,96.040678
-38.0,50,97.306552
17.0,50,98.585494
-38.0,50,99.865609
-38.0,50,101.166424
-38.0,50,102.472769
9.0,50,103.780174
-38.0,50,103.974136
23.0,50,104.170707
15.0,50,104.34955
8.0,50,104.538079
18.0,50,104.7262
1.0,50,104.91397
-38.0,50,105.081642
-38.0,50,105.263815
-6.0,50,105.447287
-38.0,50,105.618723
-44.0,50,106.926038
-38.0,50,108.235116
-38.0,50,109.528565
-14.0,50,110.814642
6.0,50,112.113281
-38.0,50,113.412287
14.0,50,114.729631
10.0,50,116.03322
-44.0,50,117.35704
-38.0,50,118.657212
-38.0,50,119.976862
-38.0,50,121.29582
-38.0,50,122.608789
-38.0,50,123.938015
-38.0,50,125.255525
-38.0,50,126.598881
-38.0,50,127.927898
-38.0,50,129.261232
-38.0,50,130.589896
-38.0,50,131.935958
-38.0,50,132.113082
-38.0,50,132.292255
-38.0,50,132.451961
-38.0,50,132.621797
18.0,50,132.798306
16.0,50,132.984325
11.0,50,133.161988
-38.0,50,133.336273
-38.0,50,133.505302
-38.0,50,133.679462
-38.0,50,135.026345
-38.0,50,136.37743
-38.0,50,137.702073
-38.0,50,139.045969
-38.0,50,140.394456
-44.0,50,141.748345
-38.0,50,143.086123
-38.0,50,144.465559
-38.0,50,145.837949
-8.0,50,147.20441
-38.0,50,148.577031
-38.0,50,149.949952
-38.0,50,151.323704
-16.0,50,152.695662
-38.0,50,154.067344
-38.0,50,155.458917
10.0,50,156.853343
-38.0,50,158.221862
-38.0,50,159.616881
8.0,50,161.026188
15.0,50,161.205766
16.0,50,161.37888
11.0,50,161.556305
-38.0,50,161.721775
13.0,50,161.896124
-38.0,50,162.080838
-38.0,50,162.267093
11.0,50,162.441485
11.0,50,162.615161
-38.0,50,162.779318
-38.0,50,164.163299
-14.0,50,165.563982
-38.0,50,166.977463
-38.0,50,168.34305
-38.0,50,169.68954
-38.0,50,171.053396
-38.0,50,172.415593
-38.0,50,173.810357
-38.0,50,175.219316
-38.0,50,176.636459
-38.0,50,178.038694
-38.0,50,179.451687
-38.0,50,180.852273
-38.0,50,182.262028
-38.0,50,183.684193
-38.0,50,185.103409
-38.0,50,186.529742
-38.0,50,187.9276
-38.0,50,189.357047
10.0,50,190.790098
-38.0,50,190.959605
13.0,50,191.142088
-38.0,50,191.311118
12.0,50,191.482054
15.0,50,191.666603
9.0,50,191.834408
7.0,50,192.016927
15.0,50,192.197932
-38.0,50,192.376981
-38.0,50,192.562326
-38.0,50,194.003467
-38.0,50,195.438474
-38.0,50,196.895049
-38.0,50,198.348068
7.0,50,199.827402
-17.0,50,201.274399
-38.0,50,202.736793
2.0,50,204.192223
-38.0,50,205.676189
-38.0,50,207.132861
-38.0,50,208.589881
-38.0,50,210.097118
-38.0,50,211.589122
-38.0,50,213.057404
-38.0,50,214.56557
-38.0,50,216.073856
-38.0,50,217.584868
-38.0,50,219.083476
-38.0,50,220.582836
10.0,50,222.096027
-38.0,50,222.275313
-38.0,50,222.445004
-38.0,50,222.625093
-38.0,50,222.797488
19.0,50,222.983959
-38.0,50,223.159344
17.0,50,223.335542
-38.0,50,223.506628
-38.0,50,223.685216
6.0,50,223.856486
-38.0,50,225.318039
-38.0,50,226.819395
-38.0,50,228.315069
-38.0,50,229.816274
-38.0,50,231.321128
-38.0,50,232.835472
-38.0,50,234.33931
16.0,50,235.856586
-38.0,50,237.394749
-38.0,50,238.89268
15.0,50,240.421
-6.0,50,241.960078
-38.0,50,243.482891
-38.0,50,245.023116
-38.0,50,246.545059
-38.0,50,248.131423
-38.0,50,249.665666
-38.0,50,251.186198
-38.0,50,252.741678
14.0,50,254.297169
13.0,50,254.470242
15.0,50,254.637301
4.0,50,254.802862
13.0,50,254.972407
16.0,50,255.165144
16.0,50,255.338856
14.0,50,255.510951
-38.0,50,255.688044
17.0,50,255.865381
-38.0,50,256.030674
-38.0,50,257.58309
-38.0,50,259.135647
-15.0,50,260.703496
-38.0,50,262.267166
-38.0,50,263.803284
-38.0,50,265.37219
-38.0,50,266.941422
-38.0,50,268.497712
-38.0,50,270.102379
-38.0,50,271.699774
-38.0,50,273.319222
-38.0,50,274.920444
-38.0,50,276.511601
-38.0,50,278.117281
-38.0,50,279.699407
-9.0,50,281.313629
-38.0,50,282.936114
-38.0,50,284.544708
-38.0,50,286.173671
11.0,50,287.753629
-38.0,50,287.924147
18.0,50,288.100064
17.0,50,288.283392
-38.0,50,288.456223
-38.0,50,288.622946
17.0,50,288.800776
-38.0,50,288.981639
-38.0,50,289.153269
18.0,50,289.330573
-38.0,50,289.483096
-38.0,50,291.089823
-38.0,50,292.671905
-38.0,50,294.289051
-38.0,50,295.881702
-38.0,50,297.503996
-38.0,50,299.105848
-38.0,50,300.737051
-15.0,50,302.344419
-38.0,50,304.026735
-44.0,50,305.662691
-38.0,50,307.313669
-38.0,50,308.956073
-38.0,50,310.606744
-38.0,50,312.221417
-38.0,50,313.780716
-38.0,50,315.352954
-38.0,50,316.9647
-38.0,50,318.56066
-38.0,50,320.212918
-38.0,50,321.805651
13.0,50,321.979481
-14.0,50,322.13196
-38.0,50,322.300629
18.0,50,322.477769
-38.0,50,322.658047
-38.0,50,322.823108
15.0,50,322.996558
19.0,50,323.16505
-38.0,50,323.329604
-38.0,50,323.503357
-38.0,50,325.132331
-38.0,50,326.787889
-38.0,50,328.441327
-38.0,50,330.118376
-38.0,50,331.803591
-38.0,50,333.465205
-38.0,50,335.171817
-38.0,50,336.910646
-38.0,50,338.601919
-38.0,50,340.321374
-38.0,50,342.048592
-38.0,50,343.749668
-38.0,50,345.492574
-38.0,50,347.195991
-38.0,50,348.908209
-38.0,50,350.604497
-38.0,50,352.342057
-38.0,50,354.081622
-38.0,50,355.771943
-9.0,50,357.529278
-38.0,50,357.691474
-38.0,50,357.854896
-38.0,50,358.02066
19.0,50,358.194867
-38.0,50,358.365405
-38.0,50,358.530553
-38.0,50,358.705021
-38.0,50,358.891135
-38.0,50,359.062611
-38.0,50,359.220443
-38.0,50,360.936156
-38.0,50,362.639876
-38.0,50,364.335676
-38.0,50,366.032976
-38.0,50,367.750381
-38.0,50,369.451657
-38.0,50,371.163508
-38.0,50,372.865932
-38.0,50,374.563264
-38.0,50,376.28238
-38.0,50,378.026452
-38.0,50,379.784052
16.0,50,381.55363
-38.0,50,383.297716
-44.0,50,385.060963
-38.0,50,386.818169
6.0,50,388.571018
-38.0,50,390.369298
-38.0,50,392.165147
21.0,50,393.981345
18.0,50,394.176639
15.0,50,394.359581
19.0,50,394.530219
14.0,50,394.708627
-38.0,50,394.882234
-38.0,50,395.064033
-38.0,50,395.239487
14.0,50,395.417491
-38.0,50,395.586265
-13.0,50,395.759228
-38.0,50,397.512866
-38.0,50,399.305568
-38.0,50,401.084091
-38.0,50,402.870629
-38.0,50,404.635576
-38.0,50,406.382586
-38.0,50,408.241508
-38.0,50,410.01288
-38.0,50,411.83401
-14.0,50,413.634586
-38.0,50,415.429082
-38.0,50,417.246652
24.0,50,419.056204
14.0,50,420.843112
-38.0,50,422.61586
5.0,50,424.459269
-38.0,50,426.303047
24.0,50,428.134506
-38.0,50,429.956045
12.0,50,431.768233
20.0,50,431.941326
-38.0,50,432.127861
9.0,50,432.310878
-38.0,50,432.466101
22.0,50,432.637348
-38.0,50,432.802768
-38.0,50,432.972229
-38.0,50,433.156098
-38.0,50,433.327154
-38.0,50,433.492468
-38.0,50,435.284849
-38.0,50,437.087221
-38.0,50,438.921497
-38.0,50,440.717647
22.0,50,442.54156
-38.0,50,444.400524
-38.0,50,446.267649
-38.0,50,448.102568
16.0,50,449.904732
-38.0,50,451.73547
-44.0,50,453.608181
-38.0,50,455.479636
-38.0,50,457.334223
-38.0,50,459.2052
-38.0,50,461.06373
-38.0,50,462.946815
-38.0,50,464.833028
20.0,50,466.70843
-38.0,50,468.601859
12.0,50,470.499992
-38.0,50,470.677076
-38.0,50,470.857416
12.0,50,471.049085
16.0,50,471.22703
-38.0,50,471.396546
21.0,50,471.588895
-38.0,50,471.776706
-38.0,50,471.945691
-38.0,50,472.100303
-38.0,50,472.26204
-38.0,50,474.112693
-38.0,50,475.969536
-38.0,50,477.813168
9.0,50,479.677823
-38.0,50,481.530847
-38.0,50,483.429127
-38.0,50,485.320195
-14.0,50,487.174803
-38.0,50,489.036978
-38.0,50,490.921519
-38.0,50,492.830202
-38.0,50,494.689167
-38.0,50,496.574687
-38.0,50,498.486998
-38.0,50,500.414104
-38.0,50,502.283422
-38.0,50,504.173347
-38.0,50,506.054463
-38.0,50,507.972992
-38.0,50,509.913678
18.0,50,510.080779
-38.0,50,510.241527
-38.0,50,510.40275
-38.0,50,510.56833
7.0,50,510.743757
-38.0,50,510.901728
-38.0,50,511.089233
-38.0,50,511.253721
-38.0,50,511.421697
-38.0,50,511.595672
-38.0,50,513.524307
9.0,50,515.419189
5.0,50,517.355886
-38.0,50,519.271935
-38.0,50,521.199475
-38.0,50,523.140307
-38.0,50,525.08848
-38.0,50,527.027453
-38.0,50,528.991413
-38.0,50,530.962197
-38.0,50,532.920001
-38.0,50,534.889625
-38.0,50,536.826574
-38.0,50,538.77172
-38.0,50,540.768535
-38.0,50,542.763144
-38.0,50,544.746016
-38.0,50,546.719771
-38.0,50,548.673344
-38.0,50,550.651172
-38.0,50,550.821023
22.0,50,551.009335
25.0,50,551.171011
-38.0,50,551.342009
-38.0,50,551.496185
-38.0,50,551.676497
19.0,50,551.849938
-38.0,50,552.005944
-38.0,50,552.168686
-38.0,50,552.330165
19.0,50,554.32531
-44.0,50,556.261388
-38.0,50,558.243856
-38.0,50,560.224558
-38.0,50,562.187803
-38.0,50,564.196327
-38.0,50,566.210168
-38.0,50,568.268372
-44.0,50,570.298599
-38.0,50,572.361943
-38.0,50,574.375337
-38.0,50,576.410573
-38.0,50,578.459092
-38.0,50,580.508179
-38.0,50,582.558101
-38.0,50,584.612096
-38.0,50,586.663753
-38.0,50,588.737683
-38.0,50,590.77996
-38.0,50,592.817537
-38.0,50,592.98257
-38.0,50,593.149408
-38.0,50,593.310397
-38.0,50,593.471573
-38.0,50,593.642404
-38.0,50,593.813402
-38.0,50,593.968122
-38.0,50,594.134527
-38.0,50,594.302442
-38.0,50,594.468529
-44.0,50,596.552879
-38.0,50,598.593086
28.0,50,600.661421
-38.0,50,602.698965
-38.0,50,604.714091
-38.0,50,606.731548
-38.0,50,608.814812
-44.0,50,610.872674
-38.0,50,613.019214
-38.0,50,615.077469
-38.0,50,617.113226
-38.0,50,619.15067
-38.0,50,621.18725
-38.0,50,623.233484
-38.0,50,625.301281
-38.0,50,627.367715
-38.0,50,629.427255
-38.0,50,631.532467
-38.0,50,633.637747
-38.0,50,635.71396
-38.0,50,635.87997
-38.0,50,636.06193
-38.0,50,636.25199
-38.0,50,636.421091
-44.0,50,636.60523
-38.0,50,636.773266
-38.0,50,636.950934
-38.0,50,637.128507
-38.0,50,637.30326
-38.0,50,637.470437
-38.0,50,639.53991
-44.0,50,641.645987
-38.0,50,643.736668
-38.0,50,645.835211
-38.0,50,647.911285
-38.0,50,649.98772
-38.0,50,652.042381
-38.0,50,654.135376
-38.0,50,656.224658
-38.0,50,658.314565
-38.0,50,660.423716
-38.0,50,662.541648
-38.0,50,664.670645
-38.0,50,666.810254
24.0,50,668.905197
-38.0,50,671.00842
-38.0,50,673.127592
-38.0,50,675.261861
-38.0,50,677.352602
-38.0,50,679.432972
-38.0,50,679.605515
-38.0,50,679.776656
-38.0,50,679.945122
-38.0,50,680.112612
22.0,50,680.294183
-38.0,50,680.467544
-38.0,50,680.639254
-38.0,50,680.814315
-38.0,50,680.987205
-38.0,50,681.156525
-38.0,50,683.26819
-38.0,50,685.434562
22.0,50,687.586012
24.0,50,689.77539
-38.0,50,691.972903
-38.0,50,694.212403
-38.0,50,696.442425
-38.0,50,698.606233
-38.0,50,700.815533
23.0,50,703.02186
-38.0,50,705.213121
-38.0,50,707.379821
-38.0,50,709.571993
-38.0,50,711.762804
-38.0,50,713.956887
-38.0,50,716.153145
-38.0,50,718.299626
-38.0,50,720.465364
-38.0,50,722.643845
27.0,50,724.85151
-38.0,50,725.027451
-38.0,50,725.186684
-38.0,50,725.362459
-38.0,50,725.537148
-38.0,50,725.711246
-38.0,50,725.884291
-38.0,50,726.036295
-38.0,50,726.210992
-38.0,50,726.388825
-38.0,50,726.560946
-38.0,50,728.724368
-38.0,50,730.871022
-38.0,50,733.042415
-38.0,50,735.211635
-38.0,50,737.375121
-38.0,50,739.576449
-38.0,50,741.779354
-38.0,50,743.980063
-38.0,50,746.164745
-38.0,50,748.326543
-38.0,50,750.483762
-38.0,50,752.636786
-38.0,50,754.805826
-38.0,50,756.961562
-38.0,50,759.200453
-38.0,50,761.434491
-38.0,50,763.707144
-38.0,50,765.984065
-38.0,50,768.235435
-38.0,50,770.5128
-38.0,50,770.685111
-38.0,50,770.852356
-38.0,50,771.014813
22.0,50,771.179952
-38.0,50,771.344685
-44.0,50,771.510229
-38.0,50,771.684073
-38.0,50,771.853956
-38.0,50,772.031163
-38.0,50,772.19568
-38.0,50,774.41888
-44.0,50,776.659702
-38.0,50,778.88734
-38.0,50,781.122715
27.0,50,783.39705
-38.0,50,785.683496
-38.0,50,787.951488
-38.0,50,790.202456
-38.0,50,792.500155
-38.0,50,794.749651
-38.0,50,796.990883
-38.0,50,799.2615
-38.0,50,801.570567
-38.0,50,803.85563
-38.0,50,806.155239
-38.0,50,808.438291
-38.0,50,810.745377
-38.0,50,813.063187
-38.0,50,815.373869
-38.0,50,817.694643
-38.0,50,817.86466
-38.0,50,818.028025
-38.0,50,818.190721
-38.0,50,818.357895
-38.0,50,818.532102
-38.0,50,818.705359
-38.0,50,818.871579
-38.0,50,819.043355
-38.0,50,819.215837
24.0,50,819.391179
-38.0,50,821.641937
-38.0,50,823.910011
-38.0,50,826.154555
-38.0,50,828.46223
-38.0,50,830.726086
-38.0,50,833.056061
-38.0,50,835.364388
-2.0,50,837.668429
21.0,50,840.010073
-38.0,50,842.338737
-38.0,50,844.665408
-44.0,50,846.988308
-38.0,50,849.316203
-38.0,50,851.629864
-38.0,50,853.963521
-38.0,50,856.267936
16.0,50,858.601457
-38.0,50,860.935872
-38.0,50,863.282214
-38.0,50,865.628176
-38.0,50,865.794127
-38.0,50,865.964264
-38.0,50,866.12748
-38.0,50,866.285168
-38.0,50,866.456025
-38.0,50,866.633736
17.0,50,866.808163
-38.0,50,866.982795
-38.0,50,867.153856
-38.0,50,867.318736
-9.0,50,869.634912
-38.0,50,871.934677
-38.0,50,874.246341
-38.0,50,876.557725
-44.0,50,878.884705
-38.0,50,881.265782
-38.0,50,883.609202
-38.0,50,885.986386
-38.0,50,888.322426
-38.0,50,890.643664
-17.0,50,892.997758
-38.0,50,895.402158
-38.0,50,897.729318
-38.0,50,900.085003
-38.0,50,902.510639
-38.0,50,904.854183
-9.0,50,907.192203
-38.0,50,909.495284
-38.0,50,911.89107
-38.0,50,914.243252
-38.0,50,914.398716
-38.0,50,914.572654
-38.0,50,914.742408
-38.0,50,914.906539
-38.0,50,915.07881
-38.0,50,915.244888
-38.0,50,915.41827
25.0,50,915.582501
-38.0,50,915.74837
-15.0,50,915.908043
-38.0,50,918.245455
-14.0,50,920.569809
-38.0,50,922.899429
-38.0,50,925.246402
-38.0,50,927.562776
19.0,50,929.938353
-38.0,50,932.249411
-38.0,50,934.616667
-38.0,50,937.012334
-38.0,50,939.362325
21.0,50,941.739935
-12.0,50,944.096912
-38.0,50,946.473431
-38.0,50,948.817588
-38.0,50,951.158668
-38.0,50,953.48881
-38.0,50,955.86983
-44.0,50,958.248658
-38.0,50,960.70561
-38.0,50,963.125198
15.0,50,963.305018
-3.0,50,963.49916
-10.0,50,963.686959
-38.0,50,963.867294
-38.0,50,964.043463
-38.0,50,964.211891
-38.0,50,964.384341
-38.0,50,964.571762
19.0,50,964.753861
-38.0,50,964.916431
-38.0,50,967.32479
-38.0,50,969.737145
-38.0,50,972.167129
-38.0,50,974.571725
-38.0,50,976.97908
-38.0,50,979.411901
-38.0,50,981.846287
-10.0,50,984.289016
-38.0,50,986.728283
-38.0,50,989.105594
-38.0,50,991.513043
-38.0,50,993.944431
-38.0,50,996.377059
-38.0,50,998.802305
22.0,50,1001.249622
-12.0,50,1003.674194
-38.0,50,1006.129814
-38.0,50,1008.565618
18.0,50,1011.033268
-38.0,50,1013.504133
19.0,50,1013.687755
-38.0,50,1013.86462
17.0,50,1014.046171
-38.0,50,1014.221126
-38.0,50,1014.404123
-38.0,50,1014.578923
-38.0,50,1014.747509
-38.0,50,1014.91006
-38.0,50,1015.081165
21.0,50,1015.254996
-38.0,50,1017.737763
-38.0,50,1020.204494
-38.0,50,1022.705058
23.0,50,1025.172953
-38.0,50,1027.66646
-38.0,50,1030.168154
-38.0,50,1032.721613
-38.0,50,1035.226532
-38.0,50,1037.702447
-38.0,50,1040.178033
-38.0,50,1042.661942
-38.0,50,1045.160151
-38.0,50,1047.661331
-38.0,50,1050.150054
-38.0,50,1052.677564
-38.0,50,1055.154595
-38.0,50,1057.659876
-38.0,50,1060.154186
-38.0,50,1062.66987
-38.0,50,1065.18257
11.0,50,1065.352583
12.0,50,1065.521838
-38.0,50,1065.693575
-38.0,50,1065.860619
10.0,50,1066.03433
-38.0,50,1066.208696
-38.0,50,1066.386363
28.0,50,1066.56102
-38.0,50,1066.751344
-38.0,50,1066.923838
-38.0,50,1069.465278
-38.0,50,1072.025001
-38.0,50,1074.589845
-38.0,50,1077.083691
-38.0,50,1079.570966
27.0,50,1082.132206
-38.0,50,1084.738435
-38.0,50,1087.252753
-38.0,50,1089.831012
18.0,50,1092.424983
-38.0,50,1094.98545
-38.0,50,1097.51513
-38.0,50,1100.088854
-38.0,50,1102.636716
-38.0,50,1105.205964
-38.0,50,1107.76616
-38.0,50,1110.379896
-38.0,50,1113.062842
-38.0,50,1115.632731
-38.0,50,1118.192897
-38.0,50,1118.351696
-38.0,50,1118.52071
-38.0,50,1118.685791
-38.0,50,1118.875742
-38.0,50,1119.054225
-38.0,50,1119.227984
21.0,50,1119.404508
-38.0,50,1119.568421
-38.0,50,1119.738554
-38.0,50,1119.905801
-38.0,50,1122.437866
-38.0,50,1124.974608
-38.0,50,1127.525085
-13.0,50,1130.065926
-38.0,50,1132.674216
-38.0,50,1135.271941
-38.0,50,1137.887662
-38.0,50,1140.542951
-38.0,50,1143.188086
-38.0,50,1145.875833
-38.0,50,1148.471061
-38.0,50,1151.121227
25.0,50,1153.794585
-38.0,50,1156.421889
-38.0,50,1159.079156
-38.0,50,1161.796222
-38.0,50,1164.444525
-38.0,50,1167.095198
-38.0,50,1169.72894
-38.0,50,1172.383585
-38.0,50,1172.544747
-38.0,50,1172.703523
-38.0,50,1172.881186
-38.0,50,1173.056252
-38.0,50,1173.22913
-38.0,50,1173.398786
-38.0,50,1173.571712
-38.0,50,1173.750072
-38.0,50,1173.93035
-38.0,50,1174.11404
9.0,50,1176.758825
-38.0,50,1179.386133
-38.0,50,1182.025453
-38.0,50,1184.668725
-38.0,50,1187.278141
-38.0,50,1189.922963
-38.0,50,1192.584448
-38.0,50,1195.183173
27.0,50,1197.830422
15.0,50,1200.41739
-38.0,50,1203.044218
-38.0,50,1205.638626
-38.0,50,1208.256125
-38.0,50,1210.899546
-38.0,50,1213.531633
-38.0,50,1216.136904
-38.0,50,1218.787758
-38.0,50,1221.425661
-38.0,50,1224.071035
-38.0,50,1226.716937
-38.0,50,1226.885717
-38.0,50,1227.053673
-38.0,50,1227.231205
-38.0,50,1227.408117
-38.0,50,1227.57953
-38.0,50,1227.753153
-38.0,50,1227.926985
-38.0,50,1228.100621
-38.0,50,1228.273583
21.0,50,1228.451433
-38.0,50,1231.110045
16.0,50,1233.783151
-38.0,50,1236.445912
26.0,50,1239.091917
-38.0,50,1241.809421
-38.0,50,1244.492883
-38.0,50,1247.140598
-38.0,50,1249.868022
-38.0,50,1252.604087
-38.0,50,1255.279273
-38.0,50,1257.948994
-38.0,50,1260.651065
-38.0,50,1263.390198
-38.0,50,1266.202023
-38.0,50,1268.942989
-38.0,50,1271.712589
-10.0,50,1274.486182
-38.0,50,1277.150814
1.0,50,1279.816309
-38.0,50,1282.482789
-38.0,50,1282.679449
-38.0,50,1282.858072
-38.0,50,1283.043088
-38.0,50,1283.216292
-38.0,50,1283.388291
-38.0,50,1283.556087
-38.0,50,1283.732537
-38.0,50,1283.896663
19.0,50,1284.073103
-38.0,50,1284.246227
-38.0,50,1286.931212
-38.0,50,1289.671421
-38.0,50,1292.390872
-12.0,50,1295.099527
-38.0,50,1297.807922
-38.0,50,1300.521825
-38.0,50,1303.235727
-38.0,50,1305.948041
-38.0,50,1308.668653
-38.0,50,1311.400518
5.0,50,1314.149844
15.0,50,1316.882525
-38.0,50,1319.604023
-38.0,50,1322.318407
-38.0,50,1325.153757
-38.0,50,1327.89224
-38.0,50,1330.651186
-38.0,50,1333.469523
-38.0,50,1336.281236
-38.0,50,1339.018853
-38.0,50,1339.193236
-38.0,50,1339.365856
19.0,50,1339.539819
-38.0,50,1339.719918
15.0,50,1339.910448
-38.0,50,1340.088599
-38.0,50,1340.2738
-38.0,50,1340.460686
-9.0,50,1340.639247
-38.0,50,1340.818114
-38.0,50,1343.571218
-38.0,50,1346.337836
-38.0,50,1349.079616
-38.0,50,1351.823745
-38.0,50,1354.608628
-38.0,50,1357.365704
-38.0,50,1360.143578
-38.0,50,1362.932401
-38.0,50,1365.754637
-38.0,50,1368.51005
-38.0,50,1371.335117
-38.0,50,1374.148195
-38.0,50,1377.008895
-16.0,50,1379.797763
-38.0,50,1382.632705
-38.0,50,1385.463891
22.0,50,1388.28328
-38.0,50,1391.085604
-38.0,50,1393.925905
-38.0,50,1396.710852
17.0,50,1396.887989
-38.0,50,1397.053056
-38.0,50,1397.210825
-38.0,50,1397.380525
-38.0,50,1397.533447
17.0,50,1397.716387
-38.0,50,1397.889177
-38.0,50,1398.061081
-38.0,50,1398.230749
14.0,50,1398.407971
-38.0,50,1401.186772
-38.0,50,1403.954992
-38.0,50,1406.742266
-38.0,50,1409.51123
-38.0,50,1412.314009
1.0,50,1415.157529
-38.0,50,1418.003536
26.0,50,1420.82426
-38.0,50,1423.697236
8.0,50,1426.532621
-38.0,50,1429.425416
-38.0,50,1432.393129
-16.0,50,1435.234111
10.0,50,1438.101036
-38.0,50,1440.941457
-38.0,50,1443.737172
-38.0,50,1446.555257
-38.0,50,1449.399565
-38.0,50,1452.251247
-38.0,50,1455.132975
-38.0,50,1455.30723
12.0,50,1455.489901
24.0,50,1455.666776
-38.0,50,1455.844654
-38.0,50,1456.01737
-38.0,50,1456.191346
-38.0,50,1456.366492
-38.0,50,1456.539773
-38.0,50,1456.711522
-38.0,50,1456.889327
-38.0,50,1459.695284
-38.0,50,1462.529522
-5.0,50,1465.354815
-38.0,50,1468.163622
-38.0,50,1471.043888
-38.0,50,1473.843662
-38.0,50,1476.752362
-38.0,50,1479.577601
-38.0,50,1482.434147
-38.0,50,1485.3142
14.0,50,1488.237944
-38.0,50,1491.085503
-38.0,50,1493.969726
7.0,50,1496.892161
-4.0,50,1499.7697
-38.0,50,1502.720494
-38.0,50,1505.640643
-38.0,50,1508.529932
-38.0,50,1511.628654
10.0,50,1514.525695
-38.0,50,1514.714914
-38.0,50,1514.890832
-38.0,50,1515.066491
-15.0,50,1515.244259
-38.0,50,1515.433703
-38.0,50,1515.61259
-38.0,50,1515.785651
-16.0,50,1515.965537
-38.0,50,1516.14335
28.0,50,1516.321377
10.0,50,1519.228831
-38.0,50,1522.14644
-38.0,50,1525.103417
-38.0,50,1527.993135
-38.0,50,1530.941069
-38.0,50,1533.885672
-1.0,50,1536.803177
-38.0,50,1539.746267
-38.0,50,1542.746424
-38.0,50,1545.71101
-38.0,50,1548.71049
-38.0,50,1551.68162
-14.0,50,1554.622348
-38.0,50,1557.630985
-38.0,50,1560.597204
-38.0,50,1563.568265
-38.0,50,1566.548429
-38.0,50,1569.530066
-38.0,50,1572.512746
-38.0,50,1575.457349
17.0,50,1575.635733
11.0,50,1575.816874
-38.0,50,1575.992723
-38.0,50,1576.168905
-38.0,50,1576.375154
-38.0,50,1576.552993
-38.0,50,1576.741565
-38.0,50,1576.9259
-4.0,50,1577.108954
-38.0,50,1577.272147
-38.0,50,1580.26274
-44.0,50,1583.235009
-38.0,50,1586.221581
-38.0,50,1589.210962
-38.0,50,1592.205615
-38.0,50,1595.203271
-38.0,50,1598.224647
-38.0,50,1601.230785
-38.0,50,1604.261521
-38.0,50,1607.285824
-38.0,50,1610.328506
-3.0,50,1613.359313
-38.0,50,1616.405809
-15.0,50,1619.396098
-38.0,50,1622.437648
17.0,50,1625.53267
-38.0,50,1628.569756
-38.0,50,1631.656362
-38.0,50,1634.70768
-38.0,50,1637.818856
21.0,50,1638.003598
-38.0,50,1638.190856
19.0,50,1638.360893
-38.0,50,1638.544721
-38.0,50,1638.72658
2.0,50,1638.903265
-38.0,50,1639.075814
14.0,50,1639.253876
-38.0,50,1639.421772
-7.0,50,1639.597358
-38.0,50,1642.701101
11.0,50,1645.739697
-38.0,50,1648.764255
-15.0,50,1651.802933
-4.0,50,1654.866055
-16.0,50,1657.956057
-38.0,50,1661.016155
-38.0,50,1664.076788
3.0,50,1667.155714
-12.0,50,1670.283055
-38.0,50,1673.41503
-11.0,50,1676.543524
18.0,50,1679.632957
-38.0,50,1682.745025
-38.0,50,1685.875763
19.0,50,1689.005761
-38.0,50,1692.117535
-38.0,50,1695.192159
-38.0,50,1698.339544
-38.0,50,1701.478802
-38.0,50,1701.650636
-44.0,50,1701.831125
-15.0,50,1702.00773
-38.0,50,1702.181851
-1.0,50,1702.361069
9.0,50,1702.542635
17.0,50,1702.738588
23.0,50,1702.912638
-38.0,50,1703.087615
-38.0,50,1703.26341
-38.0,50,1706.295846
-38.0,50,1709.316176
10.0,50,1712.345484
-38.0,50,1715.392255
-8.0,50,1718.478525
-38.0,50,1721.571143
-38.0,50,1724.731993
-38.0,50,1727.866729
-38.0,50,1730.967012
-16.0,50,1734.082633
-38.0,50,1737.206778
11.0,50,1740.365191
11.0,50,1743.5126
-38.0,50,1746.730917
7.0,50,1749.951185
-38.0,50,1753.101207
4.0,50,1756.287713
-16.0,50,1759.426621
-38.0,50,1762.60417
-38.0,50,1765.832921
-38.0,50,1766.013227
8.0,50,1766.195941
6.0,50,1766.377421
15.0,50,1766.563877
-38.0,50,1766.758454
-38.0,50,1766.943447
-38.0,50,1767.134883
28.0,50,1767.332955
11.0,50,1767.509551
-38.0,50,1767.700312
-38.0,50,1770.807864
-17.0,50,1773.895459
16.0,50,1777.009231
-38.0,50,1780.171401
-38.0,50,1783.456846
-38.0,50,1786.700859
-38.0,50,1789.940468
-38.0,50,1793.189623
-38.0,50,1796.443887
-38.0,50,1799.676129
24.0,50,1802.903201
-38.0,50,1806.109668
-9.0,50,1809.347944
-38.0,50,1812.560466
20.0,50,1815.753554
-38.0,50,1818.908246
-38.0,50,1822.073819
-38.0,50,1825.207849
-38.0,50,1828.368239
-38.0,50,1831.524404
-5.0,50,1831.700058
-14.0,50,1831.899747
15.0,50,1832.079663
24.0,50,1832.26637
-6.0,50,1832.443159
23.0,50,1832.631652
-38.0,50,1832.806664
-44.0,50,1832.989615
-38.0,50,1833.167426
14.0,50,1833.352762
-38.0,50,1836.523083
-38.0,50,1839.662111
-38.0,50,1842.821788
-38.0,50,1846.021887
13.0,50,1849.287501
-38.0,50,1852.535737
-38.0,50,1855.786508
-38.0,50,1859.080913
-38.0,50,1862.273927
-38.0,50,1865.576415
-38.0,50,1868.850265
-38.0,50,1872.110343
-38.0,50,1875.357921
-38.0,50,1878.585226
-38.0,50,1881.885256
-38.0,50,1885.113365
25.0,50,1888.334367
-38.0,50,1891.644045
-38.0,50,1894.942761
14.0,50,1898.180703
-38.0,50,1898.357208
4.0,50,1898.552062
-38.0,50,1898.742155
-38.0,50,1898.930545
18.0,50,1899.107829
9.0,50,1899.280651
-16.0,50,1899.456921
-38.0,50,1899.630511
-38.0,50,1899.818365
-38.0,50,1899.998139
13.0,50,1903.281755
-38.0,50,1906.536868
-38.0,50,1909.770365
-38.0,50,1913.046215
22.0,50,1916.389122
6.0,50,1919.652127
-38.0,50,1922.918482
-4.0,50,1926.228213
21.0,50,1929.583366
26.0,50,1932.899197
-12.0,50,1936.200433
-38.0,50,1939.515392
10.0,50,1942.885656
-38.0,50,1946.114165
9.0,50,1949.398899
-38.0,50,1952.670033
-38.0,50,1955.944083
-38.0,50,1959.259508
-38.0,50,1962.5662
-38.0,50,1965.92344
-38.0,50,1966.110874
-38.0,50,1966.288372
-38.0,50,1966.467289
-12.0,50,1966.643467
-38.0,50,1966.83352
-38.0,50,1967.016622
-38.0,50,1967.196991
-38.0,50,1967.377198
5.0,50,1967.552191
-38.0,50,1967.725071
-8.0,50,1970.990173
12.0,50,1974.261482
-12.0,50,1977.533635
6.0,50,1980.826656
-38.0,50,1984.248627
-38.0,50,1987.610329
-38.0,50,1991.003366
-38.0,50,1994.347195
-16.0,50,1997.763988
-14.0,50,2001.062659
-38.0,50,2004.290972
11.0,50,2007.505522
-38.0,50,2010.820515
-38.0,50,2014.137256
9.0,50,2017.481989
-38.0,50,2020.739981
-38.0,50,2024.052515
-38.0,50,2027.362796
2.0,50,2030.702266
-38.0,50,2034.036276
0.0,50,2034.225168
15.0,50,2034.402377
22.0,50,2034.585764
-9.0,50,2034.781404
-38.0,50,2034.966469
-9.0,50,2035.134802
23.0,50,2035.301798
16.0,50,2035.472313
-38.0,50,2035.64667
-38.0,50,2035.810967
-38.0,50,2039.126027
-38.0,50,2042.441402
-38.0,50,2045.780039
-38.0,50,2049.091058
-38.0,50,2052.3944
19.0,50,2055.712699
-38.0,50,2058.996952
-38.0,50,2062.347977
-38.0,50,2065.681974
22.0,50,2068.998597
-38.0,50,2072.352867
-38.0,50,2075.682782
23.0,50,2079.041804
-38.0,50,2082.408611
-38.0,50,2085.813482
12.0,50,2089.170157
26.0,50,2092.506584
-38.0,50,2095.872355
-4.0,50,2099.264155
-38.0,50,2102.654519
19.0,50,2102.832605
-38.0,50,2103.02585
14.0,50,2103.206589
20.0,50,2103.393304
-2.0,50,2103.580347
-38.0,50,2103.770873
-38.0,50,2103.949096
18.0,50,2104.121837
18.0,50,2104.295445
-38.0,50,2104.467959
-38.0,50,2107.846385
2.0,50,2111.184824
-38.0,50,2114.572163
12.0,50,2117.929225
-38.0,50,2121.289027
-38.0,50,2124.635607
25.0,50,2128.009054
-38.0,50,2131.364105
19.0,50,2134.733351
-38.0,50,2138.10797
-38.0,50,2141.509033
-38.0,50,2144.855826
-38.0,50,2148.252014
-38.0,50,2151.617449
25.0,50,2155.030736
-38.0,50,2158.441465
-38.0,50,2161.837905
-38.0,50,2165.208963
20.0,50,2168.629637
-4.0,50,2171.992863
11.0,50,2172.177428
-38.0,50,2172.359536
-5.0,50,2172.530611
19.0,50,2172.721238
-38.0,50,2172.922976
7.0,50,2173.109632
-38.0,50,2173.290637
-14.0,50,2173.480774
-38.0,50,2173.673811
-38.0,50,2173.854769
-38.0,50,2177.284945
20.0,50,2180.6928
-38.0,50,2184.105341
-38.0,50,2187.494584
-38.0,50,2190.941608
-38.0,50,2194.417852
-11.0,50,2197.904852
-38.0,50,2201.337025
24.0,50,2204.771282
-38.0,50,2208.194378
-38.0,50,2211.640505
-38.0,50,2215.073719
-38.0,50,2218.537925
-38.0,50,2222.002092
-5.0,50,2225.486731
0.0,50,2228.921942
-38.0,50,2232.401661
-38.0,50,2236.005866
17.0,50,2239.512321
-38.0,50,2243.012111
-38.0,50,2243.211796
-38.0,50,2243.398612
24.0,50,2243.585529
-1.0,50,2243.763654
17.0,50,2243.940303
-38.0,50,2244.125927
24.0,50,2244.321896
-38.0,50,2244.507522
-38.0,50,2244.692832
-38.0,50,2244.877433
-38.0,50,2248.384217
-38.0,50,2251.908902
-38.0,50,2255.375582
-17.0,50,2258.867635
-38.0,50,2262.462308
-38.0,50,2266.006432
-38.0,50,2269.523878
-38.0,50,2273.016291
-38.0,50,2276.525831
-38.0,50,2279.975455
25.0,50,2283.450756
14.0,50,2286.90085
-38.0,50,2290.415891
-3.0,50,2293.942809
-17.0,50,2297.445787
-38.0,50,2300.946096
19.0,50,2304.45707
-38.0,50,2307.961215
-38.0,50,2311.483705
-38.0,50,2314.989797
25.0,50,2315.174176
17.0,50,2315.372691
15.0,50,2315.554961
-2.0,50,2315.737425
18.0,50,2315.91159
-38.0,50,2316.084813
17.0,50,2316.2658
-38.0,50,2316.448963
16.0,50,2316.618218
27.0,50,2316.799966
-38.0,50,2320.341573
-38.0,50,2323.83671
-38.0,50,2327.345776
8.0,50,2330.889466
-38.0,50,2334.407771
-38.0,50,2337.934329
-14.0,50,2341.478916
-38.0,50,2344.995659
-38.0,50,2348.523054
-38.0,50,2352.021415
17.0,50,2355.545745
-38.0,50,2359.055933
-15.0,50,2362.617375
-38.0,50,2366.082828
-13.0,50,2369.587973
22.0,50,2373.101767
-38.0,50,2376.620755
-38.0,50,2380.127248
-10.0,50,2383.667906
-38.0,50,2387.180812
-38.0,50,2387.356941
27.0,50,2387.534647
20.0,50,2387.70606
18.0,50,2387.88857
-38.0,50,2388.06023
-38.0,50,2388.232367
-38.0,50,2388.406255
-38.0,50,2388.584162
-38.0,50,2388.774264
-38.0,50,2388.945903
-38.0,50,2392.474281
-4.0,50,2396.034477
21.0,50,2399.60128
20.0,50,2403.256208
-4.0,50,2406.940519
-38.0,50,2410.579182
14.0,50,2414.206175
15.0,50,2417.688405
-14.0,50,2421.249849
8.0,50,2424.766264
-38.0,50,2428.337661
-38.0,50,2431.880119
-38.0,50,2435.476504
-8.0,50,2439.01792
25.0,50,2442.550575
-38.0,50,2446.16264
-38.0,50,2449.698614
-38.0,50,2453.20355
-38.0,50,2456.76913
-17.0,50,2460.336135
-38.0,50,2460.516442
17.0,50,2460.690309
23.0,50,2460.872709
24.0,50,2461.049833
-38.0,50,2461.22456
14.0,50,2461.39817
19.0,50,2461.574612
-17.0,50,2461.746316
-7.0,50,2461.924138
-38.0,50,2462.092028
-4.0,50,2465.694528
-14.0,50,2469.274789
-16.0,50,2472.830813
12.0,50,2476.396409
-38.0,50,2480.020935
-14.0,50,2483.669978
-38.0,50,2487.317566
-38.0,50,2490.905705
15.0,50,2494.562151
-38.0,50,2498.145597
-38.0,50,2501.828377
-3.0,50,2505.379809
-38.0,50,2508.992909
12.0,50,2512.57659
18.0,50,2516.211573
-38.0,50,2519.826936
-38.0,50,2523.489894
-38.0,50,2527.091234
4.0,50,2530.753844
10.0,50,2534.457523
18.0,50,2534.629395
13.0,50,2534.811341
27.0,50,2534.99129
23.0,50,2535.17955
-38.0,50,2535.355753
-38.0,50,2535.531835
-38.0,50,2535.70494
-38.0,50,2535.884016
-38.0,50,2536.071238
-38.0,50,2536.24791
-38.0,50,2539.912207
17.0,50,2543.599878
-38.0,50,2547.269483
-8.0,50,2550.959158
-38.0,50,2554.644167
-38.0,50,2558.338062
-38.0,50,2562.057169
-38.0,50,2565.800917
-10.0,50,2569.526628
3.0,50,2573.317531
-38.0,50,2577.099882
-9.0,50,2580.810662
-38.0,50,2584.65529
-38.0,50,2588.38533
-38.0,50,2592.131152
-12.0,50,2595.862566
-1.0,50,2599.588193
-17.0,50,2603.332855
-38.0,50,2607.082451
19.0,50,2610.826165
9.0,50,2611.010582
18.0,50,2611.198285
20.0,50,2611.389364
-38.0,50,2611.56547
23.0,50,2611.749992
24.0,50,2611.938709
7.0,50,2612.120929
-38.0,50,2612.311186
8.0,50,2612.512383
-38.0,50,2612.680473
-38.0,50,2616.401026
-38.0,50,2620.1501
12.0,50,2623.885138
-38.0,50,2627.670885
-14.0,50,2631.393322
-38.0,50,2635.093423
-16.0,50,2638.823209
-38.0,50,2642.501512
-38.0,50,2646.35307
-38.0,50,2650.109301
-38.0,50,2653.830954
-12.0,50,2657.561502
9.0,50,2661.325614
-38.0,50,2665.064991
-38.0,50,2668.864396
-38.0,50,2672.615679
-38.0,50,2676.405
-38.0,50,2680.14304
20.0,50,2683.958505
-38.0,50,2687.675233
13.0,50,2687.867475
19.0,50,2688.059811
19.0,50,2688.247597
19.0,50,2688.431902
20.0,50,2688.618398
22.0,50,2688.804107
17.0,50,2688.981067
18.0,50,2689.183108
-38.0,50,2689.36481
20.0,50,2689.542538
-14.0,50,2693.273428
-38.0,50,2697.054464
-38.0,50,2700.786061
-38.0,50,2704.561301
-38.0,50,2708.375998
22.0,50,2712.249313
-38.0,50,2716.079642
-38.0,50,2719.892346
-38.0,50,2723.762053
2.0,50,2727.628776
-38.0,50,2731.449917
-11.0,50,2735.295988
-16.0,50,2739.119005
-38.0,50,2742.857206
-11.0,50,2746.610013
-38.0,50,2750.486347
-38.0,50,2754.345285
13.0,50,2758.165452
-38.0,50,2762.008751
-38.0,50,2765.859374
-38.0,50,2766.047825
24.0,50,2766.227034
-38.0,50,2766.402359
-38.0,50,2766.596214
18.0,50,2766.791327
-17.0,50,2766.974666
-38.0,50,2767.158914
18.0,50,2767.35003
23.0,50,2767.523337
-38.0,50,2767.693975
-38.0,50,2771.458664
-38.0,50,2775.316283
8.0,50,2779.125368
-2.0,50,2782.939579
-38.0,50,2786.756467
-38.0,50,2790.571973
-38.0,50,2794.394248
-38.0,50,2798.249651
18.0,50,2802.128384
-38.0,50,2805.983399
4.0,50,2809.788987
12.0,50,2813.618813
-38.0,50,2817.409651
-38.0,50,2821.314162
21.0,50,2825.250563
-38.0,50,2829.12413
-38.0,50,2833.065758
-38.0,50,2837.004909
-38.0,50,2840.939607
-38.0,50,2844.789584
-38.0,50,2844.964364
-38.0,50,2845.147024
7.0,50,2845.335802
-38.0,50,2845.523039
9.0,50,2845.71083
-38.0,50,2845.887392
19.0,50,2846.07543
24.0,50,2846.263252
12.0,50,2846.433703
-38.0,50,2846.611548
-38.0,50,2850.463694
11.0,50,2854.338161
16.0,50,2858.200651
-17.0,50,2862.125674
-38.0,50,2866.05255
28.0,50,2869.896865
-38.0,50,2873.808606
-38.0,50,2877.696937
-16.0,50,2881.584635
24.0,50,2885.512052
-38.0,50,2889.428435
-38.0,50,2893.277023
-38.0,50,2897.188917
3.0,50,2901.067303
-38.0,50,2904.973295
-5.0,50,2908.80643
-38.0,50,2912.60851
-38.0,50,2916.40229
10.0,50,2920.216097
22.0,50,2924.035071
19.0,50,2924.205548
24.0,50,2924.390471
-6.0,50,2924.59223
-8.0,50,2924.778183
16.0,50,2924.948684
19.0,50,2925.130031
-38.0,50,2925.301605
-38.0,50,2925.48931
10.0,50,2925.662831
-16.0,50,2925.846934
-7.0,50,2929.704912
-38.0,50,2933.543802
-38.0,50,2937.397714
-38.0,50,2941.206622
-15.0,50,2945.039708
-17.0,50,2948.867149
-16.0,50,2952.700569
17.0,50,2956.647264
-38.0,50,2960.629345
15.0,50,2964.652671
-17.0,50,2968.631769
-38.0,50,2972.589614
-38.0,50,2976.59565
-38.0,50,2980.561344
-38.0,50,2984.578306
-11.0,50,2988.552418
-38.0,50,2992.512924
25.0,50,2996.52646
-6.0,50,3000.455192
-38.0,50,3004.375913
22.0,50,3004.550706
-9.0,50,3004.74459
18.0,50,3004.921173
-38.0,50,3005.105167
-12.0,50,3005.284003
16.0,50,3005.473428
13.0,50,3005.646966
-38.0,50,3005.83288
24.0,50,3006.006798
-38.0,50,3006.204392
4.0,50,3010.161646
-38.0,50,3014.118539
20.0,50,3018.029363
-38.0,50,3021.913549
-11.0,50,3025.817375
13.0,50,3029.72259
-16.0,50,3033.737661
-14.0,50,3037.703368
-38.0,50,3041.738119
-16.0,50,3045.715696
21.0,50,3049.655196
-38.0,50,3053.600073
-1.0,50,3057.613755
-38.0,50,3061.921726
-38.0,50,3065.879806
-3.0,50,3069.929791
-38.0,50,3074.011809
-38.0,50,3077.935812
26.0,50,3081.936791
8.0,50,3085.923108
-38.0,50,3086.099095
-38.0,50,3086.277994
-6.0,50,3086.473005
11.0,50,3086.647959
23.0,50,3086.835671
-38.0,50,3087.020417
24.0,50,3087.205375
-2.0,50,3087.401521
-38.0,50,3087.587802
16.0,50,3087.764361
-13.0,50,3091.720197
-11.0,50,3095.663536
-38.0,50,3099.610691
14.0,50,3103.553232
-38.0,50,3107.528867
-14.0,50,3111.470356
-38.0,50,3115.45593
-38.0,50,3119.443605
-3.0,50,3123.400035
-38.0,50,3127.368004
-38.0,50,3131.382676
-38.0,50,3135.364202
-38.0,50,3139.427131
24.0,50,3143.475594
-13.0,50,3147.557971
10.0,50,3151.58448
-38.0,50,3155.584321
13.0,50,3159.626601
21.0,50,3163.684625
13.0,50,3167.750587
27.0,50,3167.940403
-12.0,50,3168.110449
17.0,50,3168.282625
19.0,50,3168.483413
-15.0,50,3168.66938
-38.0,50,3168.855523
25.0,50,3169.054072
-38.0,50,3169.235039
-38.0,50,3169.4236
-38.0,50,3169.590111
-14.0,50,3173.646008
7.0,50,3177.641006
-38.0,50,3181.694768
12.0,50,3185.743775
-12.0,50,3189.814371
-17.0,50,3193.853759
-15.0,50,3197.883874
-38.0,50,3201.912695
10.0,50,3206.000684
-38.0,50,3210.144957
-38.0,50,3214.274648
-38.0,50,3218.456316
-38.0,50,3222.613306
26.0,50,3226.699521
3.0,50,3230.874208
-38.0,50,3235.023946
-38.0,50,3239.152205
-38.0,50,3243.222972
5.0,50,3247.314687
-38.0,50,3251.426983
-38.0,50,3251.592774
12.0,50,3251.787307
7.0,50,3251.972904
-14.0,50,3252.166339
12.0,50,3252.350902
21.0,50,3252.517822
-13.0,50,3252.697611
19.0,50,3252.864598
17.0,50,3253.047462
23.0,50,3253.222931
-38.0,50,3257.281378
-38.0,50,3261.409934
15.0,50,3265.522934
16.0,50,3269.560979
4.0,50,3273.648722
-9.0,50,3277.726197
-7.0,50,3281.838355
-38.0,50,3285.938787
0.0,50,3290.089288
3.0,50,3294.216706
-38.0,50,3298.3071
-38.0,50,3302.345438
-38.0,50,3306.472837
2.0,50,3310.540699
-38.0,50,3314.682561
-38.0,50,3318.778256
-38.0,50,3322.905021
-38.0,50,3327.075782
-38.0,50,3331.213662
8.0,50,3335.381768
12.0,50,3335.559267
17.0,50,3335.737284
21.0,50,3335.925122
27.0,50,3336.111649
23.0,50,3336.300988
19.0,50,3336.482733
-38.0,50,3336.662602
-38.0,50,3336.841716
20.0,50,3337.00867
15.0,50,3337.184027
-16.0,50,3341.31513
14.0,50,3345.443575
-38.0,50,3349.628736
-38.0,50,3353.933233
17.0,50,3358.164227
-38.0,50,3362.437372
-38.0,50,3366.683557
-7.0,50,3370.850924
21.0,50,3375.071369
-38.0,50,3379.275143
-38.0,50,3383.483412
-11.0,50,3387.710439
9.0,50,3391.873965
21.0,50,3396.076867
-38.0,50,3400.314878
-38.0,50,3404.532477
-10.0,50,3408.710989
-38.0,50,3412.875989
-8.0,50,3417.112329
-38.0,50,3421.314101
13.0,50,3421.498025
-38.0,50,3421.680907
-38.0,50,3421.856572
1.0,50,3422.042382
16.0,50,3422.221782
-38.0,50,3422.399333
19.0,50,3422.594087
10.0,50,3422.779615
27.0,50,3422.971122
13.0,50,3423.140651
-38.0,50,3427.27519
6.0,50,3431.433797
-38.0,50,3435.561543
21.0,50,3439.69468
-17.0,50,3443.9031
8.0,50,3448.155098
-38.0,50,3452.419355
-17.0,50,3456.719551
-38.0,50,3461.090074
-38.0,50,3465.45009
-38.0,50,3469.831163
-38.0,50,3474.127666
-38.0,50,3478.451367
-38.0,50,3482.710996
-38.0,50,3487.064313
16.0,50,3491.273734
-38.0,50,3495.51095
-38.0,50,3499.765791
6.0,50,3504.101787
19.0,50,3508.440093
22.0,50,3508.623772
-15.0,50,3508.802433
-38.0,50,3508.986721
-38.0,50,3509.166441
18.0,50,3509.361878
-38.0,50,3509.54607
-2.0,50,3509.723002
24.0,50,3509.909422
25.0,50,3510.089627
21.0,50,3510.264688
-38.0,50,3514.661756
9.0,50,3518.958625
-38.0,50,3523.305077
21.0,50,3527.63867
-38.0,50,3531.999032
-38.0,50,3536.284178
-38.0,50,3540.563962
19.0,50,3544.917334
-38.0,50,3549.322157
26.0,50,3553.656629
11.0,50,3557.989867
16.0,50,3562.228824
-38.0,50,3566.559806
-17.0,50,3570.830819
18.0,50,3575.163242
3.0,50,3579.487792
-15.0,50,3583.898181
-38.0,50,3588.294954
-38.0,50,3592.710975
13.0,50,3597.001079
23.0,50,3597.186781
20.0,50,3597.373192
17.0,50,3597.559832
-38.0,50,3597.742615
19.0,50,3597.9343
17.0,50,3598.127352
17.0,50,3598.31083
16.0,50,3598.487742
21.0,50,3598.685941
20.0,50,3598.863968
-38.0,50,3603.1556
19.0,50,3607.424623
1.0,50,3611.798729
13.0,50,3616.115753
10.0,50,3620.455529
-14.0,50,3624.759287
-38.0,50,3629.056948
25.0,50,3633.334715
24.0,50,3637.750154
22.0,50,3642.146072
-17.0,50,3646.546056
-14.0,50,3650.833714
-4.0,50,3655.079929
15.0,50,3659.378614
-44.0,50,3663.759054
-38.0,50,3668.07163
-38.0,50,3672.463193
-3.0,50,3676.866174
-38.0,50,3681.147275
10.0,50,3685.422657
17.0,50,3685.598026
-38.0,50,3685.783307
11.0,50,3685.966618
15.0,50,3686.142833
16.0,50,3686.328857
19.0,50,3686.510315
6.0,50,3686.718311
-12.0,50,3686.898622
20.0,50,3687.091935
19.0,50,3687.26691
3.0,50,3691.571327
-38.0,50,3695.825145
21.0,50,3700.123209
2.0,50,3704.457206
-38.0,50,3708.823124
-38.0,50,3713.14273
-38.0,50,3717.524967
-38.0,50,3721.916315
2.0,50,3726.321523
-13.0,50,3730.696694
-38.0,50,3735.043569
17.0,50,3739.40267
-38.0,50,3743.77504
8.0,50,3748.140548
-38.0,50,3752.534453
-12.0,50,3756.988242
-38.0,50,3761.448161
-38.0,50,3765.899228
8.0,50,3770.383212
22.0,50,3774.868065
-38.0,50,3775.041328
16.0,50,3775.223572
-38.0,50,3775.414565
2.0,50,3775.59746
18.0,50,3775.783797
20.0,50,3775.971844
-38.0,50,3776.163983
11.0,50,3776.352471
-38.0,50,3776.555683
-14.0,50,3776.736627
14.0,50,3781.174718
-38.0,50,3785.641727
25.0,50,3790.12804
3.0,50,3794.636232
10.0,50,3799.148168
-38.0,50,3803.669367
-38.0,50,3808.16477
17.0,50,3812.6276
12.0,50,3817.070891
-38.0,50,3821.468549
28.0,50,3825.980193
-38.0,50,3830.489468
11.0,50,3834.953115
20.0,50,3839.446856
-14.0,50,3844.036547
16.0,50,3848.564463
8.0,50,3853.101805
-11.0,50,3857.558184
4.0,50,3862.012473
-38.0,50,3866.417228
3.0,50,3866.613791
-17.0,50,3866.785956
15.0,50,3866.96181
-38.0,50,3867.140561
24.0,50,3867.32363
15.0,50,3867.50692
-38.0,50,3867.683549
20.0,50,3867.863375
-8.0,50,3868.049705
-38.0,50,3868.231169
-38.0,50,3872.696426
20.0,50,3877.175568
-38.0,50,3881.563102
7.0,50,3885.976743
-38.0,50,3890.388198
-38.0,50,3894.808571
-38.0,50,3899.253105
-38.0,50,3903.752857
-38.0,50,3908.298932
-16.0,50,3912.872282
-38.0,50,3917.465734
-38.0,50,3921.935667
-38.0,50,3926.356085
6.0,50,3930.854717
26.0,50,3935.399792
-38.0,50,3939.912316
-38.0,50,3944.486787
25.0,50,3949.010269
-38.0,50,3953.540794
-38.0,50,3958.066608
-12.0,50,3958.242647
4.0,50,3958.426961
-38.0,50,3958.609708
-1.0,50,3958.786844
20.0,50,3958.970018
26.0,50,3959.183303
10.0,50,3959.375926
2.0,50,3959.578578
-38.0,50,3959.758764
17.0,50,3959.925937
-13.0,50,3964.499538
8.0,50,3969.022481
-38.0,50,3973.496157
-38.0,50,3978.03963
21.0,50,3982.651909
19.0,50,3987.265621
0.0,50,3991.911845
14.0,50,3996.566773
3.0,50,4001.240513
-8.0,50,4005.894755
12.0,50,4010.488838
-14.0,50,4015.13734
16.0,50,4019.807725
-11.0,50,4024.438237
-38.0,50,4029.080583
3.0,50,4033.639096
-6.0,50,4038.241675
1.0,50,4042.891619
-8.0,50,4047.498018
10.0,50,4052.11844
15.0,50,4052.289984
-38.0,50,4052.456923
20.0,50,4052.628709
16.0,50,4052.807269
19.0,50,4052.983028
-6.0,50,4053.160937
7.0,50,4053.328563
9.0,50,4053.504303
12.0,50,4053.690838
-17.0,50,4053.868163
-38.0,50,4058.521942
21.0,50,4063.050402
-38.0,50,4067.670162
-38.0,50,4072.291631
25.0,50,4076.92668
-38.0,50,4081.490037
-38.0,50,4086.095347
-38.0,50,4090.662235
-38.0,50,4095.32691
-38.0,50,4099.933477
1.0,50,4104.598343
-38.0,50,4109.123611
-38.0,50,4113.712458
-38.0,50,4118.367439
-7.0,50,4122.929664
-38.0,50,4127.483315
-4.0,50,4132.078056
-38.0,50,4136.68696
-38.0,50,4141.287973
11.0,50,4145.800142
-38.0,50,4145.986669
-4.0,50,4146.175371
11.0,50,4146.352063
4.0,50,4146.540871
20.0,50,4146.723197
23.0,50,4146.907453
13.0,50,4147.085484
-38.0,50,4147.2567
19.0,50,4147.448727
7.0,50,4147.636263
19.0,50,4152.195342
-38.0,50,4156.806364
16.0,50,4161.412246
17.0,50,4166.012762
-38.0,50,4170.667766
-38.0,50,4175.609524
17.0,50,4180.729898
-38.0,50,4185.682061
-38.0,50,4190.652394
-38.0,50,4195.754044
-15.0,50,4201.012367
-38.0,50,4206.161937
-38.0,50,4211.268704
-13.0,50,4216.666265
-38.0,50,4222.151618
-10.0,50,4227.137658
12.0,50,4232.005692
17.0,50,4236.898195
-38.0,50,4241.761088
14.0,50,4246.690229
-38.0,50,4246.873857
12.0,50,4247.054069
8.0,50,4247.23281
-10.0,50,4247.414668
18.0,50,4247.615097
-38.0,50,4247.791794
16.0,50,4247.976496
17.0,50,4248.162411
19.0,50,4248.370306
-38.0,50,4248.542892
-7.0,50,4253.309239
12.0,50,4258.114258
0.0,50,4262.958545
21.0,50,4267.752283
6.0,50,4272.552449
-11.0,50,4277.473578
18.0,50,4282.339765
2.0,50,4287.182988
-4.0,50,4292.011256
-38.0,50,4296.733287
-38.0,50,4301.536986
-4.0,50,4306.276102
-3.0,50,4311.028628
-38.0,50,4315.69189
-5.0,50,4320.595559
2.0,50,4325.269468
-15.0,50,4329.941664
-1.0,50,4334.643436
16.0,50,4339.432339
-38.0,50,4344.228892
-38.0,50,4344.405103
18.0,50,4344.582305
18.0,50,4344.781481
17.0,50,4344.964151
-38.0,50,4345.155934
21.0,50,4345.328395
7.0,50,4345.508074
-38.0,50,4345.695617
20.0,50,4345.885193
-38.0,50,4346.063915
6.0,50,4351.001457
-38.0,50,4355.733742
-38.0,50,4360.527769
-16.0,50,4365.332222
5.0,50,4370.101942
18.0,50,4374.884061
17.0,50,4379.751736
16.0,50,4384.579079
-38.0,50,4389.34288
-38.0,50,4394.1323
-12.0,50,4398.885553
16.0,50,4403.67674
23.0,50,4408.52669
0.0,50,4413.267563
-38.0,50,4418.04834
23.0,50,4422.763503
14.0,50,4427.455825
-38.0,50,4432.136875
18.0,50,4437.469169
22.0,50,4442.658156
24.0,50,4442.833314
13.0,50,4443.023661
18.0,50,4443.190568
22.0,50,4443.37517
19.0,50,4443.564936
6.0,50,4443.757154
-6.0,50,4443.951346
21.0,50,4444.149113
19.0,50,4444.361457
-38.0,50,4444.553098
-38.0,50,4449.942028
-17.0,50,4455.416032
-4.0,50,4460.554432
16.0,50,4465.320332
18.0,50,4470.034351
-10.0,50,4475.07316
-38.0,50,4480.080318
-4.0,50,4485.1596
-38.0,50,4490.007162
-38.0,50,4494.78752
-38.0,50,4499.502387
-38.0,50,4504.592496
1.0,50,4509.526829
-38.0,50,4514.525648
-9.0,50,4519.49708
19.0,50,4524.296535
-38.0,50,4529.229525
-38.0,50,4534.16752
14.0,50,4539.426102
23.0,50,4544.601439
1.0,50,4544.790798
4.0,50,4544.986584
-38.0,50,4545.175311
18.0,50,4545.378917
-38.0,50,4545.565116
18.0,50,4545.760789
19.0,50,4545.936845
15.0,50,4546.118266
3.0,50,4546.313589
-16.0,50,4546.496944
-38.0,50,4551.301646
-38.0,50,4556.093891
-13.0,50,4560.839201
-17.0,50,4565.567111
-38.0,50,4570.295921
-2.0,50,4574.995033
15.0,50,4579.809849
-7.0,50,4584.648279
-38.0,50,4589.489401
-38.0,50,4594.422124
12.0,50,4599.596815
-38.0,50,4604.994625
19.0,50,4609.92935
3.0,50,4614.877212
-38.0,50,4619.688537
-12.0,50,4624.518623
-38.0,50,4629.365818
-5.0,50,4634.315211
17.0,50,4639.492261
12.0,50,4644.279088
24.0,50,4644.470065
14.0,50,4644.655049
-8.0,50,4644.842311
24.0,50,4645.022883
7.0,50,4645.191011
-38.0,50,4645.363796
23.0,50,4645.540608
13.0,50,4645.707645
17.0,50,4645.880755
-5.0,50,4646.053315
14.0,50,4651.028642
0.0,50,4656.045176
13.0,50,4661.089903
1.0,50,4665.925894
-38.0,50,4670.741714
18.0,50,4675.561469
0.0,50,4680.397085
21.0,50,4685.237845
-38.0,50,4690.070396
-38.0,50,4694.881638
-7.0,50,4699.788746
9.0,50,4704.740916
-6.0,50,4709.753345
-4.0,50,4714.674079
9.0,50,4719.652689
-38.0,50,4724.585813
-38.0,50,4729.415372
20.0,50,4734.233717
-38.0,50,4739.211721
17.0,50,4744.184307
-38.0,50,4744.375911
24.0,50,4744.543951
-38.0,50,4744.706188
-38.0,50,4744.907332
-38.0,50,4745.10902
21.0,50,4745.293525
24.0,50,4745.481422
-12.0,50,4745.672906
-38.0,50,4745.851402
-38.0,50,4746.029334
21.0,50,4750.92268
-38.0,50,4755.752324
-38.0,50,4760.611687
5.0,50,4765.511332
-17.0,50,4770.389969
-10.0,50,4775.270852
17.0,50,4780.12993
14.0,50,4784.984104
20.0,50,4789.872738
-38.0,50,4794.864479
-38.0,50,4799.799043
-38.0,50,4804.720839
-38.0,50,4809.721192
-38.0,50,4814.818718
-38.0,50,4819.80386
-38.0,50,4824.709229
15.0,50,4829.66568
17.0,50,4834.501887
-38.0,50,4839.380997
21.0,50,4844.290614
-38.0,50,4844.474716
-38.0,50,4844.680751
22.0,50,4844.877682
15.0,50,4845.065813
22.0,50,4845.257986
21.0,50,4845.447683
-38.0,50,4845.626651
16.0,50,4845.810431
8.0,50,4845.99532
18.0,50,4846.177776
-38.0,50,4851.078926
-2.0,50,4856.036412
-38.0,50,4860.916572
-38.0,50,4865.783778
-38.0,50,4870.806769
15.0,50,4875.66396
-38.0,50,4880.556693
13.0,50,4885.502527
18.0,50,4890.444832
-38.0,50,4895.453393
-38.0,50,4900.401977
-38.0,50,4905.349828
2.0,50,4910.457069
-38.0,50,4915.492034
8.0,50,4920.536656
10.0,50,4925.477126
-8.0,50,4930.455963
20.0,50,4935.440504
19.0,50,4940.467667
16.0,50,4945.500079
15.0,50,4945.674847
23.0,50,4945.853507
16.0,50,4946.018738
-10.0,50,4946.193882
4.0,50,4946.3864
20.0,50,4946.565886
-11.0,50,4946.729645
23.0,50,4946.900142
10.0,50,4947.07652
3.0,50,4947.254194
7.0,50,4952.273649
15.0,50,4957.2812
-38.0,50,4962.318946
-38.0,50,4967.373393
20.0,50,4972.425534
17.0,50,4977.6024
0.0,50,4982.712312
-38.0,50,4987.641807
12.0,50,4992.645959
1.0,50,4997.683605
-10.0,50,5002.696614
-2.0,50,5007.652049
-38.0,50,5012.66646
-38.0,50,5017.65963
-38.0,50,5022.578143
-5.0,50,5027.467992
-38.0,50,5032.465982
-8.0,50,5041.737669
13.0,50,5046.815865
-8.0,50,5051.96062
24.0,50,5052.168584
-16.0,50,5052.372291
23.0,50,5052.576284
-16.0,50,5052.775496
-38.0,50,5052.981753
6.0,50,5053.165657
21.0,50,5053.369039
-38.0,50,5053.549401
-38.0,50,5053.750803
-6.0,50,5053.937481
12.0,50,5059.182938
-38.0,50,5064.443687
-16.0,50,5069.875658
16.0,50,5075.184441
-38.0,50,5080.386782
-38.0,50,5085.6285
11.0,50,5091.059127
13.0,50,5096.360037
-38.0,50,5102.06231
-6.0,50,5107.411068
-10.0,50,5112.766973
-10.0,50,5118.35443
25.0,50,5124.348421
-15.0,50,5129.999402
-38.0,50,5137.066689
7.0,50,5142.819012
20.0,50,5148.279737
27.0,50,5153.889699
18.0,50,5159.214107
12.0,50,5164.583119
18.0,50,5164.789751
7.0,50,5164.99701
17.0,50,5165.202079
-38.0,50,5165.421041
-38.0,50,5165.617124
17.0,50,5165.836365
19.0,50,5166.029991
21.0,50,5166.241239
17.0,50,5166.452393
-38.0,50,5166.649042
-38.0,50,5171.963533
23.0,50,5177.338751
-12.0,50,5182.725582
14.0,50,5188.150269
20.0,50,5193.488079
15.0,50,5198.48962
26.0,50,5203.577467
-38.0,50,5208.654968
12.0,50,5213.799822
17.0,50,5218.897803
11.0,50,5224.103253
26.0,50,5229.33552
9.0,50,5234.642063
16.0,50,5239.880746
-38.0,50,5245.125319
26.0,50,5250.501093
-38.0,50,5255.836921
20.0,50,5261.208416
15.0,50,5266.460781
18.0,50,5271.735286
-38.0,50,5271.924426
5.0,50,5272.097537
22.0,50,5272.280242
25.0,50,5272.450075
-38.0,50,5272.642586
18.0,50,5272.8319
-38.0,50,5273.001771
21.0,50,5273.173885
21.0,50,5273.366502
25.0,50,5273.543895
-9.0,50,5278.697983
-11.0,50,5283.814591
-8.0,50,5288.995501
21.0,50,5294.148959
-12.0,50,5299.298063
21.0,50,5304.478148
10.0,50,5309.707838
-38.0,50,5314.857906
16.0,50,5320.01396
9.0,50,5325.233683
-38.0,50,5330.388535
-38.0,50,5335.579164
17.0,50,5340.816696
-8.0,50,5345.988152
-14.0,50,5351.314622
-38.0,50,5356.594244
-2.0,50,5361.722225
-38.0,50,5366.85468
1.0,50,5372.025106
19.0,50,5377.107525
12.0,50,5377.279992
20.0,50,5377.454172
17.0,50,5377.644045
11.0,50,5377.818066
15.0,50,5378.001706
-10.0,50,5378.175059
22.0,50,5378.342826
3.0,50,5378.536211
19.0,50,5378.717154
-38.0,50,5378.883693
19.0,50,5384.003038
18.0,50,5389.137359
-38.0,50,5394.439218
-38.0,50,5399.790247
-38.0,50,5405.095002
-7.0,50,5410.245913
25.0,50,5415.709761
14.0,50,5420.995991
14.0,50,5426.237331
-15.0,50,5431.42627
23.0,50,5436.754989
-14.0,50,5442.00543
21.0,50,5447.256192
22.0,50,5454.269943
-3.0,50,5461.298428
-38.0,50,5466.54546
2.0,50,5471.897126
6.0,50,5477.103247
4.0,50,5482.359102
-8.0,50,5487.591472
9.0,50,5487.770021
12.0,50,5487.954014
15.0,50,5488.13077
14.0,50,5488.301644
21.0,50,5488.486616
17.0,50,5488.66905
-16.0,50,5488.860015
17.0,50,5489.048335
8.0,50,5489.239746
-38.0,50,5489.411153
-9.0,50,5494.755796
12.0,50,5499.959864
6.0,50,5505.546513
-12.0,50,5511.069012
-38.0,50,5517.138092
-38.0,50,5522.804373
-38.0,50,5528.394361
19.0,50,5533.899046
17.0,50,5539.417881
-3.0,50,5544.645795
24.0,50,5550.322102
12.0,50,5555.923949
-38.0,50,5561.750165
-38.0,50,5567.498975
20.0,50,5573.143146
19.0,50,5578.577666
23.0,50,5583.887036
-1.0,50,5589.142535
8.0,50,5594.419589
18.0,50,5599.671054
19.0,50,5599.857218
20.0,50,5600.04311
18.0,50,5600.233021
-38.0,50,5600.409722
-38.0,50,5600.580447
19.0,50,5600.764097
-1.0,50,5600.943559
22.0,50,5601.125004
25.0,50,5601.305643
-38.0,50,5601.477107
-38.0,50,5606.734971
-38.0,50,5612.045663
11.0,50,5617.40355
24.0,50,5622.861061
-7.0,50,5628.246291
23.0,50,5633.506856
-38.0,50,5638.921593
-7.0,50,5644.303737
-38.0,50,5649.832114
20.0,50,5655.288153
-6.0,50,5660.679138
-2.0,50,5666.333843
-38.0,50,5672.057608
-12.0,50,5677.473077
-2.0,50,5683.187977
18.0,50,5688.659894
20.0,50,5694.172203
-38.0,50,5699.762118
-13.0,50,5705.388027
18.0,50,5710.849523
22.0,50,5711.033282
15.0,50,5711.243545
14.0,50,5711.433285
18.0,50,5711.674456
17.0,50,5711.863978
-2.0,50,5712.056787
20.0,50,5712.25073
19.0,50,5712.441367
16.0,50,5712.634671
10.0,50,5712.821347
-9.0,50,5718.210294
8.0,50,5723.965753
-38.0,50,5729.80344
-17.0,50,5735.347217
-10.0,50,5741.355812
18.0,50,5747.177724
20.0,50,5752.962837
-38.0,50,5758.938161
20.0,50,5764.961643
26.0,50,5771.033154
-4.0,50,5777.212283
19.0,50,5782.899109
-16.0,50,5788.779499
6.0,50,5794.664675
-38.0,50,5800.335526
-38.0,50,5806.268102
-11.0,50,5811.978481
19.0,50,5817.610197
-15.0,50,5823.48932
11.0,50,5829.209406
21.0,50,5829.388233
17.0,50,5829.579512
23.0,50,5829.769852
18.0,50,5829.953129
24.0,50,5830.139854
-8.0,50,5830.319828
-7.0,50,5830.48486
18.0,50,5830.663217
10.0,50,5830.864952
-38.0,50,5831.045038
-15.0,50,5836.757683
-38.0,50,5842.354027
-12.0,50,5848.055956
14.0,50,5853.909879
20.0,50,5859.602975
-13.0,50,5865.355245
-38.0,50,5871.183437
12.0,50,5876.865032
-38.0,50,5882.517611
21.0,50,5888.175091
25.0,50,5893.887111
-8.0,50,5899.587754
14.0,50,5905.337503
24.0,50,5911.017473
-38.0,50,5916.521969
16.0,50,5922.257022
-10.0,50,5928.104802
6.0,50,5933.922651
2.0,50,5939.940609
9.0,50,5945.965079
-38.0,50,5946.179193
17.0,50,5946.4133
-38.0,50,5946.609059
18.0,50,5946.80276
1.0,50,5947.038247
8.0,50,5947.213562
-38.0,50,5947.398168
-8.0,50,5947.587738
-6.0,50,5947.840676
16.0,50,5948.018105
22.0,50,5953.722265
-44.0,50,5959.266788
22.0,50,5964.735712
25.0,50,5970.166711
-14.0,50,5975.966808
-15.0,50,5981.642499
-38.0,50,5987.207691
17.0,50,5992.784745
17.0,50,5998.378319
17.0,50,6003.899316
-38.0,50,6009.536832
-38.0,50,6015.547481
-38.0,50,6021.276433
-38.0,50,6026.868749
-16.0,50,6032.500985
-38.0,50,6038.066425
-9.0,50,6043.632708
19.0,50,6049.178661
-4.0,50,6054.760447
-38.0,50,6060.339578
-38.0,50,6060.526311
-13.0,50,6060.726559
20.0,50,6060.908134
23.0,50,6061.109187
26.0,50,6061.312484
15.0,50,6061.490351
21.0,50,6061.688857
-16.0,50,6061.891869
6.0,50,6062.087931
-38.0,50,6062.276737
16.0,50,6067.837937
-1.0,50,6073.408065
27.0,50,6079.050748
-38.0,50,6084.622477
11.0,50,6090.195673
-3.0,50,6095.709929
2.0,50,6101.294153
-38.0,50,6106.867167
17.0,50,6112.419938
-12.0,50,6118.018405
17.0,50,6123.540792
-38.0,50,6129.001446
-38.0,50,6134.581928
27.0,50,6140.213706
-5.0,50,6145.788931
17.0,50,6151.378254
-38.0,50,6157.017854
16.0,50,6162.595273
-7.0,50,6168.207196
-4.0,50,6173.808399
18.0,50,6173.994261
-38.0,50,6174.183246
21.0,50,6174.361062
-2.0,50,6174.570896
-38.0,50,6174.755002
-1.0,50,6174.952045
20.0,50,6175.151341
24.0,50,6175.323443
0.0,50,6175.513968
-7.0,50,6175.695239
21.0,50,6181.304142
-38.0,50,6186.872486
-38.0,50,6192.480829
-38.0,50,6198.089565
22.0,50,6203.764299
25.0,50,6209.404838
-38.0,50,6215.132254
19.0,50,6220.797812
23.0,50,6226.513316
16.0,50,6232.171226
-3.0,50,6237.822967
-38.0,50,6243.46889
-38.0,50,6249.157092
-38.0,50,6254.775012
-6.0,50,6260.451154
-38.0,50,6266.146995
14.0,50,6271.897537
-38.0,50,6277.542177
-38.0,50,6283.221707
22.0,50,6288.809168
6.0,50,6288.991729
17.0,50,6289.1898
12.0,50,6289.371357
19.0,50,6289.55361
11.0,50,6289.751496
6.0,50,6289.947697
-38.0,50,6290.126113
22.0,50,6290.317953
24.0,50,6290.498742
-38.0,50,6290.677119
25.0,50,6296.325655
-38.0,50,6301.947648
17.0,50,6307.60358
24.0,50,6313.264239
-38.0,50,6319.018174
-38.0,50,6324.696681
-38.0,50,6330.383263
-8.0,50,6336.046397
-1.0,50,6341.760965
19.0,50,6347.467492
21.0,50,6353.13661
-38.0,50,6358.758584
-38.0,50,6364.416352
-2.0,50,6370.118117
17.0,50,6375.806266
8.0,50,6381.505273
20.0,50,6387.198162
18.0,50,6392.872141
14.0,50,6398.638769
18.0,50,6404.39529
17.0,50,6404.578336
20.0,50,6404.753104
11.0,50,6404.952391
16.0,50,6405.13895
28.0,50,6405.315768
-13.0,50,6405.526016
18.0,50,6405.715303
21.0,50,6405.895558
19.0,50,6406.074959
-38.0,50,6406.248334
-6.0,50,6411.967774
3.0,50,6417.707746
-38.0,50,6423.439236
-38.0,50,6429.150264
2.0,50,6434.833175
-17.0,50,6440.469383
17.0,50,6446.190004
1.0,50,6451.860363
13.0,50,6457.525895
-3.0,50,6463.205157
6.0,50,6468.859061
7.0,50,6474.495071
19.0,50,6480.188931
-38.0,50,6485.842237
6.0,50,6491.569828
-9.0,50,6497.299181
-38.0,50,6503.035067
18.0,50,6508.777622
21.0,50,6514.478129
-6.0,50,6520.250209
25.0,50,6520.424612
14.0,50,6520.614742
20.0,50,6520.806518
20.0,50,6521.012415
-38.0,50,6521.191193
17.0,50,6521.391628
14.0,50,6521.587655
15.0,50,6521.782065
23.0,50,6521.977163
12.0,50,6522.148478
4.0,50,6527.980948
-38.0,50,6533.739555
-38.0,50,6539.431131
21.0,50,6545.195761
-1.0,50,6550.995691
6.0,50,6556.708022
-38.0,50,6562.551793
-38.0,50,6568.222972
13.0,50,6574.032591
-11.0,50,6580.280885
15.0,50,6586.171882
2.0,50,6592.643975
13.0,50,6599.057156
15.0,50,6605.71249
8.0,50,6612.440341
12.0,50,6619.146614
25.0,50,6625.32
14.0,50,6631.226296
-38.0,50,6637.49641
14.0,50,6644.010293
21.0,50,6644.196518
14.0,50,6644.373425
-11.0,50,6644.551989
-38.0,50,6644.794348
6.0,50,6645.047319
-38.0,50,6645.268219
16.0,50,6645.481803
12.0,50,6645.69453
-5.0,50,6645.883584
-11.0,50,6646.060071
7.0,50,6652.3357
16.0,50,6658.50025
-14.0,50,6664.741403
18.0,50,6671.011323
-14.0,50,6677.176324
23.0,50,6683.155002
18.0,50,6689.135429
3.0,50,6695.210067
2.0,50,6701.23289
15.0,50,6707.665909
-4.0,50,6713.919437
1.0,50,6720.114966
-2.0,50,6725.992053
3.0,50,6732.018208
-6.0,50,6738.132783
-13.0,50,6744.095856
-38.0,50,6750.128723
-38.0,50,6756.375793
9.0,50,6762.476075
28.0,50,6768.583618
-8.0,50,6768.796827
-38.0,50,6769.006048
-38.0,50,6769.186976
23.0,50,6769.407881
25.0,50,6769.610981
-16.0,50,6769.800014
17.0,50,6770.032766
12.0,50,6770.239318
22.0,50,6770.460178
-38.0,50,6770.660143
-11.0,50,6777.228371
-2.0,50,6783.479983
17.0,50,6789.535154
21.0,50,6795.732022
20.0,50,6802.430039
0.0,50,6809.02838
-14.0,50,6815.144758
19.0,50,6821.533873
17.0,50,6827.924728
-13.0,50,6834.454106
-38.0,50,6840.722937
14.0,50,6847.308539
0.0,50,6853.853029
-38.0,50,6860.184828
-38.0,50,6866.63636
3.0,50,6873.113818
6.0,50,6879.223486
-38.0,50,6885.645382
20.0,50,6892.029088
17.0,50,6898.54596
26.0,50,6898.754244
18.0,50,6898.946678
16.0,50,6899.139053
15.0,50,6899.321891
16.0,50,6899.586646
26.0,50,6899.800323
11.0,50,6900.000074
22.0,50,6900.182576
-2.0,50,6900.422369
-38.0,50,6900.620578
-10.0,50,6907.099163
-17.0,50,6913.446011
6.0,50,6919.939716
-16.0,50,6926.178505
14.0,50,6932.47949
25.0,50,6938.643909
15.0,50,6944.604962
2.0,50,6950.430653
-17.0,50,6956.574053
-38.0,50,6962.969569
21.0,50,6969.0714
20.0,50,6975.307722
-38.0,50,6982.197598
-38.0,50,6988.324183
-5.0,50,6994.308057
10.0,50,7000.422294
2.0,50,7006.556263
-38.0,50,7012.702387
-38.0,50,7019.311067
22.0,50,7025.541783
21.0,50,7025.793306
13.0,50,7026.016593
-16.0,50,7026.241637
11.0,50,7026.454702
-8.0,50,7026.687732
19.0,50,7026.914897
18.0,50,7027.146526
8.0,50,7027.362549
18.0,50,7027.579334
13.0,50,7027.784477
-38.0,50,7033.789151
17.0,50,7039.690838
15.0,50,7045.631628
-10.0,50,7051.785765
26.0,50,7058.032442
18.0,50,7064.499475
-38.0,50,7070.652988
-38.0,50,7076.991036
-38.0,50,7083.590601
12.0,50,7089.644074
25.0,50,7095.706563
24.0,50,7102.114907
16.0,50,7108.964392
19.0,50,7115.419907
-38.0,50,7121.473768
13.0,50,7127.34897
16.0,50,7133.608926
17.0,50,7139.947565
18.0,50,7146.185673
-15.0,50,7152.258319
22.0,50,7152.42825
20.0,50,7152.593854
18.0,50,7152.784246
19.0,50,7152.964029
18.0,50,7153.152361
24.0,50,7153.317867
19.0,50,7153.500563
-16.0,50,7153.672762
19.0,50,7153.855078
-38.0,50,7154.02068
18.0,50,7160.064761
8.0,50,7166.390166
14.0,50,7172.643592
-14.0,50,7178.717551
7.0,50,7185.21029
-4.0,50,7191.480958
-6.0,50,7197.904376
9.0,50,7204.18408
15.0,50,7210.291552
4.0,50,7216.848248
14.0,50,7223.511915
21.0,50,7230.054274
10.0,50,7236.537068
11.0,50,7242.936822
15.0,50,7249.307092
22.0,50,7255.715674
22.0,50,7262.014959
-9.0,50,7268.167628
8.0,50,7274.600567
21.0,50,7281.037631
14.0,50,7281.223456
21.0,50,7281.420696
20.0,50,7281.600557
19.0,50,7281.778681
-15.0,50,7281.956063
20.0,50,7282.150082
24.0,50,7282.324841
17.0,50,7282.506255
16.0,50,7282.704442
-7.0,50,7282.885119
-3.0,50,7289.047624
20.0,50,7295.051874
-38.0,50,7301.643781
12.0,50,7307.819883
14.0,50,7314.345532
23.0,50,7320.633239
19.0,50,7327.357096
19.0,50,7333.470053
-38.0,50,7339.924364
-4.0,50,7346.51962
-38.0,50,7352.760702
20.0,50,7359.021461
-38.0,50,7365.342281
16.0,50,7371.515109
16.0,50,7377.768738
11.0,50,7384.01665
-7.0,50,7390.305053
-38.0,50,7396.444864
10.0,50,7402.795912
19.0,50,7409.039149
13.0,50,7409.241912
-38.0,50,7409.431846
17.0,50,7409.604444
21.0,50,7409.790069
4.0,50,7409.998584
-15.0,50,7410.195802
9.0,50,7410.394617
-16.0,50,7410.617269
27.0,50,7410.831273
20.0,50,7411.022445
15.0,50,7417.211433
-8.0,50,7423.482103
16.0,50,7429.635178
-38.0,50,7435.771409
-38.0,50,7442.069422
15.0,50,7448.304351
23.0,50,7454.495484
-14.0,50,7460.573747
20.0,50,7466.640882
-1.0,50,7472.77602
13.0,50,7478.885518
-4.0,50,7485.08629
20.0,50,7491.304053
10.0,50,7497.519749
15.0,50,7503.624865
22.0,50,7509.706325
-38.0,50,7516.038583
-38.0,50,7522.357499
13.0,50,7528.719277
12.0,50,7534.928812
25.0,50,7535.12905
18.0,50,7535.306098
16.0,50,7535.482184
-38.0,50,7535.655124
-38.0,50,7535.83523
22.0,50,7536.022221
27.0,50,7536.21628
17.0,50,7536.39756
27.0,50,7536.586154
