# {"t_start": 1585643246.2123394, "env_id": "FetchPickAndPlace-v1"} 
r,l,t
-50.0,50,3.87419
-50.0,50,4.896173
-48.0,50,5.826483
-48.0,50,6.767271
-46.0,50,7.715394
-48.0,50,8.67444
-48.0,50,9.632943
-46.0,50,10.602401
-46.0,50,11.583095
-46.0,50,12.566609
-46.0,50,13.534782
-46.0,50,14.512724
-48.0,50,15.49321
-46.0,50,16.483076
-23.0,50,17.466154
-46.0,50,18.456736
-46.0,50,19.449758
-48.0,50,20.444111
-46.0,50,21.446486
-46.0,50,22.454845
-46.0,50,23.499744
-46.0,50,23.66505
-48.0,50,23.842042
-46.0,50,24.023782
-46.0,50,24.209638
-46.0,50,24.380751
-46.0,50,24.555836
-46.0,50,24.72969
-46.0,50,24.894579
-40.0,50,25.069837
-46.0,50,25.281235
-46.0,50,26.310195
-46.0,50,27.359012
-46.0,50,28.411242
-46.0,50,29.47366
-46.0,50,30.515331
-50.0,50,31.577418
-46.0,50,32.641401
-46.0,50,33.706006
-46.0,50,34.7845
-46.0,50,35.860297
-48.0,50,36.961299
-46.0,50,38.032562
-46.0,50,39.12453
-46.0,50,40.214216
-46.0,50,41.301142
-46.0,50,42.405062
-48.0,50,43.5014
-38.0,50,44.597524
-46.0,50,45.69153
-46.0,50,46.8171
-23.0,50,46.999034
-46.0,50,47.167999
-46.0,50,47.346108
-46.0,50,47.514549
-46.0,50,47.694292
-46.0,50,47.869496
-46.0,50,48.039682
-46.0,50,48.212601
-46.0,50,48.396497
-46.0,50,48.570924
-46.0,50,49.669653
-46.0,50,50.782656
-46.0,50,51.890263
-46.0,50,53.015418
-46.0,50,54.149325
-46.0,50,55.281697
1.0,50,56.427868
-46.0,50,57.562821
-46.0,50,58.713271
-46.0,50,59.861842
-46.0,50,61.006763
-46.0,50,62.156877
-46.0,50,63.285317
-46.0,50,64.421845
-46.0,50,65.579866
-46.0,50,66.732732
-46.0,50,67.896152
-46.0,50,69.052956
-48.0,50,70.207611
-46.0,50,71.405626
-46.0,50,71.577726
-46.0,50,71.764326
-46.0,50,71.930768
-46.0,50,72.111128
-46.0,50,72.289708
-46.0,50,72.468445
-46.0,50,72.639114
-4.0,50,72.805187
-46.0,50,72.972102
-46.0,50,73.142349
-27.0,50,74.331908
-46.0,50,75.53741
-48.0,50,76.71127
-24.0,50,77.927845
-46.0,50,79.088602
-46.0,50,80.270708
-46.0,50,81.428362
-46.0,50,82.59445
-37.0,50,83.891702
-46.0,50,85.126208
-46.0,50,86.307908
-46.0,50,87.516723
-46.0,50,88.705985
-46.0,50,89.898587
-46.0,50,91.123044
-46.0,50,92.347766
-48.0,50,93.541871
-46.0,50,94.754236
-40.0,50,95.969074
-46.0,50,97.199324
-22.0,50,97.378613
-46.0,50,97.559506
-12.0,50,97.726347
-46.0,50,97.901278
-46.0,50,98.072698
-46.0,50,98.245314
-46.0,50,98.416225
-46.0,50,98.589663
-46.0,50,98.781472
-46.0,50,98.959063
-46.0,50,100.193742
-46.0,50,101.374541
-46.0,50,102.533487
-46.0,50,103.6687
-12.0,50,104.817374
-46.0,50,105.976632
-46.0,50,107.117433
-46.0,50,108.289668
-46.0,50,109.483677
-48.0,50,110.644345
-46.0,50,111.882393
-46.0,50,113.137621
-21.0,50,114.428863
-8.0,50,115.685703
-46.0,50,116.963479
-46.0,50,118.23213
-46.0,50,119.534349
-46.0,50,120.790587
-46.0,50,122.058474
-46.0,50,123.350909
-46.0,50,123.523519
-46.0,50,123.699188
-46.0,50,123.858634
-46.0,50,124.040067
-30.0,50,124.217777
-46.0,50,124.384969
-46.0,50,124.558645
-46.0,50,124.718972
-27.0,50,124.884671
-46.0,50,125.061373
-12.0,50,126.334147
-46.0,50,127.615027
-46.0,50,128.893005
-46.0,50,130.185213
-46.0,50,131.483304
-46.0,50,132.779296
-46.0,50,134.083202
-46.0,50,135.395082
-46.0,50,136.712237
-46.0,50,137.989091
-48.0,50,139.271957
-46.0,50,140.562387
-46.0,50,141.870932
-46.0,50,143.160828
-46.0,50,144.478147
-46.0,50,145.780132
-2.0,50,147.074435
-46.0,50,148.369367
-48.0,50,149.660504
-46.0,50,150.9704
-33.0,50,151.154395
-46.0,50,151.332079
-46.0,50,151.518713
-46.0,50,151.70499
-46.0,50,151.874107
-46.0,50,152.061917
-46.0,50,152.243183
-50.0,50,152.423807
-46.0,50,152.589522
-46.0,50,152.764458
-46.0,50,154.065215
-46.0,50,155.384304
-46.0,50,156.694521
-46.0,50,158.004511
-46.0,50,159.344333
-46.0,50,160.659202
-46.0,50,161.985423
-46.0,50,163.318245
-46.0,50,164.643722
-46.0,50,165.969377
-46.0,50,167.306074
-46.0,50,168.635571
-46.0,50,169.944609
-46.0,50,171.266249
-46.0,50,172.616165
-46.0,50,173.963758
-46.0,50,175.324957
-46.0,50,176.680248
-22.0,50,178.030669
-46.0,50,179.396221
-1.0,50,179.560137
-46.0,50,179.736722
-46.0,50,179.900908
-48.0,50,180.073607
-46.0,50,180.253445
-48.0,50,180.435089
-46.0,50,180.614579
-46.0,50,180.782903
-46.0,50,180.963071
-46.0,50,181.137259
-46.0,50,182.490562
-46.0,50,183.833597
-46.0,50,185.188787
-46.0,50,186.545817
-46.0,50,187.922404
-46.0,50,189.28705
-46.0,50,190.661836
-46.0,50,192.025971
-46.0,50,193.388672
-46.0,50,194.746887
-46.0,50,196.106334
-46.0,50,197.450479
-46.0,50,198.816756
-46.0,50,200.18164
-46.0,50,201.553668
-46.0,50,202.92108
-46.0,50,204.271001
-46.0,50,205.642387
-46.0,50,207.036121
-46.0,50,208.409914
-46.0,50,208.582035
-31.0,50,208.761384
-46.0,50,208.926169
-46.0,50,209.094725
-46.0,50,209.259198
-46.0,50,209.444414
-46.0,50,209.612527
-46.0,50,209.789129
-46.0,50,209.960809
-46.0,50,210.144542
-46.0,50,211.530083
-46.0,50,212.907986
-46.0,50,214.300206
-46.0,50,215.657082
-46.0,50,217.040302
-46.0,50,218.446306
-46.0,50,219.843896
-46.0,50,221.242768
-1.0,50,222.657892
-46.0,50,224.076277
-46.0,50,225.479397
-46.0,50,226.922336
-46.0,50,228.34793
-46.0,50,229.759539
-46.0,50,231.18383
-46.0,50,232.638252
-46.0,50,234.074784
-46.0,50,235.502542
-46.0,50,236.945785
-46.0,50,238.413521
-46.0,50,238.587064
-46.0,50,238.759177
-46.0,50,238.924114
-46.0,50,239.107615
-46.0,50,239.297091
-46.0,50,239.471422
-46.0,50,239.637869
-46.0,50,239.796724
-46.0,50,239.965099
-46.0,50,240.128628
-46.0,50,241.578857
-46.0,50,243.054601
-46.0,50,244.519193
0.0,50,245.987465
-46.0,50,247.457202
-46.0,50,248.944219
-46.0,50,250.421823
-46.0,50,251.910548
-39.0,50,253.397233
-46.0,50,254.894145
-46.0,50,256.378406
-46.0,50,257.875606
-46.0,50,259.369962
-46.0,50,260.867445
-46.0,50,262.37899
-46.0,50,263.916974
-48.0,50,265.444188
-46.0,50,266.97629
-46.0,50,268.514918
-46.0,50,270.033561
-46.0,50,270.202018
-46.0,50,270.38125
-46.0,50,270.550266
-46.0,50,270.721766
-46.0,50,270.890055
-46.0,50,271.08351
-46.0,50,271.255173
-46.0,50,271.425357
-46.0,50,271.591188
-46.0,50,271.757119
-46.0,50,273.293567
-46.0,50,274.824357
-46.0,50,276.372965
-46.0,50,277.891266
-46.0,50,279.413118
-46.0,50,280.940356
-46.0,50,282.46742
-46.0,50,284.000017
-46.0,50,285.535027
-46.0,50,287.067299
-46.0,50,288.593809
-46.0,50,290.136745
-46.0,50,291.666076
-46.0,50,293.206372
-46.0,50,294.743127
-46.0,50,296.283718
-46.0,50,297.819132
-46.0,50,299.357255
-46.0,50,300.88758
4.0,50,302.472616
-46.0,50,302.645138
-46.0,50,302.81559
-46.0,50,302.978424
-46.0,50,303.152972
-46.0,50,303.315179
-46.0,50,303.483936
-46.0,50,303.65398
3.0,50,303.833411
-46.0,50,303.996548
-46.0,50,304.164581
-46.0,50,305.70715
-46.0,50,307.266621
-46.0,50,308.812239
-46.0,50,310.37254
-46.0,50,311.955138
-46.0,50,313.518507
-46.0,50,315.089001
-46.0,50,316.669653
-46.0,50,318.257467
-46.0,50,319.840207
-46.0,50,321.42931
-46.0,50,323.043528
-46.0,50,324.653442
-46.0,50,326.251915
-46.0,50,327.862731
-46.0,50,329.464728
1.0,50,331.083044
-46.0,50,332.688836
-46.0,50,334.304717
-46.0,50,335.926937
-46.0,50,336.089077
-46.0,50,336.253556
-46.0,50,336.426107
-46.0,50,336.591068
-46.0,50,336.756536
-46.0,50,336.928678
-46.0,50,337.099697
-46.0,50,337.276768
-46.0,50,337.448574
-48.0,50,337.620664
-46.0,50,339.253386
-46.0,50,340.866377
-46.0,50,342.496625
-46.0,50,344.121509
-46.0,50,345.747821
-46.0,50,347.387665
-46.0,50,349.018978
-46.0,50,350.650579
-46.0,50,352.286511
-46.0,50,353.932933
-46.0,50,355.579294
-46.0,50,357.235773
-46.0,50,358.917661
-46.0,50,360.560867
-46.0,50,362.253491
-46.0,50,363.898511
-46.0,50,365.550089
-46.0,50,367.204431
-48.0,50,368.867285
-46.0,50,370.532156
-46.0,50,370.702569
-46.0,50,370.867913
-46.0,50,371.034215
-46.0,50,371.202136
-46.0,50,371.366078
-46.0,50,371.541067
-46.0,50,371.709721
-46.0,50,371.866106
3.0,50,372.046523
-46.0,50,372.22099
-46.0,50,373.892764
-46.0,50,375.536492
-46.0,50,377.190595
-46.0,50,378.865426
-46.0,50,380.532771
-46.0,50,382.199245
-46.0,50,383.93167
-46.0,50,385.617203
-46.0,50,387.320141
-46.0,50,389.024255
-46.0,50,390.730196
-46.0,50,392.451707
-46.0,50,394.181139
-46.0,50,395.897695
-46.0,50,397.609247
-46.0,50,399.348212
-46.0,50,401.059133
-3.0,50,402.770766
-46.0,50,404.49169
-46.0,50,406.234529
-46.0,50,406.398329
-46.0,50,406.565172
-46.0,50,406.733855
-46.0,50,406.903474
-46.0,50,407.082036
-46.0,50,407.245462
-46.0,50,407.412262
-46.0,50,407.573735
-46.0,50,407.737309
-46.0,50,407.901751
-39.0,50,409.6192
-46.0,50,411.315825
-46.0,50,413.030322
-46.0,50,414.73418
-46.0,50,416.458513
-46.0,50,418.186205
-46.0,50,419.902927
-46.0,50,421.614856
-46.0,50,423.33158
-24.0,50,425.088603
-46.0,50,426.880215
-46.0,50,428.618771
-46.0,50,430.378188
-46.0,50,432.137335
-46.0,50,433.901035
-46.0,50,435.651818
-46.0,50,437.370568
-46.0,50,439.093525
-46.0,50,440.82125
-46.0,50,442.568785
-46.0,50,442.729976
-46.0,50,442.898221
-46.0,50,443.051315
-46.0,50,443.221391
-46.0,50,443.384462
-46.0,50,443.545642
-46.0,50,443.71529
-46.0,50,443.872996
-46.0,50,444.033783
2.0,50,444.204727
-46.0,50,445.953053
-46.0,50,447.706736
-46.0,50,449.461337
-46.0,50,451.218031
-46.0,50,452.97189
-48.0,50,454.724247
-46.0,50,456.463462
-48.0,50,458.244137
-46.0,50,460.028763
-46.0,50,461.790002
-46.0,50,463.587009
-46.0,50,465.368798
-46.0,50,467.156394
-46.0,50,468.904635
-46.0,50,470.680522
-48.0,50,472.467395
-48.0,50,474.268208
-46.0,50,476.049286
-46.0,50,477.833765
-46.0,50,479.642977
-34.0,50,479.818381
-46.0,50,479.983652
-46.0,50,480.146168
-46.0,50,480.310758
-46.0,50,480.480963
-48.0,50,480.657799
-46.0,50,480.81892
-4.0,50,480.991484
-46.0,50,481.153056
-46.0,50,481.327937
-46.0,50,483.11341
-46.0,50,484.906985
-46.0,50,486.705936
-46.0,50,488.514137
-46.0,50,490.342514
-46.0,50,492.172719
-46.0,50,493.981868
-46.0,50,495.803008
-46.0,50,497.622723
-46.0,50,499.446075
-46.0,50,501.29941
-46.0,50,503.151532
-46.0,50,504.962483
-46.0,50,506.80486
-46.0,50,508.627793
-46.0,50,510.476647
-46.0,50,512.321003
-46.0,50,514.17819
-46.0,50,516.016721
-46.0,50,517.847682
-46.0,50,518.019045
-46.0,50,518.184115
-46.0,50,518.342874
-46.0,50,518.507706
-46.0,50,518.677823
-46.0,50,518.835083
-46.0,50,518.998301
-46.0,50,519.155987
-46.0,50,519.32244
-46.0,50,519.489775
-46.0,50,521.349935
-46.0,50,523.224184
-46.0,50,525.119648
-46.0,50,527.016829
-46.0,50,528.908648
-46.0,50,530.80307
-46.0,50,532.697984
-46.0,50,534.594715
-46.0,50,536.467963
-46.0,50,538.367363
-46.0,50,540.269455
-46.0,50,542.171774
-46.0,50,544.060579
-46.0,50,545.98269
-46.0,50,547.880857
-46.0,50,549.817054
0.0,50,551.711252
-46.0,50,553.612384
-1.0,50,555.521405
-46.0,50,557.450855
-46.0,50,557.63956
-46.0,50,557.826712
-46.0,50,557.99894
-46.0,50,558.157485
-46.0,50,558.32318
-46.0,50,558.497829
-46.0,50,558.676356
-46.0,50,558.852155
-46.0,50,559.032139
-46.0,50,559.19583
-46.0,50,561.111977
-46.0,50,563.02842
-46.0,50,564.945707
-46.0,50,566.881254
-46.0,50,568.807923
-46.0,50,570.747562
-46.0,50,572.686802
-46.0,50,574.619934
-46.0,50,576.574599
-46.0,50,578.544385
-46.0,50,580.507668
-5.0,50,582.467028
-46.0,50,584.422291
-46.0,50,586.370014
-46.0,50,588.330746
-46.0,50,590.295431
-46.0,50,592.263192
-46.0,50,594.224977
-46.0,50,596.182872
-46.0,50,598.154172
-46.0,50,598.33375
-46.0,50,598.502715
-46.0,50,598.685834
-46.0,50,598.865819
-38.0,50,599.027552
-46.0,50,599.194704
-46.0,50,599.360616
-46.0,50,599.535588
-46.0,50,599.712477
-46.0,50,599.881658
-46.0,50,601.87593
-46.0,50,603.846709
-46.0,50,605.835073
-46.0,50,607.842198
-46.0,50,609.851896
-40.0,50,611.823247
-46.0,50,613.801614
-46.0,50,615.801808
-46.0,50,617.783073
-46.0,50,619.773181
-46.0,50,621.757926
-46.0,50,623.781583
-46.0,50,625.777131
-46.0,50,627.76841
-46.0,50,629.805988
-46.0,50,631.812508
-46.0,50,633.822089
-46.0,50,635.859388
-46.0,50,637.9451
-38.0,50,639.953198
-46.0,50,640.116526
-46.0,50,640.277687
-46.0,50,640.434786
-46.0,50,640.6018
-46.0,50,640.761397
-46.0,50,640.93355
-46.0,50,641.090197
-46.0,50,641.254503
-46.0,50,641.40889
-46.0,50,641.571444
-46.0,50,643.556221
-46.0,50,645.558252
-23.0,50,647.570676
-46.0,50,649.555246
-46.0,50,651.56643
-46.0,50,653.58083
-46.0,50,655.62313
-46.0,50,657.679774
-46.0,50,659.714705
-46.0,50,661.727226
-46.0,50,663.780669
-46.0,50,665.844617
-46.0,50,667.912741
-46.0,50,669.980231
-46.0,50,672.049584
-46.0,50,674.123467
-46.0,50,676.200254
-46.0,50,678.280127
-46.0,50,680.361554
-46.0,50,682.464398
-46.0,50,682.639428
-46.0,50,682.820059
-46.0,50,683.037229
-46.0,50,683.262528
-46.0,50,683.484574
-46.0,50,683.692779
-46.0,50,683.923513
-46.0,50,684.119099
-46.0,50,684.326463
-46.0,50,684.528514
-46.0,50,686.758146
-46.0,50,689.013691
-46.0,50,691.143701
-46.0,50,693.23098
-46.0,50,695.337274
-46.0,50,697.412099
-46.0,50,699.49263
-46.0,50,701.555288
-46.0,50,703.652954
-46.0,50,705.731521
-46.0,50,707.806766
2.0,50,709.890258
-46.0,50,711.962268
-46.0,50,714.067911
-46.0,50,716.137419
-46.0,50,718.195742
-46.0,50,720.262364
-46.0,50,722.347497
-46.0,50,724.469978
-46.0,50,726.590427
-46.0,50,726.768456
-46.0,50,726.966027
-46.0,50,727.155752
-46.0,50,727.328854
-46.0,50,727.508351
-46.0,50,727.675851
-46.0,50,727.864505
-46.0,50,728.044038
-46.0,50,728.230461
-46.0,50,728.389428
-46.0,50,730.489744
-46.0,50,732.618149
-46.0,50,734.729838
-46.0,50,736.864865
-46.0,50,739.003296
-30.0,50,741.130341
-46.0,50,743.284376
-46.0,50,745.444775
-46.0,50,747.625582
-46.0,50,749.78288
-46.0,50,751.917335
-46.0,50,754.07669
-46.0,50,756.210747
-46.0,50,758.38397
-46.0,50,760.528965
-46.0,50,762.687294
-46.0,50,764.838616
-46.0,50,766.980965
-46.0,50,769.147265
5.0,50,771.295099
-46.0,50,771.471503
-46.0,50,771.63712
-46.0,50,771.823483
-46.0,50,772.008284
-46.0,50,772.172766
-46.0,50,772.35678
-46.0,50,772.543298
-46.0,50,772.730518
-46.0,50,772.905834
-46.0,50,773.088837
-46.0,50,775.256778
-46.0,50,777.415999
-46.0,50,779.605929
-46.0,50,781.778627
-46.0,50,783.946352
-46.0,50,786.162077
-46.0,50,788.333565
-5.0,50,790.538924
-46.0,50,792.756817
-46.0,50,794.933227
-46.0,50,797.138546
-46.0,50,799.324451
-46.0,50,801.534294
-46.0,50,803.741912
-46.0,50,805.980297
-46.0,50,808.197265
-46.0,50,810.416915
-46.0,50,812.643038
-46.0,50,814.885588
-46.0,50,817.100887
-46.0,50,817.269712
-46.0,50,817.440474
-46.0,50,817.617866
-46.0,50,817.798483
-46.0,50,817.976213
-46.0,50,818.144788
-46.0,50,818.324003
-46.0,50,818.490473
-27.0,50,818.660665
-46.0,50,818.828772
1.0,50,821.03955
-46.0,50,823.228623
-18.0,50,825.444264
-46.0,50,827.688192
-46.0,50,829.930081
-46.0,50,832.155838
-46.0,50,834.410231
-46.0,50,836.635308
-46.0,50,838.889668
-46.0,50,841.116504
-46.0,50,843.34167
-46.0,50,845.586185
-46.0,50,847.858576
-46.0,50,850.102913
-46.0,50,852.342919
-46.0,50,854.582473
-46.0,50,856.834718
-46.0,50,859.11129
-46.0,50,861.392763
-46.0,50,863.711083
-46.0,50,863.885899
-46.0,50,864.060531
-46.0,50,864.222506
-46.0,50,864.400528
-46.0,50,864.573081
-46.0,50,864.756512
-46.0,50,864.927382
-46.0,50,865.093379
-46.0,50,865.272519
-46.0,50,865.437933
-46.0,50,867.701557
-46.0,50,869.985926
-46.0,50,872.272706
-46.0,50,874.572719
-46.0,50,876.861078
-46.0,50,879.18018
-46.0,50,881.485547
-46.0,50,883.767202
-46.0,50,886.027411
-46.0,50,888.316301
-46.0,50,890.615798
-46.0,50,892.894488
-46.0,50,895.181893
-46.0,50,897.504053
-46.0,50,899.813723
-46.0,50,902.145639
-46.0,50,904.448823
-27.0,50,906.758722
-46.0,50,909.06953
-46.0,50,911.387945
-46.0,50,911.561867
-46.0,50,911.739656
-46.0,50,911.919348
-46.0,50,912.10524
-46.0,50,912.288831
-46.0,50,912.470624
-46.0,50,912.643158
-46.0,50,912.82704
-46.0,50,913.015227
-46.0,50,913.191003
-46.0,50,915.521247
-46.0,50,917.846603
-46.0,50,920.183667
-46.0,50,922.484051
-46.0,50,924.79839
-46.0,50,927.134672
-46.0,50,929.470208
-46.0,50,931.798754
-46.0,50,934.130744
-46.0,50,936.468033
-46.0,50,938.805556
-46.0,50,941.135771
-46.0,50,943.480015
-46.0,50,945.833912
-46.0,50,948.163121
-46.0,50,950.5183
-46.0,50,952.896013
-46.0,50,955.229928
-46.0,50,957.577454
-46.0,50,959.925352
-46.0,50,960.087212
-46.0,50,960.255039
-46.0,50,960.426726
-46.0,50,960.603007
-46.0,50,960.77655
-46.0,50,960.951262
-46.0,50,961.118723
-46.0,50,961.301883
-46.0,50,961.473265
-46.0,50,961.655825
-46.0,50,964.021636
-46.0,50,966.394883
-46.0,50,968.769241
-46.0,50,971.123368
-46.0,50,973.468099
-46.0,50,975.84218
-46.0,50,978.216588
-38.0,50,980.531495
-46.0,50,982.84708
-46.0,50,985.294137
-46.0,50,987.675904
-46.0,50,990.047997
-46.0,50,992.450136
-46.0,50,994.867661
-46.0,50,997.291935
-46.0,50,999.675762
-46.0,50,1002.102608
-46.0,50,1004.522815
-46.0,50,1006.955371
-46.0,50,1009.428629
-46.0,50,1009.607007
-46.0,50,1009.779717
-46.0,50,1009.946363
-46.0,50,1010.125822
-46.0,50,1010.288977
-46.0,50,1010.482542
-46.0,50,1010.666937
-46.0,50,1010.831733
-46.0,50,1011.011346
-46.0,50,1011.183852
-46.0,50,1013.629328
-46.0,50,1016.070084
-46.0,50,1018.499252
-46.0,50,1020.91896
-46.0,50,1023.327782
-46.0,50,1025.800101
-46.0,50,1028.296298
-46.0,50,1030.766088
-46.0,50,1033.220087
-46.0,50,1035.708616
-46.0,50,1038.190414
-46.0,50,1040.681164
-46.0,50,1043.177405
-46.0,50,1045.600048
-46.0,50,1048.079465
-46.0,50,1050.574005
-46.0,50,1053.042708
-46.0,50,1055.47084
-46.0,50,1057.920794
-46.0,50,1060.367643
-46.0,50,1060.539427
-46.0,50,1060.715662
-46.0,50,1060.891317
-46.0,50,1061.080024
-46.0,50,1061.257057
4.0,50,1061.428709
-46.0,50,1061.609602
-46.0,50,1061.790353
-46.0,50,1061.962844
-46.0,50,1062.130929
-46.0,50,1064.63905
-46.0,50,1067.108487
-46.0,50,1069.590044
-46.0,50,1072.070417
-46.0,50,1074.602252
-46.0,50,1077.116179
-46.0,50,1079.67308
-46.0,50,1082.219556
-46.0,50,1084.796617
-46.0,50,1087.302908
-46.0,50,1089.833371
-46.0,50,1092.373077
-46.0,50,1094.891242
-46.0,50,1097.423859
-46.0,50,1099.998249
-46.0,50,1102.510857
-46.0,50,1105.059217
-46.0,50,1107.580705
-46.0,50,1110.118578
-46.0,50,1112.686604
-46.0,50,1112.867097
-46.0,50,1113.048918
-46.0,50,1113.257672
-46.0,50,1113.450593
-46.0,50,1113.630299
-46.0,50,1113.833302
-46.0,50,1114.016109
-46.0,50,1114.183356
-46.0,50,1114.380054
-46.0,50,1114.558139
-46.0,50,1117.088046
-46.0,50,1119.625458
-46.0,50,1122.165609
-46.0,50,1124.728837
-46.0,50,1127.296355
-46.0,50,1129.854935
-46.0,50,1132.382339
-46.0,50,1134.936267
-46.0,50,1137.525151
-46.0,50,1140.079849
-46.0,50,1142.641628
-46.0,50,1145.239542
-46.0,50,1147.889513
-46.0,50,1150.521379
-46.0,50,1153.136227
-46.0,50,1155.77371
-46.0,50,1158.342436
-46.0,50,1160.97235
-46.0,50,1163.644901
-46.0,50,1166.286946
-46.0,50,1166.46825
-46.0,50,1166.657572
-46.0,50,1166.843588
-46.0,50,1167.04144
-46.0,50,1167.222842
-46.0,50,1167.405243
-46.0,50,1167.573255
-46.0,50,1167.765787
-46.0,50,1167.954143
5.0,50,1168.124236
-46.0,50,1170.662062
-46.0,50,1173.226146
-46.0,50,1175.801618
-46.0,50,1178.360038
-46.0,50,1180.92324
-46.0,50,1183.533715
-48.0,50,1186.086514
-40.0,50,1188.652507
-46.0,50,1191.245618
-46.0,50,1193.80607
-46.0,50,1196.393443
-46.0,50,1198.970329
-46.0,50,1201.586918
-46.0,50,1204.16386
-46.0,50,1206.704402
-46.0,50,1209.27097
-46.0,50,1211.862186
-46.0,50,1214.43705
-39.0,50,1217.035924
-39.0,50,1219.64395
-46.0,50,1219.822977
-24.0,50,1220.00811
-46.0,50,1220.186167
-2.0,50,1220.376376
-46.0,50,1220.565503
-46.0,50,1220.744648
-46.0,50,1220.91972
-46.0,50,1221.09914
-46.0,50,1221.284419
-46.0,50,1221.452481
-46.0,50,1224.082618
-46.0,50,1226.692416
-46.0,50,1229.306453
-46.0,50,1231.924394
-46.0,50,1234.574927
-46.0,50,1237.199775
-46.0,50,1239.899822
-46.0,50,1242.513482
-50.0,50,1245.219238
-46.0,50,1247.949887
-46.0,50,1250.627824
-46.0,50,1253.261753
-25.0,50,1256.015014
-46.0,50,1258.651884
-46.0,50,1261.290646
-46.0,50,1263.931508
-46.0,50,1266.581028
-46.0,50,1269.243458
-46.0,50,1271.905164
-46.0,50,1274.57446
-46.0,50,1274.755937
-46.0,50,1274.937568
-40.0,50,1275.116889
-46.0,50,1275.300418
-46.0,50,1275.488645
-46.0,50,1275.677636
-15.0,50,1275.875655
-46.0,50,1276.047237
-46.0,50,1276.234481
-46.0,50,1276.420556
-46.0,50,1279.062511
-46.0,50,1281.707399
-46.0,50,1284.511874
-46.0,50,1287.175817
-46.0,50,1290.018113
-46.0,50,1293.008125
-46.0,50,1295.683576
-46.0,50,1298.397034
-46.0,50,1301.127917
-46.0,50,1303.828162
-46.0,50,1306.515404
-46.0,50,1309.18615
-46.0,50,1311.91361
-46.0,50,1314.614038
-46.0,50,1317.331129
-46.0,50,1320.079
-46.0,50,1322.806572
-46.0,50,1325.571288
-46.0,50,1328.317836
-46.0,50,1331.09017
-46.0,50,1331.278541
-46.0,50,1331.460945
-46.0,50,1331.633591
-46.0,50,1331.826648
3.0,50,1332.005476
-46.0,50,1332.185701
-46.0,50,1332.373726
-46.0,50,1332.552922
-46.0,50,1332.754982
-46.0,50,1332.929092
-46.0,50,1335.641569
-46.0,50,1338.340252
-46.0,50,1341.073457
-46.0,50,1343.810081
-46.0,50,1346.505742
-46.0,50,1349.195893
-46.0,50,1351.903459
-46.0,50,1354.629874
-46.0,50,1357.379431
-30.0,50,1360.138756
-46.0,50,1362.960916
1.0,50,1365.729267
-46.0,50,1368.440779
-46.0,50,1371.181236
-46.0,50,1373.920317
-46.0,50,1376.667014
-46.0,50,1379.422657
-46.0,50,1382.207684
-46.0,50,1384.946523
-46.0,50,1387.731799
-46.0,50,1387.906407
-46.0,50,1388.097531
-46.0,50,1388.299316
-46.0,50,1388.488613
-46.0,50,1388.679811
-46.0,50,1388.871759
-46.0,50,1389.058842
-46.0,50,1389.264752
-46.0,50,1389.439669
-46.0,50,1389.637966
-46.0,50,1392.36951
-46.0,50,1395.125486
-46.0,50,1397.891499
-46.0,50,1400.65422
-46.0,50,1403.38041
-46.0,50,1406.137655
-46.0,50,1408.89752
-46.0,50,1411.657485
-46.0,50,1414.413214
-46.0,50,1417.178624
-46.0,50,1419.947267
-46.0,50,1422.717056
-46.0,50,1425.493243
-46.0,50,1428.274935
-46.0,50,1431.049587
-46.0,50,1433.803357
-46.0,50,1436.57375
-46.0,50,1439.339108
-46.0,50,1442.126244
-46.0,50,1444.973202
-46.0,50,1445.164675
-46.0,50,1445.348062
-46.0,50,1445.554685
-46.0,50,1445.73972
-46.0,50,1445.914766
-46.0,50,1446.096153
-46.0,50,1446.283729
-46.0,50,1446.472195
-46.0,50,1446.650417
-46.0,50,1446.831348
-46.0,50,1449.648989
-37.0,50,1452.477175
-46.0,50,1455.298598
-46.0,50,1458.119733
-46.0,50,1460.927904
-46.0,50,1463.747409
-46.0,50,1466.58161
-46.0,50,1469.412155
-46.0,50,1472.241274
-48.0,50,1475.119588
-46.0,50,1477.991734
-46.0,50,1480.808613
-46.0,50,1483.689626
-46.0,50,1486.534441
-46.0,50,1489.351865
-46.0,50,1492.185412
-46.0,50,1495.009729
-46.0,50,1497.874336
-46.0,50,1500.691898
-46.0,50,1503.522743
-46.0,50,1503.72294
-46.0,50,1503.925928
-46.0,50,1504.10797
-46.0,50,1504.300481
-46.0,50,1504.489266
-46.0,50,1504.675057
-46.0,50,1504.854468
-46.0,50,1505.031164
-46.0,50,1505.223063
-46.0,50,1505.416301
-46.0,50,1508.293231
-46.0,50,1511.145712
-46.0,50,1513.978824
-46.0,50,1516.798353
-46.0,50,1519.620215
-46.0,50,1522.460276
-46.0,50,1525.350314
-46.0,50,1528.227557
-46.0,50,1531.1272
-46.0,50,1534.008518
-46.0,50,1536.936027
-46.0,50,1539.796271
-46.0,50,1542.68159
-46.0,50,1545.571485
-46.0,50,1548.453313
-46.0,50,1551.371254
-46.0,50,1554.299814
1.0,50,1557.253231
-46.0,50,1560.174217
-46.0,50,1563.11788
-46.0,50,1563.315696
-46.0,50,1563.515809
-46.0,50,1563.711738
-46.0,50,1563.903537
-46.0,50,1564.079248
-46.0,50,1564.27793
-46.0,50,1564.459707
3.0,50,1564.651514
-46.0,50,1564.838421
-46.0,50,1565.018562
-46.0,50,1567.947864
-46.0,50,1570.855123
-46.0,50,1573.772024
-46.0,50,1576.688076
-46.0,50,1579.605504
-46.0,50,1582.528984
-46.0,50,1585.562983
0.0,50,1588.490872
-46.0,50,1591.390186
-46.0,50,1594.305588
-46.0,50,1597.224126
-46.0,50,1600.157086
-46.0,50,1603.079047
-46.0,50,1606.003838
-46.0,50,1608.959874
-46.0,50,1611.879598
-35.0,50,1614.788597
-46.0,50,1617.695951
-46.0,50,1620.616609
-46.0,50,1623.566318
-46.0,50,1623.753808
-46.0,50,1623.956409
-46.0,50,1624.158946
-46.0,50,1624.350661
-46.0,50,1624.53642
-46.0,50,1624.725512
-46.0,50,1624.912623
-46.0,50,1625.099281
-46.0,50,1625.276469
-46.0,50,1625.467396
-46.0,50,1628.439223
-46.0,50,1631.395338
-46.0,50,1634.39178
-46.0,50,1637.358872
-46.0,50,1640.37629
-46.0,50,1643.353873
-46.0,50,1646.356153
-39.0,50,1649.403177
-46.0,50,1652.404039
-46.0,50,1655.3463
-46.0,50,1658.302721
-46.0,50,1661.272927
-46.0,50,1664.238564
3.0,50,1667.203737
-46.0,50,1670.174198
-46.0,50,1673.147566
-46.0,50,1676.134697
-46.0,50,1679.156502
-46.0,50,1682.136787
-46.0,50,1685.242514
-46.0,50,1685.435738
-46.0,50,1685.625418
-37.0,50,1685.802312
-46.0,50,1685.988009
-46.0,50,1686.182492
-46.0,50,1686.366921
-46.0,50,1686.573276
-46.0,50,1686.762702
-40.0,50,1686.952481
-46.0,50,1687.159896
-46.0,50,1690.192032
-46.0,50,1693.219656
-46.0,50,1696.211794
-46.0,50,1699.245182
-46.0,50,1702.242921
-46.0,50,1705.230909
-46.0,50,1708.222166
-46.0,50,1711.272309
-46.0,50,1714.344762
-46.0,50,1717.441487
-46.0,50,1720.57904
-46.0,50,1723.642064
-46.0,50,1726.691197
-46.0,50,1729.846053
-46.0,50,1732.90859
-46.0,50,1736.03601
-46.0,50,1739.112853
-46.0,50,1742.268143
-46.0,50,1745.358998
-46.0,50,1748.465792
-46.0,50,1748.664002
-46.0,50,1748.83887
-46.0,50,1749.020653
-46.0,50,1749.208168
-46.0,50,1749.403914
-46.0,50,1749.588191
-46.0,50,1749.783443
-46.0,50,1749.967771
-46.0,50,1750.162662
-46.0,50,1750.339662
-46.0,50,1753.355132
-46.0,50,1756.432078
-46.0,50,1759.463325
-46.0,50,1762.503973
-46.0,50,1765.573745
-46.0,50,1768.646169
-46.0,50,1771.713853
-46.0,50,1774.762721
-46.0,50,1777.855801
1.0,50,1780.908535
-46.0,50,1783.950656
-46.0,50,1787.016152
-46.0,50,1790.067157
-46.0,50,1793.199606
-46.0,50,1796.318295
-46.0,50,1799.45413
-46.0,50,1802.611814
-46.0,50,1805.751692
-46.0,50,1808.905923
-46.0,50,1812.009105
-46.0,50,1812.180515
-46.0,50,1812.35006
-46.0,50,1812.508633
-46.0,50,1812.67469
-46.0,50,1812.836075
-46.0,50,1813.007884
-46.0,50,1813.165317
-48.0,50,1813.338287
-46.0,50,1813.529782
-48.0,50,1813.698165
-46.0,50,1816.761838
-46.0,50,1819.8335
-46.0,50,1822.924507
-46.0,50,1826.089328
-46.0,50,1829.220099
-46.0,50,1832.3453
4.0,50,1835.427857
-46.0,50,1838.571348
-46.0,50,1841.673745
-46.0,50,1844.820181
-46.0,50,1847.961185
-46.0,50,1851.109229
-46.0,50,1854.257211
-46.0,50,1857.425198
-46.0,50,1860.6216
-46.0,50,1863.85778
-46.0,50,1867.03199
-46.0,50,1870.160675
-46.0,50,1873.30672
-46.0,50,1876.430088
-46.0,50,1876.612909
-46.0,50,1876.798592
-46.0,50,1876.987273
-46.0,50,1877.189258
-46.0,50,1877.391512
-46.0,50,1877.589098
-46.0,50,1877.791593
-46.0,50,1877.961542
-46.0,50,1878.181387
-46.0,50,1878.360715
-46.0,50,1881.506986
-46.0,50,1884.703485
-46.0,50,1887.872254
-46.0,50,1891.027271
-46.0,50,1894.219383
-46.0,50,1897.461056
-46.0,50,1900.660426
-46.0,50,1903.838986
-46.0,50,1906.977175
-46.0,50,1910.189373
-46.0,50,1913.434057
-46.0,50,1916.639089
-46.0,50,1919.823275
-46.0,50,1922.986559
-46.0,50,1926.134696
-46.0,50,1929.301856
-46.0,50,1932.462544
-35.0,50,1935.624889
-46.0,50,1938.795756
-46.0,50,1941.988528
-46.0,50,1942.181799
-46.0,50,1942.365438
-46.0,50,1942.546074
-46.0,50,1942.74653
-46.0,50,1942.949155
-46.0,50,1943.130658
-46.0,50,1943.320994
-46.0,50,1943.504489
-46.0,50,1943.690205
-46.0,50,1943.880575
-46.0,50,1947.10434
-46.0,50,1950.31803
-3.0,50,1953.512246
-46.0,50,1956.738314
-46.0,50,1959.979949
-46.0,50,1963.158039
-46.0,50,1966.328871
-46.0,50,1969.514504
4.0,50,1972.730563
-46.0,50,1975.950369
-46.0,50,1979.141857
-46.0,50,1982.331811
-46.0,50,1985.544594
-46.0,50,1988.743937
-46.0,50,1991.947462
-46.0,50,1995.167155
-46.0,50,1998.395581
-46.0,50,2001.612802
-46.0,50,2004.834267
-46.0,50,2008.066764
-46.0,50,2008.246385
-46.0,50,2008.428619
-46.0,50,2008.598725
-46.0,50,2008.806553
-46.0,50,2008.974281
-46.0,50,2009.160844
-46.0,50,2009.341494
-46.0,50,2009.505874
-46.0,50,2009.682544
-46.0,50,2009.871093
-46.0,50,2013.097876
-46.0,50,2016.361593
-46.0,50,2019.567114
-46.0,50,2022.799
-46.0,50,2026.051303
-46.0,50,2029.252583
-46.0,50,2032.520284
-46.0,50,2035.772174
-46.0,50,2039.056468
-46.0,50,2042.420322
-46.0,50,2045.732492
-46.0,50,2048.967626
2.0,50,2052.234586
-46.0,50,2055.506714
-46.0,50,2058.765165
-46.0,50,2062.040189
-46.0,50,2065.349097
-46.0,50,2068.606647
-46.0,50,2071.870989
-46.0,50,2075.158629
-46.0,50,2075.339993
-46.0,50,2075.522573
-46.0,50,2075.692429
-46.0,50,2075.870859
-46.0,50,2076.049387
-46.0,50,2076.241601
-46.0,50,2076.43053
-46.0,50,2076.610196
-46.0,50,2076.779142
-46.0,50,2076.956526
-46.0,50,2080.263577
-46.0,50,2083.55734
-46.0,50,2086.824673
-46.0,50,2090.135074
-46.0,50,2093.441888
-46.0,50,2096.7486
-46.0,50,2100.034783
-46.0,50,2103.331047
-46.0,50,2106.610651
-46.0,50,2109.908093
-46.0,50,2113.210896
-46.0,50,2116.529699
-46.0,50,2119.834127
-40.0,50,2123.110585
-46.0,50,2126.421416
-46.0,50,2129.750572
-46.0,50,2133.066068
-46.0,50,2136.397726
-46.0,50,2139.809107
-46.0,50,2143.168873
-46.0,50,2143.348833
-46.0,50,2143.530658
-46.0,50,2143.697298
-46.0,50,2143.877149
-46.0,50,2144.071665
-46.0,50,2144.25348
-46.0,50,2144.446414
-46.0,50,2144.625214
-3.0,50,2144.798965
-46.0,50,2144.979887
-46.0,50,2148.321178
-46.0,50,2151.678355
-46.0,50,2155.013107
-46.0,50,2158.385334
-46.0,50,2161.689399
3.0,50,2165.01383
-46.0,50,2168.348947
-46.0,50,2171.774087
-46.0,50,2175.155773
-48.0,50,2178.483793
-46.0,50,2181.837737
-46.0,50,2185.315814
-46.0,50,2188.707473
-46.0,50,2192.097753
-46.0,50,2195.48086
-46.0,50,2198.957202
-46.0,50,2202.33049
-46.0,50,2205.698499
-46.0,50,2209.051157
-46.0,50,2212.403542
-46.0,50,2212.58364
-46.0,50,2212.772601
-46.0,50,2212.957282
-46.0,50,2213.136414
-46.0,50,2213.321936
-46.0,50,2213.508749
-46.0,50,2213.694868
-48.0,50,2213.878062
-46.0,50,2214.055073
-46.0,50,2214.259532
-46.0,50,2217.609142
-46.0,50,2221.000488
-46.0,50,2224.414358
-46.0,50,2227.802597
-46.0,50,2231.174523
-46.0,50,2234.570362
-46.0,50,2237.948991
-46.0,50,2241.337165
-46.0,50,2244.752165
-46.0,50,2248.110592
-46.0,50,2251.501635
-46.0,50,2254.888254
-46.0,50,2258.238249
-46.0,50,2261.668671
-46.0,50,2265.051767
-35.0,50,2268.440281
-46.0,50,2271.887247
-46.0,50,2275.350924
-46.0,50,2278.849541
-46.0,50,2282.305912
-46.0,50,2282.48049
-46.0,50,2282.66018
-35.0,50,2282.843953
-46.0,50,2283.014202
-46.0,50,2283.199248
-46.0,50,2283.380512
-46.0,50,2283.544988
-31.0,50,2283.728618
-46.0,50,2283.90644
-34.0,50,2284.080031
-46.0,50,2287.512583
-46.0,50,2290.952445
-46.0,50,2294.406469
-46.0,50,2297.904248
-46.0,50,2301.306239
-46.0,50,2304.773979
-46.0,50,2308.215737
-46.0,50,2311.723431
-46.0,50,2315.195739
-46.0,50,2318.653112
-46.0,50,2322.119598
-46.0,50,2325.596889
-46.0,50,2329.043663
-46.0,50,2332.550388
-46.0,50,2336.111827
-36.0,50,2339.593397
-29.0,50,2343.152257
-46.0,50,2346.583921
-46.0,50,2350.026618
-46.0,50,2353.471483
-46.0,50,2353.64566
-46.0,50,2353.826509
-46.0,50,2354.017565
-46.0,50,2354.191657
-46.0,50,2354.367368
-46.0,50,2354.544454
-46.0,50,2354.727745
-46.0,50,2354.892633
-46.0,50,2355.079935
-46.0,50,2355.278941
-46.0,50,2358.800913
-46.0,50,2362.318715
-46.0,50,2365.75386
-46.0,50,2369.227393
-46.0,50,2372.753975
-46.0,50,2376.33225
-46.0,50,2379.798158
-46.0,50,2383.251889
-46.0,50,2386.733125
-46.0,50,2390.283902
-46.0,50,2393.772327
-46.0,50,2397.252349
-46.0,50,2400.7463
-46.0,50,2404.344059
-48.0,50,2407.880971
-46.0,50,2411.400835
-46.0,50,2414.995025
2.0,50,2418.619562
-46.0,50,2422.161706
-46.0,50,2425.729537
-46.0,50,2425.925364
1.0,50,2426.105356
-46.0,50,2426.309361
-46.0,50,2426.492412
-46.0,50,2426.68784
-46.0,50,2426.862517
-46.0,50,2427.028002
-46.0,50,2427.186249
-46.0,50,2427.364543
-46.0,50,2427.532029
-46.0,50,2431.070742
-46.0,50,2434.618343
-46.0,50,2438.136228
-46.0,50,2441.701986
-46.0,50,2445.244627
-46.0,50,2448.785555
-46.0,50,2452.383265
-46.0,50,2456.002777
-46.0,50,2459.58033
-46.0,50,2463.124449
-46.0,50,2466.737533
-46.0,50,2470.291397
-46.0,50,2473.864563
-46.0,50,2477.453461
-46.0,50,2481.058693
-2.0,50,2484.74781
-46.0,50,2488.270179
-46.0,50,2491.818578
-46.0,50,2495.429688
-46.0,50,2499.147343
-46.0,50,2499.33088
-46.0,50,2499.486437
-46.0,50,2499.691445
-46.0,50,2499.86684
2.0,50,2500.039205
-46.0,50,2500.208119
-46.0,50,2500.409682
-46.0,50,2500.59468
-46.0,50,2500.792909
-24.0,50,2500.958161
-29.0,50,2504.531969
-37.0,50,2508.102291
-46.0,50,2511.725855
-46.0,50,2515.270422
-46.0,50,2518.851979
-46.0,50,2522.437073
-46.0,50,2526.01827
-46.0,50,2529.609883
-46.0,50,2533.183466
-46.0,50,2536.786074
-46.0,50,2540.387889
-46.0,50,2544.003932
-46.0,50,2547.631948
-46.0,50,2551.236829
-46.0,50,2554.811883
-46.0,50,2558.519774
-46.0,50,2562.13188
-46.0,50,2565.792805
-46.0,50,2569.457945
-46.0,50,2573.18594
-46.0,50,2573.352494
-46.0,50,2573.544394
-46.0,50,2573.726942
-46.0,50,2573.896766
-46.0,50,2574.064854
-46.0,50,2574.258172
-46.0,50,2574.429984
-46.0,50,2574.597899
-46.0,50,2574.79425
-46.0,50,2574.991837
-46.0,50,2578.641408
-46.0,50,2582.289805
-46.0,50,2585.914316
-46.0,50,2589.609499
-46.0,50,2593.267326
-46.0,50,2597.009411
-46.0,50,2600.717278
-46.0,50,2604.44139
-11.0,50,2608.110066
-46.0,50,2611.780976
-46.0,50,2615.450057
-46.0,50,2619.212652
-46.0,50,2622.907875
-46.0,50,2626.614724
-46.0,50,2630.269585
-46.0,50,2633.930554
-46.0,50,2637.573636
-46.0,50,2641.205455
-46.0,50,2644.88257
-46.0,50,2648.527739
-46.0,50,2648.677391
-46.0,50,2648.845675
-46.0,50,2649.034417
-46.0,50,2649.200426
-46.0,50,2649.379326
-46.0,50,2649.550342
-46.0,50,2649.720304
-46.0,50,2649.887866
-46.0,50,2650.077371
-46.0,50,2650.242782
-46.0,50,2653.931175
-46.0,50,2657.575814
-46.0,50,2661.243343
-46.0,50,2664.923155
-46.0,50,2668.618407
-46.0,50,2672.294591
-46.0,50,2675.97794
-46.0,50,2679.665554
4.0,50,2683.358843
-46.0,50,2687.118218
-46.0,50,2690.833787
-46.0,50,2694.571373
-48.0,50,2698.307307
1.0,50,2702.03289
-46.0,50,2705.739334
-46.0,50,2709.51908
-46.0,50,2713.189736
-46.0,50,2717.016858
-46.0,50,2720.831725
-46.0,50,2724.560595
-46.0,50,2724.739356
-48.0,50,2724.912669
-46.0,50,2725.074628
-46.0,50,2725.242305
-46.0,50,2725.422365
-46.0,50,2725.595739
-48.0,50,2725.763481
-36.0,50,2725.939461
-46.0,50,2726.111074
-46.0,50,2726.280531
-46.0,50,2730.011779
-46.0,50,2733.724506
-46.0,50,2737.450196
-46.0,50,2741.232188
-46.0,50,2745.048803
-36.0,50,2748.770002
-46.0,50,2752.517964
-46.0,50,2756.317176
-46.0,50,2760.172573
-46.0,50,2764.012269
-46.0,50,2767.834551
-46.0,50,2771.616375
-46.0,50,2775.350579
-46.0,50,2779.09567
-46.0,50,2782.9659
-46.0,50,2786.760403
-46.0,50,2790.582003
-46.0,50,2794.378865
-46.0,50,2798.163638
-46.0,50,2802.003662
-46.0,50,2802.218265
-46.0,50,2802.396048
-46.0,50,2802.562939
-46.0,50,2802.719009
-46.0,50,2802.896421
-46.0,50,2803.060511
4.0,50,2803.234193
-46.0,50,2803.431633
1.0,50,2803.648197
-46.0,50,2803.840091
-46.0,50,2807.605192
-46.0,50,2811.392747
-46.0,50,2815.205686
-46.0,50,2818.999283
-46.0,50,2822.777206
-46.0,50,2826.575796
-46.0,50,2830.352505
-46.0,50,2834.185954
-46.0,50,2838.048214
-46.0,50,2841.869539
-46.0,50,2845.726708
-46.0,50,2849.517761
-46.0,50,2853.344907
-46.0,50,2857.216997
-46.0,50,2861.071671
-46.0,50,2864.85166
-46.0,50,2868.634872
-46.0,50,2872.464245
-46.0,50,2876.273724
-46.0,50,2880.08749
-46.0,50,2880.262052
-46.0,50,2880.432194
-46.0,50,2880.621642
2.0,50,2880.789167
-46.0,50,2880.960974
-46.0,50,2881.14934
-46.0,50,2881.33497
-46.0,50,2881.51974
-46.0,50,2881.709545
4.0,50,2881.895631
-46.0,50,2885.751238
-46.0,50,2889.598238
-46.0,50,2893.407745
-46.0,50,2897.202153
-46.0,50,2901.004359
-46.0,50,2904.842202
-46.0,50,2908.69087
-46.0,50,2912.544284
-46.0,50,2916.376987
-46.0,50,2920.235256
-46.0,50,2924.075622
-46.0,50,2927.878026
-46.0,50,2931.701306
-11.0,50,2935.558377
-46.0,50,2939.418792
-46.0,50,2943.327597
-46.0,50,2947.223451
-46.0,50,2951.102849
-46.0,50,2954.955612
-46.0,50,2958.825117
-13.0,50,2958.996155
-46.0,50,2959.170404
-48.0,50,2959.349342
-33.0,50,2959.544835
-46.0,50,2959.722178
-46.0,50,2959.901516
-46.0,50,2960.087931
-46.0,50,2960.26534
-48.0,50,2960.442984
-46.0,50,2960.623387
-46.0,50,2964.478265
-46.0,50,2968.32052
-46.0,50,2972.228602
-18.0,50,2976.082374
-46.0,50,2979.963472
-46.0,50,2983.845421
-46.0,50,2987.725751
-46.0,50,2991.587272
-46.0,50,2995.495394
-46.0,50,2999.386673
-46.0,50,3003.334696
-46.0,50,3007.265947
-46.0,50,3011.186107
-46.0,50,3015.112429
-46.0,50,3019.018022
-46.0,50,3023.033502
-46.0,50,3026.968752
-46.0,50,3030.959537
-46.0,50,3034.914264
-46.0,50,3038.805088
-46.0,50,3038.990814
-46.0,50,3039.170329
-46.0,50,3039.359817
-46.0,50,3039.531333
-46.0,50,3039.715199
-46.0,50,3039.907603
-20.0,50,3040.090596
-46.0,50,3040.287211
-46.0,50,3040.45639
-46.0,50,3040.637228
-46.0,50,3044.534388
-46.0,50,3048.480034
-27.0,50,3052.389776
-46.0,50,3056.30165
-46.0,50,3060.188543
-46.0,50,3064.09987
-46.0,50,3067.964467
-46.0,50,3071.858872
-48.0,50,3075.741677
-46.0,50,3079.621902
-48.0,50,3083.627424
-46.0,50,3087.530085
-46.0,50,3091.456539
-46.0,50,3095.435815
-46.0,50,3099.414916
-46.0,50,3103.341291
-46.0,50,3107.306876
-46.0,50,3111.29443
-46.0,50,3115.240636
-5.0,50,3119.249774
-46.0,50,3119.41001
-46.0,50,3119.583426
-46.0,50,3119.757435
-46.0,50,3119.932453
-11.0,50,3120.100807
-46.0,50,3120.273373
-46.0,50,3120.458279
-46.0,50,3120.636912
-46.0,50,3120.81482
-46.0,50,3120.985262
-46.0,50,3124.908765
-46.0,50,3128.85662
-46.0,50,3132.829176
-46.0,50,3136.860198
-46.0,50,3140.805497
-46.0,50,3144.754453
-46.0,50,3148.6887
-6.0,50,3152.636999
-46.0,50,3156.559513
-46.0,50,3160.546059
-46.0,50,3164.521346
-46.0,50,3168.514705
-46.0,50,3172.502663
-46.0,50,3176.491204
-50.0,50,3180.462914
-46.0,50,3184.434865
-46.0,50,3188.412028
-46.0,50,3192.48545
-46.0,50,3196.514014
-46.0,50,3200.56629
-46.0,50,3200.765788
-46.0,50,3200.947301
-46.0,50,3201.112653
-46.0,50,3201.294069
-46.0,50,3201.474189
-46.0,50,3201.639552
-46.0,50,3201.837653
-46.0,50,3202.029994
-46.0,50,3202.207479
-46.0,50,3202.378963
-46.0,50,3206.424975
-46.0,50,3210.458117
-46.0,50,3214.508798
-48.0,50,3218.603387
-46.0,50,3222.660165
-46.0,50,3226.735252
-46.0,50,3230.811597
-46.0,50,3234.860655
-48.0,50,3238.881274
-46.0,50,3242.898277
-46.0,50,3246.911907
-46.0,50,3250.934884
-46.0,50,3254.97028
-46.0,50,3259.03663
-19.0,50,3263.11039
-46.0,50,3267.162269
-46.0,50,3271.225939
-46.0,50,3275.233534
4.0,50,3279.207901
-46.0,50,3283.229427
-39.0,50,3283.39787
-46.0,50,3283.576698
-46.0,50,3283.748005
-46.0,50,3283.927909
-46.0,50,3284.091808
-46.0,50,3284.285848
-46.0,50,3284.464218
-46.0,50,3284.638786
-46.0,50,3284.805515
-46.0,50,3284.988155
-46.0,50,3289.039609
-46.0,50,3293.078155
-46.0,50,3297.109373
-46.0,50,3301.108121
-46.0,50,3305.144209
-46.0,50,3309.174732
-48.0,50,3313.213081
-46.0,50,3317.384053
-46.0,50,3321.485959
-46.0,50,3325.540391
-46.0,50,3329.594835
-46.0,50,3333.679323
-46.0,50,3337.756804
-46.0,50,3341.864264
-46.0,50,3346.023648
-46.0,50,3350.150066
-46.0,50,3354.256818
-46.0,50,3358.400035
-46.0,50,3362.545393
-46.0,50,3366.628369
-46.0,50,3366.808027
-46.0,50,3366.99157
-46.0,50,3367.163195
-46.0,50,3367.328836
-46.0,50,3367.492764
-46.0,50,3367.658856
-46.0,50,3367.831017
-46.0,50,3368.004832
-46.0,50,3368.173493
-46.0,50,3368.348209
-46.0,50,3372.440161
-46.0,50,3376.592694
-46.0,50,3380.70942
-46.0,50,3384.894051
-35.0,50,3388.983057
-46.0,50,3393.077337
-33.0,50,3397.190899
-46.0,50,3401.332094
-46.0,50,3405.472845
-46.0,50,3409.56638
-46.0,50,3413.668004
-46.0,50,3417.769293
-46.0,50,3421.859218
-46.0,50,3425.96724
-46.0,50,3430.129721
-46.0,50,3434.31838
-46.0,50,3438.405449
-46.0,50,3442.491164
-46.0,50,3446.651277
4.0,50,3450.74209
-46.0,50,3450.920682
-46.0,50,3451.085715
-46.0,50,3451.253848
-46.0,50,3451.422668
-46.0,50,3451.596444
-46.0,50,3451.788704
-46.0,50,3451.965426
-46.0,50,3452.158298
-46.0,50,3452.3367
-46.0,50,3452.51498
-46.0,50,3456.634423
-46.0,50,3460.731916
-46.0,50,3464.83164
-46.0,50,3469.00355
-46.0,50,3473.103741
-46.0,50,3477.209714
-46.0,50,3481.337572
-46.0,50,3485.548469
-46.0,50,3489.853175
-46.0,50,3494.090898
-46.0,50,3498.225877
-46.0,50,3502.387566
-40.0,50,3506.611833
-46.0,50,3510.887458
-46.0,50,3515.115936
-46.0,50,3519.267911
-46.0,50,3523.432231
-5.0,50,3527.610392
-46.0,50,3531.773601
-46.0,50,3535.937971
-46.0,50,3536.10929
-46.0,50,3536.277371
-46.0,50,3536.45152
-46.0,50,3536.62382
-46.0,50,3536.80878
-46.0,50,3536.992863
-46.0,50,3537.183647
-46.0,50,3537.386169
-46.0,50,3537.580861
-46.0,50,3537.744654
-46.0,50,3541.973621
-46.0,50,3546.169869
-1.0,50,3550.404139
-46.0,50,3554.606876
-46.0,50,3558.899558
-46.0,50,3563.156697
-46.0,50,3567.503511
-46.0,50,3571.7226
-46.0,50,3575.921788
-46.0,50,3580.226814
-46.0,50,3584.623623
-46.0,50,3588.973661
-46.0,50,3593.347146
-40.0,50,3597.605263
-46.0,50,3601.847723
-46.0,50,3606.086581
-46.0,50,3610.299405
-46.0,50,3614.6218
-39.0,50,3618.957584
-46.0,50,3623.297462
-46.0,50,3623.46554
-46.0,50,3623.64226
-46.0,50,3623.822946
-46.0,50,3624.008722
-46.0,50,3624.193719
-46.0,50,3624.3874
-46.0,50,3624.563407
-46.0,50,3624.745142
-46.0,50,3624.918948
-46.0,50,3625.098178
-10.0,50,3629.332633
-46.0,50,3633.598956
-46.0,50,3637.792687
-46.0,50,3642.01228
-46.0,50,3646.216761
-46.0,50,3650.46619
-46.0,50,3654.699403
-46.0,50,3658.982658
-46.0,50,3663.26488
-46.0,50,3667.568899
-46.0,50,3671.923242
-46.0,50,3676.293384
-46.0,50,3680.585942
-46.0,50,3685.019025
-46.0,50,3689.293285
-46.0,50,3693.699077
-46.0,50,3698.083537
-46.0,50,3702.446023
-46.0,50,3706.827684
-46.0,50,3711.156827
-46.0,50,3711.329721
-46.0,50,3711.493577
3.0,50,3711.666098
-46.0,50,3711.854328
-46.0,50,3712.030823
-46.0,50,3712.231731
-46.0,50,3712.414347
-46.0,50,3712.581319
-46.0,50,3712.768068
-46.0,50,3712.926014
-46.0,50,3717.265985
-46.0,50,3721.553945
-46.0,50,3725.868001
-46.0,50,3730.188958
4.0,50,3734.569141
-46.0,50,3738.90858
-14.0,50,3743.263742
-46.0,50,3747.616135
-46.0,50,3751.986198
-46.0,50,3756.338106
-46.0,50,3760.773927
-46.0,50,3765.222935
-46.0,50,3769.648931
-46.0,50,3774.058001
-46.0,50,3778.506152
-46.0,50,3782.965577
-46.0,50,3787.445651
-46.0,50,3791.904098
-46.0,50,3796.241302
-46.0,50,3800.679967
-46.0,50,3800.85761
-3.0,50,3801.040715
-28.0,50,3801.233082
-46.0,50,3801.398996
-46.0,50,3801.577814
-46.0,50,3801.752403
-46.0,50,3801.928398
-46.0,50,3802.090057
-46.0,50,3802.259498
-46.0,50,3802.433424
-46.0,50,3806.830604
-46.0,50,3811.179609
-46.0,50,3815.58335
-46.0,50,3819.973604
-46.0,50,3824.362519
-46.0,50,3828.759353
-46.0,50,3833.130194
-46.0,50,3837.491909
-46.0,50,3841.870613
-46.0,50,3846.251841
-35.0,50,3850.644589
-46.0,50,3855.031482
-38.0,50,3859.478379
-46.0,50,3863.892792
-46.0,50,3868.274069
-46.0,50,3872.64636
-46.0,50,3877.039252
-46.0,50,3881.462357
-46.0,50,3885.885881
-46.0,50,3890.281601
-46.0,50,3890.462087
-46.0,50,3890.620483
-46.0,50,3890.791087
-46.0,50,3890.967672
-46.0,50,3891.140415
-46.0,50,3891.331782
-46.0,50,3891.491995
-46.0,50,3891.653874
-46.0,50,3891.83098
-46.0,50,3892.004103
-46.0,50,3896.431051
-46.0,50,3900.837609
-46.0,50,3905.273378
-46.0,50,3909.836222
-39.0,50,3914.334674
-46.0,50,3918.826567
-46.0,50,3923.189906
-46.0,50,3927.58089
-46.0,50,3931.974783
-46.0,50,3936.521656
-46.0,50,3941.038465
-46.0,50,3945.48821
-46.0,50,3949.970283
-46.0,50,3954.461582
-46.0,50,3958.875808
-46.0,50,3963.356971
-46.0,50,3967.845733
-46.0,50,3972.390815
-46.0,50,3976.922122
-46.0,50,3981.475279
-46.0,50,3981.653335
-46.0,50,3981.844045
-46.0,50,3982.016742
-46.0,50,3982.200693
-46.0,50,3982.38797
-46.0,50,3982.569087
-46.0,50,3982.731279
-46.0,50,3982.964027
-46.0,50,3983.163835
-46.0,50,3983.345693
-46.0,50,3987.749531
-46.0,50,3992.196131
-46.0,50,3996.648875
-46.0,50,4001.04125
-46.0,50,4005.463297
-46.0,50,4009.902086
-46.0,50,4014.368449
-46.0,50,4018.853084
-46.0,50,4023.328323
-46.0,50,4027.764124
-46.0,50,4032.216322
-46.0,50,4036.6764
-46.0,50,4041.14107
-46.0,50,4045.649313
-32.0,50,4050.099041
-46.0,50,4054.55175
-46.0,50,4058.974859
-46.0,50,4063.423295
-46.0,50,4067.837483
-46.0,50,4072.253964
3.0,50,4072.436904
-46.0,50,4072.599632
-46.0,50,4072.77879
-46.0,50,4072.945705
-39.0,50,4073.11161
-1.0,50,4073.28717
-46.0,50,4073.473792
-46.0,50,4073.630504
-46.0,50,4073.813059
-46.0,50,4073.979632
-46.0,50,4078.496719
-46.0,50,4083.050753
-46.0,50,4087.541096
-46.0,50,4092.009139
-46.0,50,4096.505534
-46.0,50,4101.137093
-46.0,50,4105.75967
-46.0,50,4110.385078
-46.0,50,4114.980545
-46.0,50,4119.550325
-26.0,50,4124.17328
-46.0,50,4128.813668
-46.0,50,4133.44321
-46.0,50,4138.120143
-46.0,50,4142.776686
-46.0,50,4147.360725
-46.0,50,4152.001747
-46.0,50,4156.49274
-48.0,50,4161.03418
-27.0,50,4165.601485
-46.0,50,4165.775642
-46.0,50,4165.955028
-46.0,50,4166.136382
-46.0,50,4166.324303
-46.0,50,4166.517722
-46.0,50,4166.701535
-46.0,50,4166.884937
-46.0,50,4167.058053
-25.0,50,4167.251573
-16.0,50,4167.421271
-46.0,50,4171.98929
-46.0,50,4176.522888
-46.0,50,4181.122342
-46.0,50,4185.707019
-46.0,50,4190.314854
-2.0,50,4194.932509
-46.0,50,4199.535096
-46.0,50,4204.241531
-46.0,50,4208.760561
-46.0,50,4213.266639
-46.0,50,4217.816004
-46.0,50,4222.373957
-46.0,50,4226.911233
-36.0,50,4231.404315
-46.0,50,4235.910835
-46.0,50,4240.479322
-46.0,50,4245.023804
-46.0,50,4249.541252
-46.0,50,4254.070572
-46.0,50,4258.58467
-46.0,50,4258.760346
-46.0,50,4258.945635
-46.0,50,4259.119963
-46.0,50,4259.30356
-46.0,50,4259.484278
-46.0,50,4259.6677
-46.0,50,4259.850398
-46.0,50,4260.031515
-46.0,50,4260.221594
-46.0,50,4260.398578
-46.0,50,4264.899843
-46.0,50,4269.436687
-46.0,50,4274.017546
-46.0,50,4278.584976
-46.0,50,4283.23623
3.0,50,4287.823885
-46.0,50,4292.402872
-46.0,50,4296.990782
-46.0,50,4301.588582
-46.0,50,4306.229686
-20.0,50,4310.835727
-46.0,50,4315.434155
-46.0,50,4320.035789
-46.0,50,4324.639989
-46.0,50,4329.236756
-46.0,50,4333.82159
-46.0,50,4338.427514
-46.0,50,4343.075185
-46.0,50,4347.678117
-46.0,50,4352.319054
-46.0,50,4352.499068
-46.0,50,4352.680066
-46.0,50,4352.865065
-40.0,50,4353.051383
-46.0,50,4353.237476
-46.0,50,4353.420539
-18.0,50,4353.601488
-46.0,50,4353.774263
-46.0,50,4353.960213
-46.0,50,4354.146521
-46.0,50,4358.811915
-46.0,50,4363.493685
-46.0,50,4368.159091
-46.0,50,4372.768735
-46.0,50,4377.411547
-46.0,50,4382.087137
-46.0,50,4386.794955
-46.0,50,4391.514513
-46.0,50,4396.217524
-46.0,50,4400.910983
-46.0,50,4405.588789
-46.0,50,4410.273316
-48.0,50,4414.994387
-46.0,50,4419.6717
-46.0,50,4424.356492
-46.0,50,4429.047939
-46.0,50,4433.746166
-46.0,50,4438.579343
-46.0,50,4443.394637
-46.0,50,4448.160347
-48.0,50,4448.342302
-46.0,50,4448.52017
-46.0,50,4448.695129
-46.0,50,4448.862382
-46.0,50,4449.04599
-46.0,50,4449.222847
-46.0,50,4449.397489
-46.0,50,4449.554434
-46.0,50,4449.737772
-46.0,50,4449.91044
-46.0,50,4454.528949
-46.0,50,4459.212399
-46.0,50,4463.965689
-46.0,50,4468.63793
-46.0,50,4473.367937
-46.0,50,4478.052011
-46.0,50,4482.740667
3.0,50,4487.426224
-46.0,50,4492.125159
-46.0,50,4496.841089
-46.0,50,4501.56773
-46.0,50,4506.277899
-46.0,50,4510.986649
-46.0,50,4515.681865
-46.0,50,4520.394416
-46.0,50,4525.120872
-46.0,50,4529.834044
-46.0,50,4534.69641
-46.0,50,4539.479382
-46.0,50,4544.246635
-32.0,50,4544.429204
-46.0,50,4544.594115
-46.0,50,4544.771312
-46.0,50,4544.952116
-46.0,50,4545.126506
-46.0,50,4545.313865
-46.0,50,4545.475584
-46.0,50,4545.665643
-46.0,50,4545.840468
-46.0,50,4546.016037
-46.0,50,4550.78189
-46.0,50,4555.535367
-46.0,50,4560.305054
-46.0,50,4565.089556
-46.0,50,4569.83546
-46.0,50,4574.614165
-46.0,50,4579.374688
-46.0,50,4584.148958
-16.0,50,4588.901206
-46.0,50,4593.635407
-46.0,50,4598.452048
-46.0,50,4603.252916
-46.0,50,4608.024019
-46.0,50,4612.87901
-46.0,50,4617.710213
-46.0,50,4622.541611
-21.0,50,4627.399491
-46.0,50,4632.244164
-46.0,50,4637.096669
-48.0,50,4641.928705
-46.0,50,4642.102196
-46.0,50,4642.273524
-48.0,50,4642.454998
-9.0,50,4642.64225
-46.0,50,4642.827898
-46.0,50,4643.008499
-46.0,50,4643.185493
-48.0,50,4643.352375
-46.0,50,4643.520809
-46.0,50,4643.692354
-46.0,50,4648.448047
-46.0,50,4653.21701
-46.0,50,4657.922395
-46.0,50,4662.659989
-46.0,50,4667.384434
-46.0,50,4672.126163
-46.0,50,4676.846096
-46.0,50,4681.586843
-46.0,50,4686.341786
-46.0,50,4691.086464
-46.0,50,4695.857229
-46.0,50,4700.728936
-46.0,50,4705.524281
-46.0,50,4710.284319
-50.0,50,4715.04769
-26.0,50,4719.874714
-46.0,50,4724.733966
-29.0,50,4729.613303
-46.0,50,4734.525828
-46.0,50,4739.405169
-46.0,50,4739.574304
-46.0,50,4739.745856
-46.0,50,4739.919268
-46.0,50,4740.089355
-46.0,50,4740.259462
-46.0,50,4740.434549
-46.0,50,4740.626747
-46.0,50,4740.805863
-46.0,50,4740.983754
-46.0,50,4741.160397
-46.0,50,4745.98476
-46.0,50,4750.826269
-46.0,50,4755.713034
-46.0,50,4760.642653
-46.0,50,4765.500998
-46.0,50,4770.365193
-46.0,50,4775.183021
-46.0,50,4780.033114
-46.0,50,4784.878072
-46.0,50,4789.793643
-46.0,50,4794.730986
-5.0,50,4799.630347
-46.0,50,4804.585165
-46.0,50,4809.513639
-4.0,50,4814.4551
-46.0,50,4819.308042
-46.0,50,4824.119473
-46.0,50,4828.959471
-46.0,50,4833.818734
-46.0,50,4838.671131
-46.0,50,4838.851749
-46.0,50,4839.029816
-46.0,50,4839.221784
-46.0,50,4839.402974
-46.0,50,4839.590229
-46.0,50,4839.765567
-46.0,50,4839.945514
-46.0,50,4840.1302
-46.0,50,4840.307773
-46.0,50,4840.494388
-46.0,50,4845.425008
-46.0,50,4850.289352
-46.0,50,4855.146606
-46.0,50,4860.042733
-46.0,50,4864.903482
-46.0,50,4869.903217
-46.0,50,4874.803025
-46.0,50,4879.783149
-46.0,50,4884.874298
-46.0,50,4889.974055
-46.0,50,4895.551351
-46.0,50,4900.658749
-46.0,50,4905.718635
-46.0,50,4910.678248
-46.0,50,4915.539223
-46.0,50,4920.459713
-46.0,50,4925.368452
-37.0,50,4930.285581
-46.0,50,4935.240322
-46.0,50,4940.143454
-46.0,50,4940.33142
-46.0,50,4940.506729
-46.0,50,4940.676496
-46.0,50,4940.841833
-46.0,50,4941.019775
-46.0,50,4941.200232
-46.0,50,4941.392089
-46.0,50,4941.576981
-46.0,50,4941.756298
-46.0,50,4941.925802
-46.0,50,4946.894852
-46.0,50,4951.840742
-40.0,50,4956.850214
-46.0,50,4961.963479
-46.0,50,4967.016608
-46.0,50,4972.116316
-46.0,50,4977.269274
-46.0,50,4982.322308
-46.0,50,4987.426828
-33.0,50,4992.448307
-46.0,50,4997.497166
-46.0,50,5002.551174
-46.0,50,5007.478929
-46.0,50,5012.435946
-46.0,50,5017.406929
-46.0,50,5022.47637
-46.0,50,5027.528428
-46.0,50,5032.456676
-38.0,50,5037.350893
-46.0,50,5042.274691
-46.0,50,5042.447475
-46.0,50,5042.632997
-46.0,50,5042.804648
-46.0,50,5042.976713
-46.0,50,5043.152917
-46.0,50,5043.321313
-46.0,50,5043.501597
-46.0,50,5043.678251
-46.0,50,5043.851223
-46.0,50,5044.019339
-46.0,50,5049.105387
-46.0,50,5054.138911
-46.0,50,5059.183446
-46.0,50,5064.288577
-46.0,50,5069.339745
-46.0,50,5074.394894
-46.0,50,5079.538452
-46.0,50,5084.585329
-46.0,50,5089.703702
-46.0,50,5094.793866
-46.0,50,5099.878787
-46.0,50,5104.991782
1.0,50,5110.015118
-46.0,50,5115.146924
-46.0,50,5120.321628
-46.0,50,5125.49201
-46.0,50,5130.543299
-46.0,50,5135.633794
-46.0,50,5140.78891
-46.0,50,5145.814292
-46.0,50,5145.983028
-46.0,50,5146.167121
-46.0,50,5146.360739
3.0,50,5146.553675
-46.0,50,5146.741944
-46.0,50,5146.897696
-46.0,50,5147.071904
-46.0,50,5147.249745
-46.0,50,5147.421559
-46.0,50,5147.580479
-46.0,50,5152.598452
-13.0,50,5157.641402
-46.0,50,5162.766109
-46.0,50,5167.80069
-46.0,50,5172.866117
-46.0,50,5177.995333
-46.0,50,5183.166262
-46.0,50,5188.259134
-38.0,50,5193.287707
-46.0,50,5198.4068
-46.0,50,5203.501259
-46.0,50,5208.598083
-46.0,50,5213.66684
-46.0,50,5218.690396
-46.0,50,5223.760266
-46.0,50,5228.932583
-46.0,50,5234.073565
-46.0,50,5239.237813
3.0,50,5244.335419
-46.0,50,5249.509935
-46.0,50,5249.702796
-46.0,50,5249.88983
-16.0,50,5250.070875
-46.0,50,5250.248127
-46.0,50,5250.419134
-46.0,50,5250.585791
-46.0,50,5250.76522
4.0,50,5250.938236
-46.0,50,5251.117041
-46.0,50,5251.28546
-11.0,50,5256.41536
-48.0,50,5261.464798
-46.0,50,5266.552643
-46.0,50,5271.648778
-46.0,50,5276.819991
-17.0,50,5281.882517
-46.0,50,5287.054192
-46.0,50,5292.207366
-37.0,50,5297.252386
-46.0,50,5302.325669
-46.0,50,5307.558983
-46.0,50,5312.721989
-46.0,50,5317.837174
-46.0,50,5323.024352
-46.0,50,5328.232768
-46.0,50,5333.517486
-7.0,50,5338.722241
-46.0,50,5344.008571
-46.0,50,5349.209985
-46.0,50,5354.366717
-46.0,50,5354.549332
-46.0,50,5354.727975
-46.0,50,5354.922042
-46.0,50,5355.107208
-46.0,50,5355.283076
-46.0,50,5355.466519
-46.0,50,5355.640963
-46.0,50,5355.817832
-46.0,50,5355.99801
-46.0,50,5356.171664
-46.0,50,5361.253848
-46.0,50,5366.378964
-46.0,50,5371.460578
-46.0,50,5376.581958
-46.0,50,5381.73105
2.0,50,5386.851826
-46.0,50,5391.996076
-46.0,50,5397.139145
-33.0,50,5402.290369
-46.0,50,5407.517501
-46.0,50,5412.73761
-46.0,50,5417.904989
-46.0,50,5423.069281
-46.0,50,5428.289948
-46.0,50,5433.61168
-46.0,50,5438.827791
-46.0,50,5444.02198
-46.0,50,5449.183233
-46.0,50,5454.425431
-14.0,50,5459.658982
-46.0,50,5459.843219
-46.0,50,5460.016597
-46.0,50,5460.184531
5.0,50,5460.363661
-46.0,50,5460.547002
-46.0,50,5460.718854
-46.0,50,5460.886718
-46.0,50,5461.049684
-46.0,50,5461.219252
-46.0,50,5461.405265
-32.0,50,5466.617906
-29.0,50,5471.799394
-46.0,50,5476.993233
-46.0,50,5482.245767
-46.0,50,5487.468703
-46.0,50,5492.68121
-46.0,50,5497.865724
-24.0,50,5503.123496
-46.0,50,5508.402533
-46.0,50,5513.646788
-46.0,50,5518.850919
-46.0,50,5524.015436
-46.0,50,5529.119172
-46.0,50,5534.302495
-46.0,50,5539.470685
-20.0,50,5544.656098
-46.0,50,5549.912575
-46.0,50,5555.225842
-46.0,50,5560.521342
-46.0,50,5565.76435
-46.0,50,5565.942853
-46.0,50,5566.108649
-46.0,50,5566.293005
-46.0,50,5566.467134
-46.0,50,5566.644066
-46.0,50,5566.829371
-46.0,50,5566.99385
-22.0,50,5567.163343
-46.0,50,5567.347102
-46.0,50,5567.523062
-46.0,50,5572.780509
4.0,50,5578.038403
-46.0,50,5583.296509
-48.0,50,5588.577368
-46.0,50,5593.82441
-46.0,50,5599.058431
-7.0,50,5604.309153
-46.0,50,5609.566655
-46.0,50,5614.857162
-23.0,50,5620.089809
-46.0,50,5625.383189
-46.0,50,5630.750865
-46.0,50,5635.999712
-46.0,50,5641.235404
-46.0,50,5646.487844
-37.0,50,5651.796281
1.0,50,5657.076871
-46.0,50,5662.297427
-46.0,50,5667.522803
-46.0,50,5672.81893
-46.0,50,5672.986043
-46.0,50,5673.203017
-46.0,50,5673.397945
-46.0,50,5673.578446
-46.0,50,5673.759739
-46.0,50,5673.940584
-46.0,50,5674.129493
-46.0,50,5674.318317
-46.0,50,5674.492597
-46.0,50,5674.675445
-46.0,50,5680.035419
-46.0,50,5685.311194
-46.0,50,5690.58166
-46.0,50,5695.834672
-48.0,50,5701.076795
-46.0,50,5706.345814
-40.0,50,5711.629599
-46.0,50,5716.901682
-46.0,50,5722.192728
-46.0,50,5727.505951
-46.0,50,5732.845932
-46.0,50,5738.162185
-46.0,50,5743.611629
-46.0,50,5748.932857
-46.0,50,5754.247465
-37.0,50,5759.58491
-46.0,50,5764.870674
-46.0,50,5770.241623
-46.0,50,5775.610331
-46.0,50,5781.034781
-46.0,50,5781.202942
-46.0,50,5781.375453
-46.0,50,5781.55141
-46.0,50,5781.743815
-46.0,50,5781.927932
-46.0,50,5782.105739
-46.0,50,5782.280984
-23.0,50,5782.446156
-46.0,50,5782.630016
-46.0,50,5782.833132
-6.0,50,5788.282319
-46.0,50,5793.6135
-46.0,50,5798.969228
-46.0,50,5804.284057
-46.0,50,5809.644214
-46.0,50,5814.989036
-46.0,50,5820.342478
-46.0,50,5825.760974
-46.0,50,5831.126168
-32.0,50,5836.532428
-46.0,50,5841.941487
-46.0,50,5847.335197
-46.0,50,5852.730251
-22.0,50,5858.232005
-46.0,50,5863.698665
-46.0,50,5869.200351
-46.0,50,5874.663945
-46.0,50,5880.11781
-46.0,50,5885.609208
-46.0,50,5891.175411
-46.0,50,5891.34358
-8.0,50,5891.513775
-46.0,50,5891.681735
-46.0,50,5891.853775
-46.0,50,5892.021529
-36.0,50,5892.191899
-46.0,50,5892.37181
-9.0,50,5892.541414
-46.0,50,5892.725227
-46.0,50,5892.91026
-46.0,50,5898.278736
-46.0,50,5903.758517
-46.0,50,5909.170073
-25.0,50,5914.696146
-21.0,50,5920.284744
-46.0,50,5925.687253
-46.0,50,5931.035231
-46.0,50,5936.427361
-46.0,50,5941.826985
-46.0,50,5947.211113
-46.0,50,5952.60715
-46.0,50,5957.976335
-46.0,50,5963.402064
-46.0,50,5968.774638
-46.0,50,5974.15666
-46.0,50,5979.659338
-46.0,50,5985.078058
-46.0,50,5990.530246
-46.0,50,5995.991282
-46.0,50,6001.508432
-36.0,50,6001.677525
-46.0,50,6001.855964
-46.0,50,6002.044266
-46.0,50,6002.213809
-46.0,50,6002.391268
-46.0,50,6002.555638
-46.0,50,6002.740661
-46.0,50,6002.922512
-46.0,50,6003.099462
3.0,50,6003.276727
-46.0,50,6008.827088
-46.0,50,6014.343996
-46.0,50,6020.095652
-46.0,50,6025.76281
-46.0,50,6031.258991
-46.0,50,6036.821422
-46.0,50,6042.274272
-46.0,50,6047.744919
-46.0,50,6053.203548
-46.0,50,6058.888284
-46.0,50,6064.501645
-46.0,50,6070.071917
-46.0,50,6075.656399
-46.0,50,6081.261229
-46.0,50,6086.959435
-46.0,50,6092.486465
-46.0,50,6097.968872
-46.0,50,6103.473982
-48.0,50,6109.019153
-26.0,50,6114.55775
-46.0,50,6114.75294
-46.0,50,6114.926614
-46.0,50,6115.108135
-46.0,50,6115.30441
-46.0,50,6115.481381
-46.0,50,6115.644267
-46.0,50,6115.807106
-46.0,50,6115.974454
-36.0,50,6116.159358
-46.0,50,6116.349448
-46.0,50,6121.872707
-46.0,50,6127.429906
-46.0,50,6132.89902
-46.0,50,6138.359952
-46.0,50,6143.824819
-46.0,50,6149.326308
-40.0,50,6154.828805
-46.0,50,6160.353906
-46.0,50,6165.827211
-46.0,50,6171.318388
-7.0,50,6176.808159
-46.0,50,6182.296207
-46.0,50,6187.784961
-46.0,50,6193.355119
-46.0,50,6198.920504
-46.0,50,6204.51559
-38.0,50,6210.077399
-46.0,50,6215.688527
-11.0,50,6221.223058
-35.0,50,6226.767936
-46.0,50,6226.93711
-46.0,50,6227.124246
-46.0,50,6227.314976
-46.0,50,6227.491436
-46.0,50,6227.674048
-46.0,50,6227.840933
-46.0,50,6228.005242
-46.0,50,6228.171283
-46.0,50,6228.36594
-46.0,50,6228.529429
-46.0,50,6234.209216
-46.0,50,6239.867057
-46.0,50,6245.407444
-48.0,50,6251.140307
-46.0,50,6256.892696
-2.0,50,6262.513157
-31.0,50,6268.132742
-38.0,50,6273.887831
-46.0,50,6279.567065
-46.0,50,6285.179304
-46.0,50,6290.808019
-46.0,50,6296.530102
-46.0,50,6302.126719
-46.0,50,6307.686483
-46.0,50,6313.281764
-46.0,50,6318.96587
4.0,50,6324.626842
-46.0,50,6330.316571
-46.0,50,6336.038116
-46.0,50,6341.702327
-46.0,50,6341.897839
-46.0,50,6342.086671
-46.0,50,6342.269372
-46.0,50,6342.455885
4.0,50,6342.641252
-46.0,50,6342.818194
-46.0,50,6342.989273
-46.0,50,6343.158086
-46.0,50,6343.348082
-46.0,50,6343.528901
-46.0,50,6349.120344
-46.0,50,6354.730023
-46.0,50,6360.286229
-46.0,50,6365.919201
-46.0,50,6371.548584
-46.0,50,6377.256876
-46.0,50,6383.032704
-46.0,50,6388.601677
-46.0,50,6394.195404
-46.0,50,6399.909736
-46.0,50,6405.626801
-46.0,50,6411.38958
-46.0,50,6417.164405
-46.0,50,6422.819589
-46.0,50,6428.497986
-46.0,50,6434.175672
3.0,50,6439.910163
-25.0,50,6445.669357
-46.0,50,6451.408913
-46.0,50,6457.179431
-46.0,50,6457.356848
-46.0,50,6457.550896
-46.0,50,6457.731147
4.0,50,6457.915829
-46.0,50,6458.110185
-46.0,50,6458.282427
-46.0,50,6458.458905
-46.0,50,6458.633145
-48.0,50,6458.807737
-46.0,50,6458.981297
-46.0,50,6464.61086
-46.0,50,6470.259636
-37.0,50,6475.888164
-46.0,50,6481.561985
-46.0,50,6487.253351
-46.0,50,6493.056015
-46.0,50,6498.959331
-10.0,50,6504.752492
-48.0,50,6510.378096
-46.0,50,6516.00686
-46.0,50,6521.669113
4.0,50,6527.318393
-46.0,50,6532.985621
-19.0,50,6538.681849
-46.0,50,6544.320005
-46.0,50,6549.984964
-48.0,50,6555.625786
-46.0,50,6561.292182
-46.0,50,6566.933338
-46.0,50,6572.603806
-46.0,50,6572.775586
-12.0,50,6572.967298
-46.0,50,6573.151035
-46.0,50,6573.365864
-46.0,50,6573.537583
-46.0,50,6573.711168
-46.0,50,6573.885214
-46.0,50,6574.05674
-46.0,50,6574.230187
-46.0,50,6574.403317
-46.0,50,6580.103531
-46.0,50,6585.829694
-46.0,50,6591.61175
-22.0,50,6597.458088
-46.0,50,6603.183511
-46.0,50,6608.905918
-4.0,50,6614.572147
-46.0,50,6620.291422
-48.0,50,6625.944022
-46.0,50,6631.631592
-46.0,50,6637.338191
-46.0,50,6643.026141
-46.0,50,6648.695362
-46.0,50,6654.540831
-46.0,50,6660.2986
-46.0,50,6666.046064
-46.0,50,6671.753151
-46.0,50,6677.453707
-46.0,50,6683.303869
-46.0,50,6689.195408
-46.0,50,6689.367924
-46.0,50,6689.553723
-46.0,50,6689.745586
-46.0,50,6689.905909
-46.0,50,6690.082235
-46.0,50,6690.252943
-46.0,50,6690.416805
-46.0,50,6690.600991
-21.0,50,6690.78156
-46.0,50,6690.942013
-46.0,50,6696.714541
-46.0,50,6702.515388
-46.0,50,6708.448942
-46.0,50,6714.361245
-46.0,50,6720.264919
-38.0,50,6726.079505
-46.0,50,6731.819404
-46.0,50,6737.615458
-46.0,50,6743.40225
-46.0,50,6749.318463
-46.0,50,6755.108354
-46.0,50,6760.868185
-46.0,50,6766.675694
-46.0,50,6772.594278
-46.0,50,6778.421636
-22.0,50,6784.281191
-46.0,50,6790.125125
-46.0,50,6796.017081
-46.0,50,6801.80129
-46.0,50,6807.617873
-46.0,50,6807.781553
-46.0,50,6807.9524
-46.0,50,6808.140224
-46.0,50,6808.314215
-46.0,50,6808.489446
-46.0,50,6808.660125
-46.0,50,6808.827088
-46.0,50,6809.002771
-46.0,50,6809.178684
-46.0,50,6809.3484
-46.0,50,6815.16485
-36.0,50,6820.97928
-46.0,50,6826.900838
-46.0,50,6832.786382
-46.0,50,6838.691993
-46.0,50,6844.606243
-46.0,50,6850.514006
-46.0,50,6856.4379
-46.0,50,6862.457848
-46.0,50,6868.419243
-46.0,50,6874.353686
-46.0,50,6880.22186
-46.0,50,6886.19033
-46.0,50,6892.238353
-46.0,50,6898.290422
-31.0,50,6904.154367
-46.0,50,6910.147712
-46.0,50,6916.105142
-46.0,50,6922.126602
-46.0,50,6928.054105
-46.0,50,6928.238343
-46.0,50,6928.404004
-46.0,50,6928.590613
4.0,50,6928.789847
-46.0,50,6928.960997
-46.0,50,6929.140228
-46.0,50,6929.315056
-46.0,50,6929.512297
-46.0,50,6929.710414
-46.0,50,6929.873007
-20.0,50,6935.763913
-46.0,50,6941.622544
-46.0,50,6947.475764
-46.0,50,6953.388575
-46.0,50,6959.260473
-46.0,50,6965.107175
-46.0,50,6970.975674
-46.0,50,6976.822252
-46.0,50,6982.667215
-46.0,50,6988.69692
-33.0,50,6994.710072
-46.0,50,7000.666551
1.0,50,7006.540059
-46.0,50,7012.425511
-46.0,50,7018.413446
-46.0,50,7024.341045
-46.0,50,7030.284837
-46.0,50,7036.128459
-46.0,50,7042.022672
-46.0,50,7047.880896
-46.0,50,7048.056693
-46.0,50,7048.229949
-46.0,50,7048.403961
-46.0,50,7048.57033
-46.0,50,7048.756115
-46.0,50,7048.924019
-46.0,50,7049.112259
-46.0,50,7049.306722
-37.0,50,7049.494174
-46.0,50,7049.674764
-46.0,50,7055.596283
-46.0,50,7061.47375
-46.0,50,7067.448864
-46.0,50,7073.468187
-46.0,50,7079.478795
-46.0,50,7085.506234
-46.0,50,7091.530341
-29.0,50,7097.502224
-46.0,50,7103.436663
-46.0,50,7109.366129
-46.0,50,7115.260062
-46.0,50,7121.305266
-46.0,50,7127.458841
-46.0,50,7133.625272
-46.0,50,7139.523232
-46.0,50,7145.442625
-46.0,50,7151.359171
-46.0,50,7157.357906
-46.0,50,7163.275232
-46.0,50,7169.414721
-46.0,50,7169.5902
-46.0,50,7169.768782
-46.0,50,7169.953407
-46.0,50,7170.131335
-46.0,50,7170.30179
-46.0,50,7170.482445
-46.0,50,7170.659234
2.0,50,7170.827919
-46.0,50,7170.993785
