# {"t_start": 1585209250.551162, "env_id": "FetchPickAndPlace-v1"} 
r,l,t
-50.0,50,3.440104
-50.0,50,4.312928
-50.0,50,5.09358
-50.0,50,5.857941
-50.0,50,6.626125
-50.0,50,7.390592
-50.0,50,8.15511
-50.0,50,8.932835
-50.0,50,9.700478
-50.0,50,10.467666
-50.0,50,11.234522
-50.0,50,12.004887
-50.0,50,12.771878
-50.0,50,13.542703
-50.0,50,14.311684
-50.0,50,15.082011
-50.0,50,15.853483
-50.0,50,16.642149
-50.0,50,17.417108
-50.0,50,18.187266
-50.0,50,18.968841
-50.0,50,19.742386
-50.0,50,20.5239
-50.0,50,21.281852
-50.0,50,22.051205
-50.0,50,22.825942
-50.0,50,23.601574
-50.0,50,24.376424
-50.0,50,25.152624
-50.0,50,25.926426
-50.0,50,26.698937
-50.0,50,27.480197
-50.0,50,28.262516
-50.0,50,29.050131
-50.0,50,29.831244
-50.0,50,30.611281
-50.0,50,31.395895
-50.0,50,32.177422
-50.0,50,32.970477
-50.0,50,33.767954
-50.0,50,34.556466
-50.0,50,35.344432
-50.0,50,36.126566
-50.0,50,36.912901
-50.0,50,37.699775
-50.0,50,38.486089
-50.0,50,39.271942
-50.0,50,40.069355
-50.0,50,40.85916
-50.0,50,41.648525
-50.0,50,42.479845
-50.0,50,42.647583
-50.0,50,42.794287
-50.0,50,42.940235
-50.0,50,43.100478
-50.0,50,43.249843
-50.0,50,43.406585
-50.0,50,43.552393
-50.0,50,43.704897
-50.0,50,43.852481
-50.0,50,44.037673
-50.0,50,44.826773
-50.0,50,45.614403
-50.0,50,46.414927
-50.0,50,47.201124
-50.0,50,47.995818
-50.0,50,48.800176
-50.0,50,49.600173
-50.0,50,50.390399
-50.0,50,51.178944
-50.0,50,51.96519
-50.0,50,52.751043
-50.0,50,53.540169
-50.0,50,54.329089
-50.0,50,55.121921
-50.0,50,55.91838
-50.0,50,56.714101
-50.0,50,57.506916
-50.0,50,58.302958
-50.0,50,59.106055
-50.0,50,59.932795
-50.0,50,60.760966
-50.0,50,61.583728
-50.0,50,62.419526
-50.0,50,63.25931
-50.0,50,64.098695
-50.0,50,64.927482
-50.0,50,65.754543
0.0,50,66.584388
-50.0,50,67.420053
-50.0,50,68.252841
-50.0,50,69.097861
-50.0,50,69.959377
-50.0,50,70.795767
-50.0,50,71.639272
-50.0,50,72.471744
-50.0,50,73.309998
-50.0,50,74.142144
-50.0,50,74.986134
-50.0,50,75.834743
-50.0,50,76.672036
-50.0,50,77.539315
-50.0,50,78.40578
-50.0,50,79.257637
-50.0,50,80.108331
-50.0,50,80.962602
-50.0,50,81.82957
-50.0,50,82.689685
-50.0,50,83.536904
-50.0,50,84.384895
-50.0,50,85.2483
-50.0,50,85.409493
-50.0,50,85.570255
0.0,50,85.722043
-50.0,50,85.874773
-50.0,50,86.034068
-50.0,50,86.191742
-50.0,50,86.361834
-50.0,50,86.518063
-50.0,50,86.670315
-50.0,50,86.836115
-50.0,50,87.704965
-50.0,50,88.579291
-50.0,50,89.44515
-50.0,50,90.317749
-50.0,50,91.19945
0.0,50,92.071147
-50.0,50,92.946018
-50.0,50,93.820507
0.0,50,94.695726
-50.0,50,95.569772
-50.0,50,96.436539
-50.0,50,97.312423
-50.0,50,98.190258
-50.0,50,99.072297
-50.0,50,99.951058
0.0,50,100.830308
-50.0,50,101.719296
-50.0,50,102.59861
-50.0,50,103.4885
-50.0,50,104.37906
-50.0,50,105.26588
0.0,50,106.153918
-50.0,50,107.036677
-50.0,50,107.924737
-50.0,50,108.809451
-50.0,50,109.711063
-50.0,50,110.591095
-50.0,50,111.478755
-50.0,50,112.378886
-50.0,50,113.263589
-50.0,50,114.157336
-50.0,50,115.047455
-50.0,50,115.937599
-50.0,50,116.834759
-50.0,50,117.731355
-50.0,50,118.631938
-50.0,50,119.539365
-50.0,50,120.447626
-50.0,50,121.353677
-50.0,50,122.260088
-50.0,50,123.171324
-50.0,50,124.093436
-50.0,50,125.008447
-50.0,50,125.929284
-50.0,50,126.851743
-50.0,50,127.781753
-14.0,50,128.712542
-50.0,50,129.644668
-50.0,50,130.574011
-50.0,50,131.525421
-50.0,50,131.692266
-50.0,50,131.865234
-50.0,50,132.030439
-50.0,50,132.184961
-50.0,50,132.355576
-50.0,50,132.526983
-50.0,50,132.681954
-50.0,50,132.851636
-50.0,50,133.009324
0.0,50,133.167803
-50.0,50,134.109512
-50.0,50,135.05374
-50.0,50,135.991621
-50.0,50,136.924197
0.0,50,137.855579
-50.0,50,138.790241
-50.0,50,139.729486
-50.0,50,140.665148
-50.0,50,141.613403
-50.0,50,142.557407
-50.0,50,143.514014
-50.0,50,144.447619
-50.0,50,145.394969
-50.0,50,146.339039
-50.0,50,147.275804
-50.0,50,148.213877
-50.0,50,149.153838
-50.0,50,150.096391
-50.0,50,151.037253
-50.0,50,151.989514
-50.0,50,152.945869
-50.0,50,153.8994
-50.0,50,154.843707
-50.0,50,155.788721
-50.0,50,156.734418
-50.0,50,157.683294
-50.0,50,158.636001
-50.0,50,159.589923
-50.0,50,160.541053
-50.0,50,161.493003
-50.0,50,162.445685
-50.0,50,163.407256
-50.0,50,164.360377
-50.0,50,165.312622
-50.0,50,166.273477
-50.0,50,167.230972
-50.0,50,168.17953
-50.0,50,169.144408
-50.0,50,170.112527
-50.0,50,171.069678
-50.0,50,172.034328
-50.0,50,172.987215
-50.0,50,173.940332
-50.0,50,174.895602
-50.0,50,175.846888
-50.0,50,176.815308
-50.0,50,177.77002
-50.0,50,178.735282
-50.0,50,179.685947
-50.0,50,180.642936
-50.0,50,180.819397
-50.0,50,180.974977
-50.0,50,181.129837
-50.0,50,181.282113
-50.0,50,181.450925
-50.0,50,181.607252
-50.0,50,181.759932
-50.0,50,181.917206
-50.0,50,182.075588
-50.0,50,182.233962
-50.0,50,183.194433
-50.0,50,184.152073
-50.0,50,185.113908
-50.0,50,186.073804
-50.0,50,187.026835
-50.0,50,187.983458
-50.0,50,188.942952
-50.0,50,189.89601
-50.0,50,190.854676
-50.0,50,191.810762
-50.0,50,192.767996
-50.0,50,193.731482
-50.0,50,194.690424
-50.0,50,195.663332
0.0,50,196.626778
-50.0,50,197.586
-50.0,50,198.535695
-50.0,50,199.497943
-50.0,50,200.472829
-50.0,50,201.444736
-50.0,50,202.40251
-50.0,50,203.364693
-50.0,50,204.32343
-50.0,50,205.280416
-50.0,50,206.249666
-50.0,50,207.212739
-50.0,50,208.162793
-50.0,50,209.117349
-50.0,50,210.072044
-50.0,50,211.029602
-50.0,50,211.993739
-50.0,50,212.959372
-50.0,50,213.926069
-50.0,50,214.885106
-50.0,50,215.860181
-50.0,50,216.839849
-50.0,50,217.810555
-50.0,50,218.793131
-50.0,50,219.762838
-50.0,50,220.747946
-50.0,50,221.726546
-50.0,50,222.698782
-50.0,50,223.66732
-50.0,50,224.633286
-50.0,50,225.612497
-50.0,50,226.577872
-50.0,50,227.550244
-50.0,50,228.501272
-50.0,50,229.477302
-50.0,50,230.465738
-50.0,50,230.631094
-50.0,50,230.793755
-50.0,50,230.957485
-50.0,50,231.113344
-50.0,50,231.27176
-50.0,50,231.427974
-50.0,50,231.582155
-50.0,50,231.747269
-50.0,50,231.898288
-50.0,50,232.051538
-50.0,50,233.022484
-2.0,50,233.993658
-50.0,50,234.964905
-50.0,50,235.929574
-50.0,50,236.900936
-50.0,50,237.860655
-50.0,50,238.815579
-50.0,50,239.776877
-50.0,50,240.742461
-50.0,50,241.710915
-50.0,50,242.680174
-50.0,50,243.642153
-50.0,50,244.596268
-50.0,50,245.549768
-50.0,50,246.518054
-50.0,50,247.48757
-50.0,50,248.458638
-50.0,50,249.439409
-50.0,50,250.42609
-50.0,50,251.400744
-50.0,50,252.382439
-50.0,50,253.36782
-50.0,50,254.342966
-50.0,50,255.334064
-50.0,50,256.307042
-50.0,50,257.293748
-50.0,50,258.275033
-50.0,50,259.252184
-50.0,50,260.237217
-50.0,50,261.211592
-50.0,50,262.180411
-50.0,50,263.168974
-50.0,50,264.140345
-50.0,50,265.114545
-50.0,50,266.095574
-50.0,50,267.076186
-50.0,50,268.048382
-50.0,50,269.028158
-50.0,50,270.006465
-50.0,50,270.989697
-50.0,50,271.984976
-50.0,50,272.961453
-50.0,50,273.937299
-50.0,50,274.920392
-50.0,50,275.905841
-50.0,50,276.892884
-50.0,50,277.880805
-50.0,50,278.864472
-50.0,50,279.846748
-50.0,50,280.826939
-50.0,50,280.998459
-50.0,50,281.156425
-50.0,50,281.33648
-50.0,50,281.493415
-50.0,50,281.656434
-50.0,50,281.807861
-50.0,50,281.968786
-50.0,50,282.1252
-50.0,50,282.277311
-50.0,50,282.431704
-50.0,50,283.423262
-50.0,50,284.418486
-50.0,50,285.402065
-50.0,50,286.408076
-50.0,50,287.389343
-50.0,50,288.373621
-50.0,50,289.360888
-50.0,50,290.367771
-50.0,50,291.355665
-50.0,50,292.34159
-50.0,50,293.329273
-50.0,50,294.327379
-50.0,50,295.311471
-50.0,50,296.304254
-50.0,50,297.289145
-50.0,50,298.275018
-50.0,50,299.240917
-50.0,50,300.213192
-50.0,50,301.195481
-50.0,50,302.161452
-50.0,50,303.138009
-50.0,50,304.106256
-50.0,50,305.078428
-50.0,50,306.054761
-50.0,50,307.024058
-50.0,50,308.005919
-50.0,50,308.990553
-50.0,50,309.969628
-50.0,50,310.952929
-50.0,50,311.938449
-50.0,50,312.933717
-50.0,50,313.922575
-50.0,50,314.914652
-50.0,50,315.901157
-50.0,50,316.897741
-50.0,50,317.88301
-50.0,50,318.872934
-50.0,50,319.861106
-50.0,50,320.850743
-50.0,50,321.842877
-50.0,50,322.830543
-50.0,50,323.810465
-50.0,50,324.791589
-50.0,50,325.782876
-50.0,50,326.775158
-50.0,50,327.757592
0.0,50,328.744042
0.0,50,329.733341
-50.0,50,330.717433
-50.0,50,331.692451
-50.0,50,331.848118
-50.0,50,332.011286
-50.0,50,332.18963
-50.0,50,332.342895
-50.0,50,332.491041
-50.0,50,332.644331
-50.0,50,332.813064
-50.0,50,332.962158
-50.0,50,333.113886
-50.0,50,333.276031
-50.0,50,334.276959
-50.0,50,335.271168
-50.0,50,336.282735
-50.0,50,337.265844
-50.0,50,338.255971
-50.0,50,339.246192
-50.0,50,340.241177
-50.0,50,341.227443
-50.0,50,342.214477
-50.0,50,343.198136
-50.0,50,344.20633
-26.0,50,345.199144
-50.0,50,346.181107
-50.0,50,347.164523
-50.0,50,348.141613
-50.0,50,349.118756
-50.0,50,350.113015
-50.0,50,351.100373
-50.0,50,352.092695
-50.0,50,353.076039
-50.0,50,354.063533
-50.0,50,355.06877
-50.0,50,356.056891
-50.0,50,357.034839
-50.0,50,358.027743
-50.0,50,359.017353
-50.0,50,360.002958
-50.0,50,360.985491
0.0,50,361.947565
-50.0,50,362.916801
-50.0,50,363.909486
-50.0,50,364.900747
-50.0,50,365.874005
-50.0,50,366.85561
-50.0,50,367.839936
-50.0,50,368.824184
-50.0,50,369.805852
-50.0,50,370.796587
-50.0,50,371.770086
-50.0,50,372.738594
-50.0,50,373.71018
-50.0,50,374.67768
-50.0,50,375.654706
-50.0,50,376.627319
-50.0,50,377.603156
-50.0,50,378.598329
-50.0,50,379.570752
-50.0,50,380.542329
-50.0,50,381.511749
-30.0,50,382.496741
-50.0,50,382.657725
-50.0,50,382.818933
-50.0,50,382.968346
-50.0,50,383.125719
-50.0,50,383.283562
-50.0,50,383.463886
-50.0,50,383.615942
-50.0,50,383.768789
-50.0,50,383.919163
-50.0,50,384.07771
0.0,50,385.062356
-50.0,50,386.042224
-50.0,50,387.033553
-50.0,50,388.010685
-50.0,50,389.001519
-50.0,50,389.984792
-50.0,50,390.977408
-50.0,50,391.977556
-50.0,50,392.96105
-50.0,50,393.952728
-50.0,50,394.939473
-50.0,50,395.935973
-50.0,50,396.917576
-50.0,50,397.895252
-50.0,50,398.877633
-50.0,50,399.853467
-50.0,50,400.833601
-50.0,50,401.819074
-50.0,50,402.814504
-50.0,50,403.795063
-50.0,50,404.775276
-50.0,50,405.754239
-50.0,50,406.750525
-50.0,50,407.749854
-50.0,50,408.741637
-50.0,50,409.73898
-5.0,50,410.725297
-50.0,50,411.706811
-50.0,50,412.690131
-50.0,50,413.687166
-50.0,50,414.671576
-50.0,50,415.677298
-20.0,50,416.669381
-50.0,50,417.642877
-50.0,50,418.626674
-50.0,50,419.605162
-50.0,50,420.593277
-50.0,50,421.574883
-50.0,50,422.569131
-50.0,50,423.559001
-50.0,50,424.542449
-50.0,50,425.52252
-50.0,50,426.504208
-50.0,50,427.480436
-50.0,50,428.476504
-50.0,50,429.469612
-50.0,50,430.45783
-50.0,50,431.436615
-50.0,50,432.42613
-50.0,50,433.424762
-50.0,50,433.595851
-50.0,50,433.745525
-50.0,50,433.898094
-50.0,50,434.046701
-50.0,50,434.201686
-50.0,50,434.348428
-50.0,50,434.503788
-50.0,50,434.676385
-50.0,50,434.833571
-50.0,50,435.008209
-50.0,50,436.009541
-50.0,50,437.004987
-50.0,50,438.000446
-50.0,50,438.981713
-50.0,50,439.961176
-50.0,50,440.945867
-50.0,50,441.935992
-50.0,50,442.913543
-1.0,50,443.904674
-50.0,50,444.8853
-50.0,50,445.866767
-50.0,50,446.864499
-50.0,50,447.845964
-50.0,50,448.836907
-50.0,50,449.820503
-50.0,50,450.799222
-50.0,50,451.778235
-50.0,50,452.764757
-50.0,50,453.743268
-50.0,50,454.729052
-50.0,50,455.723429
-50.0,50,456.710166
-50.0,50,457.688401
-50.0,50,458.69284
-50.0,50,459.679936
-50.0,50,460.659147
-50.0,50,461.653083
-50.0,50,462.646313
-50.0,50,463.641985
-50.0,50,464.638218
-50.0,50,465.625204
-50.0,50,466.633466
-50.0,50,467.605248
-50.0,50,468.583906
-50.0,50,469.586575
-50.0,50,470.561728
-50.0,50,471.542025
-50.0,50,472.51061
-50.0,50,473.484329
-50.0,50,474.459762
-50.0,50,475.452772
-50.0,50,476.451041
0.0,50,477.434243
-50.0,50,478.412686
-50.0,50,479.397787
-50.0,50,480.387511
-50.0,50,481.368762
-50.0,50,482.360437
-50.0,50,483.343946
-50.0,50,484.335491
-50.0,50,484.510021
-50.0,50,484.660248
-50.0,50,484.814094
-50.0,50,484.963531
-50.0,50,485.135433
-50.0,50,485.285052
-50.0,50,485.460641
-50.0,50,485.621505
-50.0,50,485.779658
-50.0,50,485.943082
-50.0,50,486.944476
-50.0,50,487.946139
-50.0,50,488.941106
-50.0,50,489.930049
-50.0,50,490.934057
-50.0,50,491.92504
-50.0,50,492.925937
-50.0,50,493.921041
-50.0,50,494.929485
-50.0,50,495.917321
-50.0,50,496.90031
-50.0,50,497.892397
-50.0,50,498.873665
-50.0,50,499.85432
-50.0,50,500.837395
-50.0,50,501.823994
-50.0,50,502.81606
-50.0,50,503.797786
-50.0,50,504.782148
-50.0,50,505.800565
-50.0,50,506.799585
-50.0,50,507.785993
-50.0,50,508.764909
-50.0,50,509.737666
-50.0,50,510.716268
0.0,50,511.700971
-50.0,50,512.683633
-50.0,50,513.669935
-50.0,50,514.648709
-50.0,50,515.628184
-50.0,50,516.623278
-50.0,50,517.597207
-50.0,50,518.594862
-50.0,50,519.583086
-50.0,50,520.578733
-50.0,50,521.560258
-50.0,50,522.545931
-50.0,50,523.549428
-50.0,50,524.545684
-50.0,50,525.535772
-50.0,50,526.514965
-50.0,50,527.501195
-50.0,50,528.487858
-50.0,50,529.494851
-50.0,50,530.480276
-50.0,50,531.468424
-50.0,50,532.464228
-50.0,50,533.456585
-50.0,50,534.451421
-50.0,50,535.449679
-50.0,50,535.599835
0.0,50,535.774922
-50.0,50,535.923989
-50.0,50,536.096642
-50.0,50,536.257091
-50.0,50,536.416996
-50.0,50,536.586851
-50.0,50,536.752357
-50.0,50,536.926549
-50.0,50,537.081172
-50.0,50,538.085235
-50.0,50,539.07941
-50.0,50,540.078881
-50.0,50,541.09531
-50.0,50,542.081072
-50.0,50,543.073169
-50.0,50,544.066628
-50.0,50,545.055423
-50.0,50,546.046533
-50.0,50,547.041886
-50.0,50,548.032799
-50.0,50,549.010978
-50.0,50,549.996692
-50.0,50,550.976485
-50.0,50,551.969711
-50.0,50,552.952717
-50.0,50,553.949685
-50.0,50,554.933367
-50.0,50,555.932731
-50.0,50,556.919163
-50.0,50,557.894426
-50.0,50,558.882534
-50.0,50,559.886256
-50.0,50,560.87473
-50.0,50,561.86962
-50.0,50,562.851035
-50.0,50,563.843138
-50.0,50,564.826875
-50.0,50,565.80613
-50.0,50,566.799412
-50.0,50,567.78189
-50.0,50,568.759529
-50.0,50,569.734263
-50.0,50,570.72612
-50.0,50,571.721396
-50.0,50,572.709897
-50.0,50,573.687032
-50.0,50,574.685683
-50.0,50,575.689208
-14.0,50,576.668536
-50.0,50,577.648337
-50.0,50,578.629501
-50.0,50,579.617457
-50.0,50,580.600389
-50.0,50,581.591207
-50.0,50,582.580011
-50.0,50,583.580699
-50.0,50,584.559665
-50.0,50,585.555183
-50.0,50,586.544884
-50.0,50,586.712612
-50.0,50,586.881834
-50.0,50,587.034116
0.0,50,587.196183
-50.0,50,587.362696
-50.0,50,587.516538
-50.0,50,587.702791
-50.0,50,587.853869
-50.0,50,588.00766
-50.0,50,588.164512
-50.0,50,589.157748
-50.0,50,590.148529
-50.0,50,591.135572
-6.0,50,592.131834
-50.0,50,593.120653
-50.0,50,594.114824
-50.0,50,595.099851
-50.0,50,596.094305
-50.0,50,597.094044
-50.0,50,598.084977
-45.0,50,599.076049
-50.0,50,600.059256
-50.0,50,601.04952
-50.0,50,602.053619
-50.0,50,603.035197
-50.0,50,604.027895
-50.0,50,605.017891
-50.0,50,606.009125
-50.0,50,606.989229
-50.0,50,607.980486
-50.0,50,608.982545
-50.0,50,609.972752
-50.0,50,610.963401
-50.0,50,611.949585
-50.0,50,612.952769
-50.0,50,613.940943
-50.0,50,614.922658
-50.0,50,615.903972
-50.0,50,616.886906
-50.0,50,617.876686
-18.0,50,618.865401
0.0,50,619.854697
-50.0,50,620.841773
-50.0,50,621.833993
-50.0,50,622.841616
-50.0,50,623.829479
-50.0,50,624.813205
-50.0,50,625.792754
-50.0,50,626.781731
-50.0,50,627.767177
-50.0,50,628.742101
-50.0,50,629.738938
-50.0,50,630.729689
-50.0,50,631.72266
-50.0,50,632.709018
-50.0,50,633.687336
-50.0,50,634.674947
-50.0,50,635.656212
-50.0,50,636.64775
-50.0,50,637.650232
-50.0,50,637.79879
-50.0,50,637.969627
-50.0,50,638.135146
-50.0,50,638.294609
-50.0,50,638.462069
-50.0,50,638.6249
-50.0,50,638.804584
-50.0,50,638.960853
-50.0,50,639.137514
-50.0,50,639.289452
-50.0,50,640.294363
-50.0,50,641.28426
-50.0,50,642.273847
-50.0,50,643.259419
-50.0,50,644.258014
-50.0,50,645.245246
-50.0,50,646.245368
-50.0,50,647.243749
-49.0,50,648.254175
-50.0,50,649.251642
-50.0,50,650.237908
-50.0,50,651.213849
-50.0,50,652.214538
-50.0,50,653.191935
-50.0,50,654.193145
-50.0,50,655.180043
-50.0,50,656.173244
-50.0,50,657.164082
-50.0,50,658.153956
-50.0,50,659.140398
-50.0,50,660.137461
-50.0,50,661.127845
-50.0,50,662.12942
-50.0,50,663.109712
-50.0,50,664.097573
-50.0,50,665.097802
-50.0,50,666.081466
-50.0,50,667.069515
-50.0,50,668.066116
-50.0,50,669.044657
-50.0,50,670.023652
-50.0,50,671.021044
-50.0,50,672.011631
-50.0,50,673.015603
-50.0,50,674.012259
-50.0,50,674.996851
-50.0,50,676.000074
-50.0,50,677.001444
-50.0,50,677.983268
-50.0,50,678.972135
-50.0,50,679.958172
-50.0,50,680.944316
-50.0,50,681.927295
-50.0,50,682.91828
-50.0,50,683.910234
-50.0,50,684.901749
-50.0,50,685.890836
-50.0,50,686.893479
-50.0,50,687.878771
-50.0,50,688.898701
-50.0,50,689.071654
-50.0,50,689.228141
-50.0,50,689.391527
-50.0,50,689.562036
-50.0,50,689.713675
-50.0,50,689.896753
-50.0,50,690.065259
-50.0,50,690.232408
0.0,50,690.383956
-50.0,50,690.555042
-50.0,50,691.550228
-50.0,50,692.546064
-50.0,50,693.526067
-50.0,50,694.498622
-50.0,50,695.492584
-50.0,50,696.483823
-50.0,50,697.460438
-50.0,50,698.443332
-50.0,50,699.440151
-50.0,50,700.422662
-50.0,50,701.402223
-50.0,50,702.383151
-50.0,50,703.36757
-38.0,50,704.356387
-50.0,50,705.336133
-50.0,50,706.325051
-50.0,50,707.315038
-50.0,50,708.305345
-50.0,50,709.287158
-50.0,50,710.281214
-50.0,50,711.281062
-50.0,50,712.270135
-50.0,50,713.262216
-50.0,50,714.265814
-50.0,50,715.253512
-50.0,50,716.239198
-50.0,50,717.222533
-50.0,50,718.219588
-50.0,50,719.214557
-50.0,50,720.201339
-50.0,50,721.205227
-50.0,50,722.194
-50.0,50,723.189636
-50.0,50,724.18389
-50.0,50,725.179418
-50.0,50,726.169902
-50.0,50,727.156318
-50.0,50,728.158981
-50.0,50,729.144033
-50.0,50,730.133156
-50.0,50,731.130786
-50.0,50,732.119626
-50.0,50,733.111071
-50.0,50,734.09994
-50.0,50,735.099241
0.0,50,736.114581
-50.0,50,737.108974
-50.0,50,738.096447
-50.0,50,739.086429
-50.0,50,740.077266
-50.0,50,740.241406
-50.0,50,740.395919
-50.0,50,740.574175
-50.0,50,740.740567
-50.0,50,740.895868
-50.0,50,741.046656
-50.0,50,741.205748
-50.0,50,741.374356
-50.0,50,741.522747
-50.0,50,741.676874
-50.0,50,742.672114
-50.0,50,743.677309
-50.0,50,744.679496
-50.0,50,745.680237
-50.0,50,746.67786
-50.0,50,747.669942
-50.0,50,748.669169
-50.0,50,749.666496
-50.0,50,750.66409
-50.0,50,751.65344
-50.0,50,752.643077
-50.0,50,753.641193
-50.0,50,754.645023
-50.0,50,755.639268
-50.0,50,756.634834
-50.0,50,757.633429
-50.0,50,758.635164
-50.0,50,759.627666
-50.0,50,760.612285
-50.0,50,761.600928
-50.0,50,762.594689
-50.0,50,763.595814
-50.0,50,764.582544
-50.0,50,765.572312
-50.0,50,766.559952
-50.0,50,767.497728
-50.0,50,768.443765
-50.0,50,769.377801
0.0,50,770.357504
-50.0,50,771.328357
-50.0,50,772.3076
-50.0,50,773.276589
-50.0,50,774.245986
-50.0,50,775.226326
-50.0,50,776.229383
-50.0,50,777.198627
-50.0,50,778.19199
-50.0,50,779.174244
-50.0,50,780.16628
-50.0,50,781.179717
-50.0,50,782.172276
-50.0,50,783.165429
-50.0,50,784.14811
-50.0,50,785.131427
-50.0,50,786.112153
-50.0,50,787.108783
-50.0,50,788.093349
-50.0,50,789.079835
-50.0,50,790.06472
-50.0,50,791.060133
-50.0,50,791.228876
-50.0,50,791.380398
-50.0,50,791.540943
-50.0,50,791.698064
-50.0,50,791.877098
-50.0,50,792.029967
-50.0,50,792.180499
-50.0,50,792.361215
-50.0,50,792.510465
-50.0,50,792.660754
0.0,50,793.646161
-50.0,50,794.636342
-50.0,50,795.626495
-50.0,50,796.610808
-50.0,50,797.602436
-50.0,50,798.589515
-50.0,50,799.570696
-50.0,50,800.557625
-50.0,50,801.545499
-50.0,50,802.525022
-50.0,50,803.514914
-50.0,50,804.50047
-50.0,50,805.486259
-50.0,50,806.477759
-50.0,50,807.465863
-50.0,50,808.449377
-50.0,50,809.459556
-50.0,50,810.459078
-50.0,50,811.452374
-50.0,50,812.447726
-50.0,50,813.453242
-50.0,50,814.437664
-50.0,50,815.422078
-50.0,50,816.397527
-50.0,50,817.394054
-50.0,50,818.390117
-50.0,50,819.375216
-50.0,50,820.358412
-50.0,50,821.342223
-50.0,50,822.334019
-50.0,50,823.322035
-50.0,50,824.330238
0.0,50,825.311778
-50.0,50,826.292642
-50.0,50,827.291793
-50.0,50,828.288979
-50.0,50,829.28358
-50.0,50,830.289808
-50.0,50,831.287528
-50.0,50,832.292952
-50.0,50,833.279591
-50.0,50,834.264079
-50.0,50,835.259324
-50.0,50,836.256346
-50.0,50,837.24024
-50.0,50,838.231734
-50.0,50,839.231387
-50.0,50,840.214027
-50.0,50,841.216959
-50.0,50,842.217733
-50.0,50,842.377654
-50.0,50,842.53977
-50.0,50,842.695954
0.0,50,842.871637
-50.0,50,843.021551
-50.0,50,843.181778
-50.0,50,843.332929
-50.0,50,843.503788
-50.0,50,843.657744
-50.0,50,843.826586
-50.0,50,844.815339
-50.0,50,845.806191
-50.0,50,846.795005
-50.0,50,847.787944
-50.0,50,848.785384
-50.0,50,849.773486
-50.0,50,850.772008
-22.0,50,851.765863
-50.0,50,852.753126
-50.0,50,853.738993
-50.0,50,854.722801
-50.0,50,855.710592
-50.0,50,856.690575
-50.0,50,857.671321
-50.0,50,858.669795
-50.0,50,859.660442
-50.0,50,860.660121
-50.0,50,861.640778
-50.0,50,862.61675
-50.0,50,863.620314
-50.0,50,864.610347
-50.0,50,865.603239
-50.0,50,866.591087
-50.0,50,867.578521
-50.0,50,868.566675
-50.0,50,869.56498
-50.0,50,870.549408
-50.0,50,871.534103
-50.0,50,872.534225
-50.0,50,873.520173
-50.0,50,874.516411
0.0,50,875.495046
-50.0,50,876.493175
-50.0,50,877.476274
-50.0,50,878.461881
-50.0,50,879.45697
-50.0,50,880.446506
-50.0,50,881.44958
-50.0,50,882.466393
-50.0,50,883.458904
-50.0,50,884.454641
-50.0,50,885.443519
-50.0,50,886.441191
-50.0,50,887.435167
-50.0,50,888.433875
-50.0,50,889.431925
-50.0,50,890.424005
-50.0,50,891.419782
-50.0,50,892.415686
-50.0,50,893.430308
-50.0,50,893.582204
-50.0,50,893.743385
-50.0,50,893.914653
-50.0,50,894.064466
-50.0,50,894.229411
-50.0,50,894.383662
-50.0,50,894.543565
0.0,50,894.698972
-50.0,50,894.847272
-50.0,50,895.001209
-50.0,50,895.993401
-50.0,50,896.992801
-50.0,50,898.005076
-50.0,50,899.015622
-50.0,50,900.046004
0.0,50,901.032099
-50.0,50,902.019323
-50.0,50,903.005488
-50.0,50,903.994071
-50.0,50,904.981474
-50.0,50,905.959285
-50.0,50,906.938954
-50.0,50,907.922155
-50.0,50,908.916763
-50.0,50,909.904716
-50.0,50,910.888495
-50.0,50,911.893762
-50.0,50,912.875019
-50.0,50,913.894608
-50.0,50,914.873695
-50.0,50,915.858623
-50.0,50,916.843278
-50.0,50,917.822578
-50.0,50,918.800166
-50.0,50,919.772723
-50.0,50,920.748007
-50.0,50,921.732584
-50.0,50,922.724061
-50.0,50,923.692319
-50.0,50,924.674401
-50.0,50,925.659866
-50.0,50,926.639992
-50.0,50,927.627817
-50.0,50,928.632182
-50.0,50,929.624793
-50.0,50,930.624668
-50.0,50,931.604413
-50.0,50,932.596385
-50.0,50,933.583673
-50.0,50,934.561036
-50.0,50,935.554059
-50.0,50,936.521824
-50.0,50,937.511356
-50.0,50,938.499233
-50.0,50,939.488195
-50.0,50,940.470524
-50.0,50,941.453576
-50.0,50,942.430651
-50.0,50,943.433083
-50.0,50,944.414463
-50.0,50,944.567258
-50.0,50,944.72687
-50.0,50,944.87986
-50.0,50,945.040516
-50.0,50,945.197529
-50.0,50,945.349056
-50.0,50,945.500899
-50.0,50,945.649062
0.0,50,945.807643
0.0,50,945.960301
-50.0,50,946.961078
-50.0,50,947.951142
-50.0,50,948.953784
-50.0,50,949.949805
-50.0,50,950.962491
-50.0,50,951.957417
-50.0,50,952.938019
-50.0,50,953.912798
-50.0,50,954.894215
-50.0,50,955.87661
-50.0,50,956.861608
-50.0,50,957.843582
-50.0,50,958.820096
-50.0,50,959.793556
-50.0,50,960.765086
-50.0,50,961.739029
-50.0,50,962.732689
-50.0,50,963.714917
-50.0,50,964.696886
-50.0,50,965.674839
-50.0,50,966.677037
-50.0,50,967.659905
-50.0,50,968.673454
-50.0,50,969.659136
-50.0,50,970.64037
-50.0,50,971.620505
-50.0,50,972.612416
-50.0,50,973.595477
-50.0,50,974.584698
-50.0,50,975.590631
-50.0,50,976.585112
-50.0,50,977.580856
0.0,50,978.587845
-50.0,50,979.591892
-50.0,50,980.588161
-50.0,50,981.599993
-50.0,50,982.598902
-50.0,50,983.607409
-50.0,50,984.612976
-50.0,50,985.653205
-50.0,50,986.670935
0.0,50,987.664698
-50.0,50,988.671771
-50.0,50,989.66338
-50.0,50,990.646396
-50.0,50,991.638119
-50.0,50,992.637657
-50.0,50,993.627217
-50.0,50,994.616279
-50.0,50,995.62708
-50.0,50,995.796337
-50.0,50,995.976963
-50.0,50,996.146563
-50.0,50,996.314775
-50.0,50,996.480457
-50.0,50,996.623935
-50.0,50,996.783512
-50.0,50,996.939687
-50.0,50,997.094549
-50.0,50,997.241847
-50.0,50,998.165315
-50.0,50,999.097241
-50.0,50,1000.010944
-50.0,50,1000.938046
-50.0,50,1001.916413
-50.0,50,1002.909037
-50.0,50,1003.890206
-50.0,50,1004.871133
-50.0,50,1005.853923
0.0,50,1006.841618
-50.0,50,1007.820909
-50.0,50,1008.795459
-50.0,50,1009.77207
-50.0,50,1010.759274
-50.0,50,1011.757967
-50.0,50,1012.742135
-50.0,50,1013.754754
-50.0,50,1014.76073
-50.0,50,1015.75768
-50.0,50,1016.789409
0.0,50,1017.78927
-50.0,50,1018.80084
-50.0,50,1019.790148
-50.0,50,1020.804229
-50.0,50,1021.792848
-50.0,50,1022.784405
-50.0,50,1023.772936
-50.0,50,1024.766774
-50.0,50,1025.750416
-50.0,50,1026.761415
-11.0,50,1027.774023
-50.0,50,1028.7823
-50.0,50,1029.779943
-50.0,50,1030.771884
-50.0,50,1031.754256
-50.0,50,1032.759387
-50.0,50,1033.75721
-50.0,50,1034.757577
-18.0,50,1035.770205
-50.0,50,1036.748657
-50.0,50,1037.728233
-50.0,50,1038.696012
-50.0,50,1039.686786
-50.0,50,1040.679037
-50.0,50,1041.646092
0.0,50,1042.612425
-50.0,50,1043.619935
-50.0,50,1044.593304
-50.0,50,1045.571111
-50.0,50,1046.575771
-50.0,50,1046.741999
-50.0,50,1046.893875
-50.0,50,1047.072376
-50.0,50,1047.223517
-50.0,50,1047.418842
-50.0,50,1047.585665
-50.0,50,1047.747359
-50.0,50,1047.935452
-50.0,50,1048.126566
-50.0,50,1048.286976
-50.0,50,1049.286533
-50.0,50,1050.289295
-50.0,50,1051.279989
-50.0,50,1052.288741
-50.0,50,1053.289886
-50.0,50,1054.285317
-50.0,50,1055.273788
-50.0,50,1056.257073
-50.0,50,1057.242944
-50.0,50,1058.241644
-50.0,50,1059.239004
-50.0,50,1060.218012
-50.0,50,1061.207992
-50.0,50,1062.196194
-50.0,50,1063.183789
-50.0,50,1064.156763
-50.0,50,1065.155092
-50.0,50,1066.143762
-50.0,50,1067.135581
-50.0,50,1068.116212
-50.0,50,1069.11028
-50.0,50,1070.098012
-50.0,50,1071.086799
-50.0,50,1072.083569
-50.0,50,1073.081391
-50.0,50,1074.083697
-50.0,50,1075.098975
-50.0,50,1076.092438
-50.0,50,1077.069386
-50.0,50,1078.078214
-50.0,50,1079.056277
-50.0,50,1080.038859
-50.0,50,1081.013565
-50.0,50,1081.996977
-50.0,50,1082.990951
-50.0,50,1083.976126
-50.0,50,1084.960818
-50.0,50,1085.972933
-50.0,50,1086.948948
-50.0,50,1087.950434
-50.0,50,1088.926233
-50.0,50,1089.920679
-50.0,50,1090.901773
-50.0,50,1091.890779
-50.0,50,1092.894288
-8.0,50,1093.890235
-50.0,50,1094.860329
-50.0,50,1095.843209
-50.0,50,1096.833763
-50.0,50,1097.81522
-50.0,50,1098.01196
-50.0,50,1098.180601
-50.0,50,1098.343571
-50.0,50,1098.511089
-50.0,50,1098.695598
-50.0,50,1098.859488
0.0,50,1099.008697
-50.0,50,1099.202217
-50.0,50,1099.381653
-50.0,50,1099.551516
-50.0,50,1100.580014
-50.0,50,1101.595021
-50.0,50,1102.589411
-50.0,50,1103.601393
-50.0,50,1104.5969
0.0,50,1105.594186
-50.0,50,1106.581521
-50.0,50,1107.589352
-50.0,50,1108.57501
-50.0,50,1109.574418
-50.0,50,1110.558575
-50.0,50,1111.565872
-50.0,50,1112.563518
-50.0,50,1113.578603
-50.0,50,1114.57519
-50.0,50,1115.555678
-50.0,50,1116.53579
-50.0,50,1117.506906
-50.0,50,1118.494163
-50.0,50,1119.478383
-50.0,50,1120.470377
-50.0,50,1121.471979
-50.0,50,1122.454501
-50.0,50,1123.443146
-50.0,50,1124.442521
-50.0,50,1125.41637
-50.0,50,1126.426531
-50.0,50,1127.417256
-50.0,50,1128.401161
-50.0,50,1129.397122
-50.0,50,1130.392
0.0,50,1131.377817
-50.0,50,1132.360441
-50.0,50,1133.361309
-50.0,50,1134.339399
-50.0,50,1135.313733
-50.0,50,1136.293948
-50.0,50,1137.278393
-50.0,50,1138.282488
-50.0,50,1139.274339
-50.0,50,1140.252479
0.0,50,1141.235847
-50.0,50,1142.222878
-50.0,50,1143.205342
-50.0,50,1144.190447
-50.0,50,1145.193603
-50.0,50,1146.209972
-50.0,50,1147.208381
-50.0,50,1148.216824
-50.0,50,1149.202569
-50.0,50,1149.377153
-50.0,50,1149.525919
-50.0,50,1149.713972
-50.0,50,1149.864348
-50.0,50,1150.032904
-50.0,50,1150.203195
-50.0,50,1150.352003
-50.0,50,1150.518299
-50.0,50,1150.711101
-50.0,50,1150.881846
-50.0,50,1151.897235
-50.0,50,1152.89498
-50.0,50,1153.896419
-50.0,50,1154.897695
-50.0,50,1155.902866
-50.0,50,1156.916811
-50.0,50,1157.908234
-50.0,50,1158.906169
-50.0,50,1159.912336
-50.0,50,1160.911996
-50.0,50,1161.909897
-49.0,50,1162.91187
-50.0,50,1163.9228
-50.0,50,1164.925172
-50.0,50,1165.936734
-50.0,50,1166.95034
-50.0,50,1167.969558
-50.0,50,1168.968753
-50.0,50,1169.963087
-50.0,50,1170.983122
-50.0,50,1171.985438
-50.0,50,1173.028249
-50.0,50,1174.039931
-50.0,50,1175.032497
-50.0,50,1176.035854
-50.0,50,1177.057653
-50.0,50,1178.05391
-50.0,50,1179.054959
-50.0,50,1180.05667
-50.0,50,1181.055394
-50.0,50,1182.086823
-50.0,50,1183.079748
-50.0,50,1184.101375
-50.0,50,1185.107445
-50.0,50,1186.107833
-50.0,50,1187.124885
-50.0,50,1188.123895
-50.0,50,1189.121053
-50.0,50,1190.126177
-50.0,50,1191.133579
-50.0,50,1192.131169
-50.0,50,1193.126864
-50.0,50,1194.128712
-50.0,50,1195.133761
-50.0,50,1196.14339
-50.0,50,1197.135924
-50.0,50,1198.127779
-50.0,50,1199.14224
-50.0,50,1200.147616
-50.0,50,1201.140889
-50.0,50,1201.330392
-50.0,50,1201.488864
-50.0,50,1201.677999
-50.0,50,1201.86835
-50.0,50,1202.070037
-50.0,50,1202.29588
0.0,50,1202.444494
-50.0,50,1202.635992
-50.0,50,1202.785198
-50.0,50,1202.94648
-50.0,50,1203.944025
-50.0,50,1204.947483
-50.0,50,1205.942564
-50.0,50,1206.996582
-50.0,50,1207.987592
-50.0,50,1208.99208
-50.0,50,1210.016883
-50.0,50,1211.020707
-50.0,50,1212.056936
-50.0,50,1213.046865
-50.0,50,1214.06642
-50.0,50,1215.049575
-50.0,50,1216.040278
0.0,50,1217.03199
-50.0,50,1218.032499
-50.0,50,1219.040097
-50.0,50,1220.042796
-50.0,50,1221.084044
-50.0,50,1222.118777
-50.0,50,1223.128632
-50.0,50,1224.13237
-50.0,50,1225.142021
-50.0,50,1226.140672
-50.0,50,1227.146754
-50.0,50,1228.142695
-50.0,50,1229.14871
-50.0,50,1230.158842
-50.0,50,1231.155704
0.0,50,1232.163271
-50.0,50,1233.166729
-50.0,50,1234.199045
-50.0,50,1235.210844
-50.0,50,1236.235317
-50.0,50,1237.22522
-50.0,50,1238.216368
-50.0,50,1239.214998
-50.0,50,1240.210168
-50.0,50,1241.224668
-50.0,50,1242.212707
-50.0,50,1243.20432
-50.0,50,1244.192034
0.0,50,1245.184316
-50.0,50,1246.172146
-50.0,50,1247.228524
-50.0,50,1248.229701
-50.0,50,1249.23454
-50.0,50,1250.262149
-50.0,50,1251.259257
-50.0,50,1252.279163
0.0,50,1253.269047
-50.0,50,1253.440404
-50.0,50,1253.607289
-50.0,50,1253.778039
-50.0,50,1253.998856
-50.0,50,1254.156609
-50.0,50,1254.35252
-50.0,50,1254.520407
-50.0,50,1254.697768
0.0,50,1254.855742
-50.0,50,1255.017771
-50.0,50,1256.050772
-50.0,50,1257.049987
-50.0,50,1258.06711
-50.0,50,1259.058815
-50.0,50,1260.048692
-50.0,50,1261.071953
-50.0,50,1262.060235
-50.0,50,1263.048321
-50.0,50,1264.048019
-50.0,50,1265.03345
-50.0,50,1266.027237
-50.0,50,1267.027303
-50.0,50,1268.004891
-50.0,50,1269.003264
-50.0,50,1269.988609
-50.0,50,1270.987236
0.0,50,1271.991071
-50.0,50,1273.004175
-50.0,50,1273.981503
-50.0,50,1274.978132
-50.0,50,1275.954821
-50.0,50,1276.940221
-50.0,50,1277.929003
-50.0,50,1278.910069
-50.0,50,1279.879977
-50.0,50,1280.863169
-50.0,50,1281.851509
-50.0,50,1282.839668
-50.0,50,1283.837981
-50.0,50,1284.828149
-50.0,50,1285.810431
-50.0,50,1286.794197
-50.0,50,1287.770952
-50.0,50,1288.743435
-50.0,50,1289.723105
-50.0,50,1290.713765
-50.0,50,1291.695384
-50.0,50,1292.704979
-50.0,50,1293.676201
-50.0,50,1294.658062
-50.0,50,1295.646661
-50.0,50,1296.633878
-50.0,50,1297.61324
-50.0,50,1298.58376
-50.0,50,1299.559186
-50.0,50,1300.538965
-50.0,50,1301.524351
-50.0,50,1302.555838
0.0,50,1303.532849
-50.0,50,1304.558934
-50.0,50,1304.726653
-50.0,50,1304.89009
-50.0,50,1305.046968
-50.0,50,1305.213204
-50.0,50,1305.40674
-50.0,50,1305.594546
-50.0,50,1305.768611
-50.0,50,1305.940243
-50.0,50,1306.117358
-50.0,50,1306.281673
-50.0,50,1307.266804
-50.0,50,1308.262236
-50.0,50,1309.265247
-50.0,50,1310.24527
-50.0,50,1311.22169
-50.0,50,1312.196256
-50.0,50,1313.171115
-50.0,50,1314.162979
-50.0,50,1315.144686
-50.0,50,1316.114427
-50.0,50,1317.117273
-50.0,50,1318.086951
-50.0,50,1319.062888
-50.0,50,1320.04261
-50.0,50,1321.008499
-50.0,50,1321.980273
-50.0,50,1322.962664
-50.0,50,1323.960775
-50.0,50,1324.927241
-50.0,50,1325.905084
-50.0,50,1326.879602
-50.0,50,1327.864835
-50.0,50,1328.843897
-50.0,50,1329.810249
-50.0,50,1330.786489
-50.0,50,1331.757804
-50.0,50,1332.725785
-50.0,50,1333.687128
-50.0,50,1334.654832
-50.0,50,1335.630021
-50.0,50,1336.593824
-50.0,50,1337.573385
-50.0,50,1338.544424
-50.0,50,1339.512185
-50.0,50,1340.505127
-50.0,50,1341.470568
-50.0,50,1342.438934
-50.0,50,1343.453832
-50.0,50,1344.421599
-50.0,50,1345.405658
-50.0,50,1346.372737
-50.0,50,1347.342957
-50.0,50,1348.330208
-50.0,50,1349.317476
-50.0,50,1350.325031
-50.0,50,1351.296025
-50.0,50,1352.281
-50.0,50,1353.253067
-50.0,50,1354.237259
-50.0,50,1355.255235
-50.0,50,1355.430996
-50.0,50,1355.621551
-50.0,50,1355.795853
-50.0,50,1355.945757
-50.0,50,1356.125577
-50.0,50,1356.275605
-50.0,50,1356.431698
-50.0,50,1356.589357
-50.0,50,1356.755561
-50.0,50,1356.937082
-50.0,50,1357.924194
-50.0,50,1358.905333
-50.0,50,1359.882474
-50.0,50,1360.854579
-50.0,50,1361.842338
-50.0,50,1362.819872
-50.0,50,1363.78968
-50.0,50,1364.769422
-50.0,50,1365.766484
-50.0,50,1366.765613
-50.0,50,1367.777143
-50.0,50,1368.754558
-50.0,50,1369.751953
-50.0,50,1370.765177
-50.0,50,1371.7469
-50.0,50,1372.735126
-50.0,50,1373.726979
-50.0,50,1374.734474
-50.0,50,1375.75672
-50.0,50,1376.747106
-50.0,50,1377.747793
-50.0,50,1378.740136
-50.0,50,1379.723871
-50.0,50,1380.711507
-50.0,50,1381.719805
-50.0,50,1382.745363
-50.0,50,1383.757464
-50.0,50,1384.741507
-50.0,50,1385.730059
-50.0,50,1386.714735
-50.0,50,1387.700699
-50.0,50,1388.693023
-50.0,50,1389.728489
-50.0,50,1390.73736
-50.0,50,1391.76114
-50.0,50,1392.751673
-50.0,50,1393.745567
-50.0,50,1394.768777
0.0,50,1395.775234
-50.0,50,1396.792404
-50.0,50,1397.793368
-50.0,50,1398.789888
-50.0,50,1399.782823
-50.0,50,1400.796249
-50.0,50,1401.787037
-50.0,50,1402.801263
-50.0,50,1403.822728
-50.0,50,1404.816018
-50.0,50,1405.818996
-50.0,50,1406.821769
-50.0,50,1406.990636
-50.0,50,1407.166285
-50.0,50,1407.344058
-50.0,50,1407.507063
-50.0,50,1407.685638
-50.0,50,1407.861992
-50.0,50,1408.011042
-50.0,50,1408.185941
-50.0,50,1408.350484
-50.0,50,1408.508332
-50.0,50,1409.466312
-50.0,50,1410.410048
-50.0,50,1411.353366
-50.0,50,1412.292103
-50.0,50,1413.257601
-50.0,50,1414.212953
-50.0,50,1415.154486
-50.0,50,1416.101358
-50.0,50,1417.052917
-50.0,50,1417.996199
-50.0,50,1418.956571
-50.0,50,1419.888821
-50.0,50,1420.830769
0.0,50,1421.76699
-50.0,50,1422.705011
-50.0,50,1423.655293
-50.0,50,1424.595489
-50.0,50,1425.550626
-50.0,50,1426.522018
-50.0,50,1427.463618
-50.0,50,1428.395784
-50.0,50,1429.340519
-50.0,50,1430.303267
-50.0,50,1431.248398
-50.0,50,1432.187086
-50.0,50,1433.131981
-50.0,50,1434.068089
-50.0,50,1435.033652
-50.0,50,1435.985379
-50.0,50,1436.918049
-50.0,50,1437.853163
-17.0,50,1438.78592
-50.0,50,1439.721681
-50.0,50,1440.683222
-50.0,50,1441.614458
-50.0,50,1442.548677
-50.0,50,1443.497027
-50.0,50,1444.449656
0.0,50,1445.385142
-50.0,50,1446.316643
-50.0,50,1447.280652
-50.0,50,1448.214112
-50.0,50,1449.17294
-50.0,50,1450.109139
-50.0,50,1451.057343
-50.0,50,1451.987722
-50.0,50,1452.91754
-50.0,50,1453.862487
-50.0,50,1454.806045
-50.0,50,1455.762619
-50.0,50,1455.932438
-50.0,50,1456.101492
-50.0,50,1456.260813
-50.0,50,1456.418155
-50.0,50,1456.571363
-50.0,50,1456.734597
-50.0,50,1456.916798
-50.0,50,1457.091113
-50.0,50,1457.334754
-50.0,50,1457.496904
-50.0,50,1458.562009
-50.0,50,1459.58509
-50.0,50,1460.600931
-50.0,50,1461.618899
-50.0,50,1462.637183
-50.0,50,1463.63854
-50.0,50,1464.640419
-50.0,50,1465.649282
-50.0,50,1466.647054
-50.0,50,1467.653461
-50.0,50,1468.655031
-50.0,50,1469.68387
-50.0,50,1470.675657
-50.0,50,1471.706553
-50.0,50,1472.699346
-50.0,50,1473.694397
-50.0,50,1474.690744
-50.0,50,1475.678612
-30.0,50,1476.728616
-50.0,50,1477.717291
-50.0,50,1478.701904
-50.0,50,1479.695937
-50.0,50,1480.680917
0.0,50,1481.670107
-50.0,50,1482.672058
-50.0,50,1483.663403
-50.0,50,1484.656727
-50.0,50,1485.64833
-50.0,50,1486.640469
-50.0,50,1487.65432
-50.0,50,1488.660439
-50.0,50,1489.663201
-50.0,50,1490.67862
-50.0,50,1491.671356
-50.0,50,1492.663417
-50.0,50,1493.646445
-50.0,50,1494.673898
-50.0,50,1495.657576
-50.0,50,1496.661107
-50.0,50,1497.660281
-50.0,50,1498.649093
-50.0,50,1499.638713
-50.0,50,1500.639729
-50.0,50,1501.639748
-50.0,50,1502.627195
-50.0,50,1503.628448
-50.0,50,1504.636799
-50.0,50,1505.670025
-50.0,50,1506.677094
-50.0,50,1507.669185
-50.0,50,1507.870091
-50.0,50,1508.041334
-50.0,50,1508.211651
-50.0,50,1508.359206
-50.0,50,1508.513085
-50.0,50,1508.681585
-50.0,50,1508.845866
-50.0,50,1509.048129
-50.0,50,1509.207447
-50.0,50,1509.376868
-50.0,50,1510.39017
-50.0,50,1511.398692
0.0,50,1512.395871
-50.0,50,1513.395169
-50.0,50,1514.391232
-50.0,50,1515.38675
-50.0,50,1516.379227
-50.0,50,1517.372819
-50.0,50,1518.350327
-50.0,50,1519.330365
-50.0,50,1520.34513
-50.0,50,1521.356706
-50.0,50,1522.372207
0.0,50,1523.37224
-50.0,50,1524.359181
-50.0,50,1525.331326
-50.0,50,1526.320116
-50.0,50,1527.311761
-11.0,50,1528.280077
-50.0,50,1529.27215
-50.0,50,1530.250002
-50.0,50,1531.227934
-50.0,50,1532.19789
-50.0,50,1533.16783
-50.0,50,1534.139758
-50.0,50,1535.11211
-50.0,50,1536.075504
-50.0,50,1537.067121
-50.0,50,1538.035865
-50.0,50,1539.006398
-50.0,50,1539.990057
-50.0,50,1540.959665
-50.0,50,1541.961838
-50.0,50,1542.954758
-50.0,50,1543.950513
-50.0,50,1544.928751
-50.0,50,1545.940863
-50.0,50,1546.952225
-50.0,50,1547.947744
-50.0,50,1548.958505
-50.0,50,1549.972457
-50.0,50,1550.97916
-50.0,50,1551.985461
-50.0,50,1552.9609
-50.0,50,1553.965089
-50.0,50,1554.941457
-50.0,50,1555.920539
-50.0,50,1556.911143
-50.0,50,1557.893274
-50.0,50,1558.88821
-50.0,50,1559.051737
-50.0,50,1559.207144
-50.0,50,1559.394428
-50.0,50,1559.554667
-50.0,50,1559.704496
-50.0,50,1559.886685
-50.0,50,1560.057615
-50.0,50,1560.21862
-50.0,50,1560.381763
-50.0,50,1560.550418
-50.0,50,1561.542313
-50.0,50,1562.545949
-50.0,50,1563.555721
-50.0,50,1564.543629
-9.0,50,1565.52979
-50.0,50,1566.535222
-50.0,50,1567.544472
-50.0,50,1568.560041
-50.0,50,1569.580659
-50.0,50,1570.594974
-50.0,50,1571.615175
-50.0,50,1572.622965
-50.0,50,1573.630174
-50.0,50,1574.648705
-50.0,50,1575.651648
-50.0,50,1576.660365
0.0,50,1577.662625
-50.0,50,1578.673799
-50.0,50,1579.668661
-50.0,50,1580.678265
0.0,50,1581.688368
-50.0,50,1582.693438
-50.0,50,1583.724289
-50.0,50,1584.778199
-50.0,50,1585.796132
-50.0,50,1586.817545
0.0,50,1587.824887
-50.0,50,1588.878326
-50.0,50,1589.887035
-50.0,50,1590.891375
-50.0,50,1591.907904
-2.0,50,1592.918847
-50.0,50,1593.935637
-50.0,50,1594.95041
-50.0,50,1595.96007
-50.0,50,1597.033902
-50.0,50,1598.065425
-50.0,50,1599.079087
-50.0,50,1600.104168
-50.0,50,1601.116213
-50.0,50,1602.130454
-50.0,50,1603.145947
0.0,50,1604.168011
-50.0,50,1605.17963
-50.0,50,1606.206529
-50.0,50,1607.222829
-50.0,50,1608.248917
-50.0,50,1609.270511
-50.0,50,1610.33263
-50.0,50,1611.370356
-50.0,50,1611.529529
-50.0,50,1611.691865
-50.0,50,1611.871318
-50.0,50,1612.059999
-50.0,50,1612.212798
-50.0,50,1612.40588
-50.0,50,1612.581058
-50.0,50,1612.738408
-50.0,50,1612.891543
-50.0,50,1613.04594
-50.0,50,1614.091349
-50.0,50,1615.126987
-50.0,50,1616.144423
-50.0,50,1617.190882
-50.0,50,1618.227932
-47.0,50,1619.267169
-50.0,50,1620.299759
-25.0,50,1621.318823
-50.0,50,1622.339908
-50.0,50,1623.374921
-50.0,50,1624.405597
-50.0,50,1625.441326
-50.0,50,1626.469515
-50.0,50,1627.510401
-50.0,50,1628.546226
-50.0,50,1629.577759
-50.0,50,1630.593849
-50.0,50,1631.634384
-50.0,50,1632.660079
-50.0,50,1633.698278
-50.0,50,1634.720097
-50.0,50,1635.750069
-50.0,50,1636.786367
-50.0,50,1637.828609
-50.0,50,1638.866505
-50.0,50,1639.918197
-50.0,50,1640.949633
-50.0,50,1641.996227
0.0,50,1643.020523
-50.0,50,1644.063718
-50.0,50,1645.116002
-50.0,50,1646.16396
-50.0,50,1647.207205
-50.0,50,1648.248815
-50.0,50,1649.287553
-50.0,50,1650.345193
-50.0,50,1651.395745
-50.0,50,1652.434844
-50.0,50,1653.489199
-9.0,50,1654.539417
-50.0,50,1655.605775
-50.0,50,1656.64633
-50.0,50,1657.68807
-50.0,50,1658.72023
-50.0,50,1659.78504
-50.0,50,1660.823671
-50.0,50,1661.88507
-50.0,50,1662.94406
-50.0,50,1664.024967
-50.0,50,1665.092091
-50.0,50,1665.25907
-50.0,50,1665.426715
-50.0,50,1665.574928
-50.0,50,1665.755756
-50.0,50,1665.975532
-50.0,50,1666.161156
-50.0,50,1666.35448
-50.0,50,1666.539402
-50.0,50,1666.717533
-50.0,50,1666.872645
-50.0,50,1667.913565
0.0,50,1668.957914
-50.0,50,1670.034553
-50.0,50,1671.071202
-50.0,50,1672.109556
-50.0,50,1673.16989
-50.0,50,1674.236414
-50.0,50,1675.306952
-50.0,50,1676.360515
-50.0,50,1677.437746
-50.0,50,1678.491323
-50.0,50,1679.540401
-50.0,50,1680.584891
-50.0,50,1681.651646
-50.0,50,1682.698367
-50.0,50,1683.73875
-50.0,50,1684.794304
-50.0,50,1685.834968
-50.0,50,1686.889276
-50.0,50,1687.938825
-50.0,50,1688.998537
-50.0,50,1690.061429
-50.0,50,1691.111858
-50.0,50,1692.183175
-50.0,50,1693.237849
-50.0,50,1694.302079
-50.0,50,1695.355716
-50.0,50,1696.415624
-50.0,50,1697.491266
-50.0,50,1698.544061
-50.0,50,1699.594344
-50.0,50,1700.65907
-50.0,50,1701.708644
-50.0,50,1702.767343
-50.0,50,1703.831916
-50.0,50,1704.897336
-50.0,50,1705.952145
-50.0,50,1707.017522
-50.0,50,1708.081331
-50.0,50,1709.146703
-50.0,50,1710.217115
-50.0,50,1711.282926
-50.0,50,1712.365939
-50.0,50,1713.447729
-50.0,50,1714.516041
-50.0,50,1715.598284
-50.0,50,1716.653083
-50.0,50,1717.72292
-50.0,50,1718.805681
-50.0,50,1719.90711
-50.0,50,1720.096868
-50.0,50,1720.246138
-50.0,50,1720.404411
-50.0,50,1720.555709
-50.0,50,1720.735547
-50.0,50,1720.911678
-50.0,50,1721.058404
-50.0,50,1721.229959
-50.0,50,1721.410741
-50.0,50,1721.577249
-50.0,50,1722.66096
-50.0,50,1723.73011
-50.0,50,1724.831089
-50.0,50,1725.913504
-50.0,50,1727.030461
-50.0,50,1728.110409
-50.0,50,1729.18725
-50.0,50,1730.298074
-50.0,50,1731.377357
-50.0,50,1732.463298
-50.0,50,1733.548472
-50.0,50,1734.630007
-50.0,50,1735.705632
-50.0,50,1736.81179
-50.0,50,1737.896696
-50.0,50,1739.017177
-50.0,50,1740.091227
-50.0,50,1741.180146
-50.0,50,1742.282855
-50.0,50,1743.367405
-50.0,50,1744.450075
-50.0,50,1745.562088
-50.0,50,1746.676898
-50.0,50,1747.763596
-50.0,50,1748.858396
-50.0,50,1749.931241
-50.0,50,1751.016116
-50.0,50,1752.088906
-50.0,50,1753.170562
-50.0,50,1754.260207
-50.0,50,1755.351096
-50.0,50,1756.433969
-50.0,50,1757.551139
-50.0,50,1758.652023
-50.0,50,1759.758922
-50.0,50,1760.852382
-50.0,50,1761.927778
-50.0,50,1763.007201
-50.0,50,1764.106299
-50.0,50,1765.212774
-50.0,50,1766.296237
-50.0,50,1767.39437
-50.0,50,1768.48051
-50.0,50,1769.569411
-50.0,50,1770.666814
-50.0,50,1771.78786
-50.0,50,1772.878405
-50.0,50,1774.010412
-50.0,50,1775.127738
-50.0,50,1776.282164
-50.0,50,1776.444019
-50.0,50,1776.634509
-50.0,50,1776.796007
0.0,50,1776.949957
-50.0,50,1777.126613
0.0,50,1777.289912
-50.0,50,1777.469729
-50.0,50,1777.656197
-50.0,50,1777.812526
-50.0,50,1777.973256
-50.0,50,1779.110429
0.0,50,1780.207885
-50.0,50,1781.307038
-50.0,50,1782.397501
-50.0,50,1783.494093
-50.0,50,1784.598722
-50.0,50,1785.699598
-50.0,50,1786.809964
-50.0,50,1787.948522
-50.0,50,1789.040642
-50.0,50,1790.156402
-50.0,50,1791.265254
-50.0,50,1792.338507
-50.0,50,1793.448802
-50.0,50,1794.538943
-50.0,50,1795.695893
-50.0,50,1796.799769
-50.0,50,1797.93144
-50.0,50,1799.017695
-50.0,50,1800.12921
-50.0,50,1801.243028
-50.0,50,1802.400486
-50.0,50,1803.503128
-37.0,50,1804.61358
-50.0,50,1805.725344
-50.0,50,1806.841717
-50.0,50,1807.961832
-50.0,50,1809.07111
-50.0,50,1810.179328
-50.0,50,1811.306353
-50.0,50,1812.419789
-50.0,50,1813.536666
-50.0,50,1814.655846
-50.0,50,1815.793481
-50.0,50,1816.88194
-50.0,50,1818.010152
-50.0,50,1819.129252
-16.0,50,1820.249139
-50.0,50,1821.339646
-50.0,50,1822.433843
-50.0,50,1823.528044
-50.0,50,1824.642177
-50.0,50,1825.772909
-50.0,50,1826.896781
-50.0,50,1828.012277
-50.0,50,1829.134722
-50.0,50,1830.235616
-50.0,50,1831.368926
-50.0,50,1832.503731
-50.0,50,1833.713676
-50.0,50,1833.878225
-50.0,50,1834.035591
-50.0,50,1834.197147
-50.0,50,1834.360778
-50.0,50,1834.530179
-50.0,50,1834.708328
-50.0,50,1834.876436
-50.0,50,1835.053626
-50.0,50,1835.23097
-50.0,50,1835.382268
-50.0,50,1836.523232
-50.0,50,1837.6602
-50.0,50,1838.815508
-50.0,50,1839.949933
-50.0,50,1841.092713
-50.0,50,1842.227173
-50.0,50,1843.409686
-50.0,50,1844.577769
-50.0,50,1845.735842
-50.0,50,1846.867907
-50.0,50,1848.005781
-10.0,50,1849.138236
-50.0,50,1850.266125
-50.0,50,1851.402791
-50.0,50,1852.541693
-50.0,50,1853.66499
-50.0,50,1854.801507
-50.0,50,1855.935912
-50.0,50,1857.08138
-50.0,50,1858.241403
-50.0,50,1859.36057
-50.0,50,1860.504903
-50.0,50,1861.635102
-50.0,50,1862.776924
-50.0,50,1863.922715
-50.0,50,1865.062005
-50.0,50,1866.166128
-50.0,50,1867.29544
-50.0,50,1868.443693
-50.0,50,1869.580961
-50.0,50,1870.709354
-50.0,50,1871.840939
-50.0,50,1872.961292
-50.0,50,1874.096419
-50.0,50,1875.240849
-50.0,50,1876.398857
-48.0,50,1877.553111
-50.0,50,1878.692537
-6.0,50,1879.826622
-50.0,50,1880.987457
-50.0,50,1882.134179
-50.0,50,1883.28051
-50.0,50,1884.401006
-50.0,50,1885.517811
-50.0,50,1886.668033
-50.0,50,1887.811922
-50.0,50,1888.949511
-50.0,50,1890.090214
-50.0,50,1891.233285
-50.0,50,1892.396808
-50.0,50,1892.550945
-50.0,50,1892.721675
-50.0,50,1892.8749
-50.0,50,1893.045362
-50.0,50,1893.242588
-50.0,50,1893.417261
-50.0,50,1893.590217
-50.0,50,1893.768006
-50.0,50,1893.924265
-50.0,50,1894.101276
-50.0,50,1895.253342
-50.0,50,1896.386052
-50.0,50,1897.54955
-50.0,50,1898.700015
-50.0,50,1899.862693
-50.0,50,1901.003123
-50.0,50,1902.137455
0.0,50,1903.287414
-50.0,50,1904.422426
-50.0,50,1905.577431
-50.0,50,1906.710886
-50.0,50,1907.863976
-50.0,50,1909.008005
-50.0,50,1910.140744
-50.0,50,1911.31979
-50.0,50,1912.493387
-50.0,50,1913.650325
-50.0,50,1914.770577
-50.0,50,1915.910803
-50.0,50,1917.060758
-50.0,50,1918.20806
-50.0,50,1919.348706
-50.0,50,1920.468018
-50.0,50,1921.609402
-50.0,50,1922.729023
-50.0,50,1923.874059
-50.0,50,1925.014659
-50.0,50,1926.143554
-50.0,50,1927.284391
-50.0,50,1928.411825
-50.0,50,1929.557097
-50.0,50,1930.704308
-50.0,50,1931.826818
-50.0,50,1932.954438
-50.0,50,1934.108135
-50.0,50,1935.223808
-50.0,50,1936.378224
-50.0,50,1937.539378
-50.0,50,1938.689158
-50.0,50,1939.841214
-50.0,50,1940.99713
-50.0,50,1942.134151
-50.0,50,1943.275778
-50.0,50,1944.442199
-50.0,50,1945.596763
-50.0,50,1946.743018
-50.0,50,1947.898226
-50.0,50,1949.035598
-50.0,50,1950.161137
-50.0,50,1951.337777
-50.0,50,1951.506217
-50.0,50,1951.667773
-50.0,50,1951.844954
-50.0,50,1952.020897
-50.0,50,1952.207647
-50.0,50,1952.362206
-50.0,50,1952.532179
0.0,50,1952.701875
-50.0,50,1952.857394
-50.0,50,1953.029699
-50.0,50,1954.185058
-50.0,50,1955.306458
-50.0,50,1956.458807
-50.0,50,1957.605223
-50.0,50,1958.763448
-50.0,50,1959.920201
-50.0,50,1961.071809
-50.0,50,1962.225034
-50.0,50,1963.367896
-50.0,50,1964.526762
-50.0,50,1965.677369
-50.0,50,1966.835403
-50.0,50,1967.960687
-50.0,50,1969.079458
-50.0,50,1970.225091
-50.0,50,1971.371129
-50.0,50,1972.509412
-50.0,50,1973.646621
-50.0,50,1974.799055
-50.0,50,1975.940748
-50.0,50,1977.093439
-50.0,50,1978.233409
-50.0,50,1979.387865
-50.0,50,1980.530047
-50.0,50,1981.675339
-48.0,50,1982.813378
-50.0,50,1983.955082
-50.0,50,1985.088811
-50.0,50,1986.22908
-50.0,50,1987.381453
-50.0,50,1988.54082
-50.0,50,1989.68648
-50.0,50,1990.804074
-50.0,50,1991.958423
-50.0,50,1993.101656
-50.0,50,1994.246125
-50.0,50,1995.389199
-50.0,50,1996.513313
-50.0,50,1997.648376
-50.0,50,1998.807192
-50.0,50,1999.944967
-50.0,50,2001.09449
-50.0,50,2002.246109
-50.0,50,2003.404762
-50.0,50,2004.528322
-50.0,50,2005.680211
-50.0,50,2006.833788
-48.0,50,2007.994548
-50.0,50,2009.151962
-50.0,50,2010.323933
-50.0,50,2010.495085
-50.0,50,2010.64685
-50.0,50,2010.8263
-50.0,50,2010.999496
-50.0,50,2011.172404
-50.0,50,2011.356489
-50.0,50,2011.521574
-50.0,50,2011.695011
-50.0,50,2011.864971
-50.0,50,2012.032777
-50.0,50,2013.164987
-50.0,50,2014.319397
-50.0,50,2015.472642
-50.0,50,2016.643432
-50.0,50,2017.791949
-50.0,50,2018.943332
-50.0,50,2020.114463
-50.0,50,2021.273606
-50.0,50,2022.433861
-50.0,50,2023.57801
-50.0,50,2024.748396
-50.0,50,2025.888137
-50.0,50,2027.037245
-50.0,50,2028.197527
-50.0,50,2029.365661
-50.0,50,2030.529097
0.0,50,2031.656778
-50.0,50,2032.812734
-50.0,50,2033.945831
-50.0,50,2035.075416
-50.0,50,2036.225545
-50.0,50,2037.380246
-50.0,50,2038.548672
-50.0,50,2039.706601
-50.0,50,2040.865326
-50.0,50,2042.024639
-50.0,50,2043.177665
-50.0,50,2044.337074
-50.0,50,2045.505287
-50.0,50,2046.65819
-50.0,50,2047.793129
-50.0,50,2048.951746
-50.0,50,2050.123741
-50.0,50,2051.279872
-50.0,50,2052.404933
-50.0,50,2053.566072
-50.0,50,2054.739912
-50.0,50,2055.819581
-50.0,50,2056.900839
-50.0,50,2057.978408
-50.0,50,2059.056764
-50.0,50,2060.125801
-50.0,50,2061.208348
-50.0,50,2062.293242
-50.0,50,2063.375124
-50.0,50,2064.438426
-50.0,50,2065.519874
-50.0,50,2066.598841
-50.0,50,2067.690421
-50.0,50,2068.789177
-50.0,50,2068.971013
-50.0,50,2069.130347
-50.0,50,2069.279222
-50.0,50,2069.433303
-50.0,50,2069.593622
-50.0,50,2069.774572
-50.0,50,2069.930234
-50.0,50,2070.096757
-50.0,50,2070.255492
