# {"t_start": 1585716848.8373692, "env_id": "FetchPickAndPlace-v1"} 
r,l,t
-50.0,50,3.810409
-50.0,50,4.837254
-48.0,50,5.783324
-49.0,50,6.731777
-50.0,50,7.672977
-48.0,50,8.61814
-48.0,50,9.577623
-48.0,50,10.52027
-50.0,50,11.481473
-50.0,50,12.448265
-49.0,50,13.412421
-49.0,50,14.382895
-48.0,50,15.342912
-48.0,50,16.317621
-50.0,50,17.28592
-49.0,50,18.257301
-49.0,50,19.244516
-48.0,50,20.236996
-48.0,50,21.234365
-50.0,50,22.240871
-48.0,50,23.272794
-48.0,50,23.451582
-50.0,50,23.609517
-48.0,50,23.789459
-48.0,50,23.96614
-48.0,50,24.146256
-48.0,50,24.328242
-50.0,50,24.500024
-48.0,50,24.676554
-46.0,50,24.852193
-48.0,50,25.062688
-48.0,50,26.066586
-48.0,50,27.070806
-48.0,50,28.087608
-48.0,50,29.101528
-49.0,50,30.103309
-49.0,50,31.121206
-48.0,50,32.151365
-49.0,50,33.190299
-48.0,50,34.2293
-48.0,50,35.280626
-48.0,50,36.326453
-48.0,50,37.375133
-48.0,50,38.43168
-48.0,50,39.476045
-48.0,50,40.547789
-49.0,50,41.61772
-49.0,50,42.687536
-48.0,50,43.75191
-48.0,50,44.818737
-48.0,50,45.903909
-48.0,50,46.073593
-48.0,50,46.245108
-48.0,50,46.418097
-48.0,50,46.591344
-48.0,50,46.760666
-48.0,50,46.932419
-48.0,50,47.117953
-48.0,50,47.296408
-48.0,50,47.477489
-48.0,50,47.649214
-48.0,50,48.729317
-48.0,50,49.813644
-48.0,50,50.925598
-48.0,50,52.039374
-49.0,50,53.136435
-50.0,50,54.239055
-49.0,50,55.342005
-49.0,50,56.454888
-48.0,50,57.564053
-48.0,50,58.67854
-48.0,50,59.788129
-48.0,50,60.901622
-48.0,50,61.95215
-47.0,50,62.99587
-48.0,50,64.040269
-48.0,50,65.091367
-43.0,50,66.139935
-48.0,50,67.201716
-48.0,50,68.257683
-43.0,50,69.315266
-48.0,50,69.492636
-36.0,50,69.659981
-48.0,50,69.838745
-48.0,50,69.999937
-48.0,50,70.183697
-48.0,50,70.350795
-48.0,50,70.527658
-48.0,50,70.681955
-48.0,50,70.854561
-48.0,50,71.031446
-49.0,50,72.178526
-48.0,50,73.329722
-48.0,50,74.484751
-47.0,50,75.639306
-48.0,50,76.799992
-48.0,50,77.956136
-48.0,50,79.121647
-23.0,50,80.286783
-48.0,50,81.452532
-48.0,50,82.625576
-48.0,50,83.797492
-48.0,50,84.974802
-48.0,50,86.153564
-48.0,50,87.337361
-48.0,50,88.522367
-48.0,50,89.711652
-48.0,50,90.902863
-48.0,50,92.099773
-48.0,50,93.29526
-12.0,50,94.489531
-48.0,50,94.661429
-48.0,50,94.838096
-21.0,50,95.018977
-48.0,50,95.202103
-48.0,50,95.390601
-48.0,50,95.571618
-48.0,50,95.751833
-48.0,50,95.922604
-48.0,50,96.123325
-48.0,50,96.295941
-48.0,50,97.501895
-48.0,50,98.683657
-48.0,50,99.8751
-48.0,50,101.067345
-48.0,50,102.28465
-18.0,50,103.484829
-48.0,50,104.691073
-48.0,50,105.917696
-48.0,50,107.144175
-48.0,50,108.370708
-48.0,50,109.611904
-48.0,50,110.842878
-48.0,50,112.071611
-48.0,50,113.302237
-48.0,50,114.546884
-48.0,50,115.793889
-46.0,50,117.044614
-48.0,50,118.308463
-48.0,50,119.571745
-50.0,50,120.857286
-48.0,50,121.025566
-48.0,50,121.201991
-48.0,50,121.374435
-48.0,50,121.536937
-48.0,50,121.716745
-48.0,50,121.894465
-48.0,50,122.063729
-48.0,50,122.232768
-14.0,50,122.408758
-48.0,50,122.577879
-48.0,50,123.859221
-48.0,50,125.132655
-48.0,50,126.38428
-48.0,50,127.646144
-48.0,50,128.909035
-48.0,50,130.223885
-48.0,50,131.466233
-48.0,50,132.745928
-48.0,50,134.024975
-48.0,50,135.281045
-48.0,50,136.567131
-48.0,50,137.833605
-48.0,50,139.110331
-48.0,50,140.38331
-48.0,50,141.663795
-48.0,50,142.940336
-48.0,50,144.205173
-48.0,50,145.468534
-48.0,50,146.715689
-48.0,50,147.986509
-48.0,50,148.167134
-48.0,50,148.352609
-48.0,50,148.523706
-48.0,50,148.697936
-48.0,50,148.856417
-48.0,50,149.011875
-13.0,50,149.186603
-48.0,50,149.351728
-48.0,50,149.504195
-48.0,50,149.676518
-48.0,50,150.944079
-48.0,50,152.218166
-48.0,50,153.504065
-48.0,50,154.793134
-48.0,50,156.073156
-48.0,50,157.372474
-48.0,50,158.646577
-48.0,50,159.93933
-48.0,50,161.238115
-49.0,50,162.543467
-48.0,50,163.836711
-48.0,50,165.134778
-48.0,50,166.437126
-48.0,50,167.735738
-48.0,50,169.029099
-48.0,50,170.328427
-48.0,50,171.635648
-48.0,50,172.934274
-48.0,50,174.234344
-48.0,50,175.558332
-48.0,50,175.727968
-48.0,50,175.908622
-48.0,50,176.081282
-44.0,50,176.258697
-48.0,50,176.423725
-48.0,50,176.607519
-48.0,50,176.787695
-48.0,50,176.953944
-48.0,50,177.126035
-48.0,50,177.29768
-48.0,50,178.606839
-48.0,50,179.923916
-48.0,50,181.242363
-48.0,50,182.56124
-48.0,50,183.879156
-48.0,50,185.203824
-48.0,50,186.538895
-37.0,50,187.872779
-48.0,50,189.200585
-48.0,50,190.533495
-48.0,50,191.870102
-48.0,50,193.204735
-48.0,50,194.538391
-48.0,50,195.874759
-48.0,50,197.209467
-48.0,50,198.558751
-48.0,50,199.893619
-48.0,50,201.235631
-48.0,50,202.567928
-48.0,50,203.934496
-48.0,50,204.111207
-48.0,50,204.288167
-48.0,50,204.45343
-47.0,50,204.622377
-48.0,50,204.798868
-48.0,50,204.979949
-48.0,50,205.145142
-48.0,50,205.309958
-48.0,50,205.483213
-48.0,50,205.644987
-48.0,50,207.00442
-34.0,50,208.357493
-48.0,50,209.72053
-48.0,50,211.093226
-48.0,50,212.472261
-48.0,50,213.837994
-48.0,50,215.226515
-48.0,50,216.606169
-48.0,50,217.980702
-48.0,50,219.356936
-48.0,50,220.731822
-48.0,50,222.11605
-48.0,50,223.506209
-48.0,50,224.90732
-48.0,50,226.301855
-48.0,50,227.697451
-48.0,50,229.11005
-48.0,50,230.513014
-48.0,50,231.923223
-48.0,50,233.331652
-48.0,50,233.502497
-48.0,50,233.679333
-48.0,50,233.844628
-48.0,50,234.019178
-48.0,50,234.17684
-48.0,50,234.352555
-48.0,50,234.519206
-48.0,50,234.689489
-48.0,50,234.866757
-48.0,50,235.029336
-48.0,50,236.429019
-13.0,50,237.848297
-48.0,50,239.256514
-48.0,50,240.674616
-48.0,50,242.093312
-48.0,50,243.51364
-48.0,50,244.934686
-48.0,50,246.363038
-48.0,50,247.79531
-48.0,50,249.234537
-48.0,50,250.674889
-48.0,50,252.121095
-48.0,50,253.56463
-33.0,50,255.027136
-48.0,50,256.470085
-48.0,50,257.92394
-48.0,50,259.372985
-48.0,50,260.831683
-48.0,50,262.283167
-48.0,50,263.745055
-48.0,50,263.90878
-48.0,50,264.086792
-49.0,50,264.271315
-48.0,50,264.42944
-48.0,50,264.592234
-48.0,50,264.750753
-48.0,50,264.915828
-48.0,50,265.090051
-48.0,50,265.263207
-48.0,50,265.415212
-48.0,50,266.88872
-48.0,50,268.372686
-48.0,50,269.850377
-48.0,50,271.340784
-49.0,50,272.823888
-48.0,50,274.313713
-47.0,50,275.753876
-48.0,50,277.178065
-48.0,50,278.606263
-48.0,50,280.034042
-48.0,50,281.469224
-48.0,50,282.900254
-48.0,50,284.335863
-48.0,50,285.770242
-48.0,50,287.206683
-48.0,50,288.654528
-48.0,50,290.094578
-48.0,50,291.545479
-48.0,50,293.001026
-48.0,50,294.461629
-48.0,50,294.612116
-48.0,50,294.767349
-48.0,50,294.925443
-48.0,50,295.081909
-48.0,50,295.244762
-48.0,50,295.406752
-48.0,50,295.565408
-48.0,50,295.727075
-48.0,50,295.87915
-48.0,50,296.03938
-48.0,50,297.501727
-48.0,50,298.968084
-48.0,50,300.430879
-48.0,50,301.892564
-48.0,50,303.361199
-48.0,50,304.826702
-39.0,50,306.303075
-48.0,50,307.768767
-48.0,50,309.238659
-48.0,50,310.721192
-48.0,50,312.189118
-48.0,50,313.681622
-48.0,50,315.156026
-48.0,50,316.63747
-48.0,50,318.130252
-48.0,50,319.61578
-48.0,50,321.107143
-48.0,50,322.599702
-48.0,50,324.092292
-48.0,50,325.591772
-48.0,50,325.758197
-48.0,50,325.91344
-48.0,50,326.075569
-48.0,50,326.241041
-48.0,50,326.418466
-48.0,50,326.577617
-48.0,50,326.737989
-48.0,50,326.90812
-48.0,50,327.060485
-48.0,50,327.218195
-48.0,50,328.710138
-48.0,50,330.208071
-48.0,50,331.709347
-48.0,50,333.206008
-48.0,50,334.714564
-48.0,50,336.231807
-9.0,50,337.753143
-48.0,50,339.260431
-48.0,50,340.773115
-48.0,50,342.294018
-48.0,50,343.816328
-48.0,50,345.33741
-48.0,50,346.872287
-48.0,50,348.40396
-48.0,50,349.941549
-48.0,50,351.478834
-14.0,50,353.01834
-48.0,50,354.550892
-48.0,50,356.092575
-48.0,50,357.647997
-48.0,50,357.808954
-48.0,50,357.977883
-48.0,50,358.135451
-48.0,50,358.29595
-48.0,50,358.453549
-49.0,50,358.616303
-48.0,50,358.775582
-48.0,50,358.940816
-48.0,50,359.115251
-48.0,50,359.284146
-48.0,50,360.883018
-48.0,50,362.483372
-48.0,50,364.086442
-48.0,50,365.702174
-48.0,50,367.302923
-48.0,50,368.911416
-18.0,50,370.523805
-48.0,50,372.140313
-48.0,50,373.747024
-48.0,50,375.364839
-48.0,50,376.986457
-48.0,50,378.622316
-48.0,50,380.244141
-48.0,50,381.879015
-48.0,50,383.51392
-48.0,50,385.158471
-48.0,50,386.812113
-48.0,50,388.453727
-49.0,50,390.092235
-48.0,50,391.757637
-2.0,50,391.927137
-48.0,50,392.099833
-48.0,50,392.255281
-3.0,50,392.412568
-48.0,50,392.571995
-31.0,50,392.732003
-48.0,50,392.904436
-48.0,50,393.065435
-48.0,50,393.236607
-48.0,50,393.400277
-48.0,50,395.045892
-48.0,50,396.693892
-48.0,50,398.343564
-48.0,50,399.990976
-48.0,50,401.644351
-48.0,50,403.316259
-48.0,50,404.978084
-49.0,50,406.641183
-48.0,50,408.290305
-48.0,50,409.94878
-48.0,50,411.629136
-48.0,50,413.299583
-48.0,50,414.973583
-48.0,50,416.660385
-48.0,50,418.337231
-48.0,50,420.026396
-48.0,50,421.711229
-48.0,50,423.399705
-48.0,50,425.090514
-48.0,50,426.779797
-48.0,50,426.957191
-48.0,50,427.120065
-48.0,50,427.292217
-3.0,50,427.470126
-48.0,50,427.641292
-48.0,50,427.809241
-48.0,50,427.97833
-48.0,50,428.143058
-48.0,50,428.317661
-48.0,50,428.485014
-48.0,50,430.194963
-48.0,50,431.907781
-48.0,50,433.627019
-48.0,50,435.351007
-48.0,50,437.073505
-48.0,50,438.801534
-48.0,50,440.530314
-48.0,50,442.250343
-48.0,50,443.975761
-48.0,50,445.72143
-48.0,50,447.467119
-4.0,50,449.214456
-48.0,50,450.966206
-45.0,50,452.713404
-48.0,50,454.459632
-48.0,50,456.208487
-48.0,50,457.957201
-48.0,50,459.717867
-48.0,50,461.484997
-48.0,50,463.268694
-48.0,50,463.433944
-48.0,50,463.602184
-48.0,50,463.761193
-48.0,50,463.91992
-48.0,50,464.078923
-48.0,50,464.237298
-48.0,50,464.397285
-39.0,50,464.566727
-48.0,50,464.726221
-48.0,50,464.890537
-48.0,50,466.654291
-48.0,50,468.431561
-48.0,50,470.235533
-48.0,50,472.033284
-48.0,50,473.825496
-49.0,50,475.599997
-48.0,50,477.395354
-48.0,50,479.157563
-48.0,50,480.941255
-48.0,50,482.721138
-48.0,50,484.499845
-48.0,50,486.272327
-48.0,50,488.054422
-48.0,50,489.852263
-48.0,50,491.640936
-48.0,50,493.427244
-48.0,50,495.217917
-48.0,50,497.014178
-48.0,50,498.81687
-48.0,50,500.63397
-48.0,50,500.805228
-48.0,50,500.971892
-48.0,50,501.145545
-48.0,50,501.314955
-48.0,50,501.485539
-48.0,50,501.658387
-48.0,50,501.840927
-48.0,50,502.012058
-48.0,50,502.167867
-48.0,50,502.323748
-48.0,50,504.11507
-48.0,50,505.944228
-48.0,50,507.76195
-49.0,50,509.574047
-48.0,50,511.39566
-43.0,50,513.217974
-48.0,50,515.044769
-48.0,50,516.861961
-48.0,50,518.668337
-48.0,50,520.502072
-48.0,50,522.329295
-48.0,50,524.163395
-48.0,50,525.998515
-48.0,50,527.825708
-48.0,50,529.663948
-48.0,50,531.50385
-48.0,50,533.334062
-48.0,50,535.174645
-48.0,50,537.020149
-48.0,50,538.880093
-48.0,50,539.045487
-49.0,50,539.222529
-48.0,50,539.398259
-48.0,50,539.559769
-48.0,50,539.718485
-48.0,50,539.884858
-48.0,50,540.063342
-48.0,50,540.233531
-48.0,50,540.413733
-2.0,50,540.588501
-48.0,50,542.444071
-48.0,50,544.310347
-48.0,50,546.170808
-48.0,50,548.037317
-48.0,50,549.922429
-48.0,50,551.796915
-48.0,50,553.66393
-48.0,50,555.539123
-48.0,50,557.411277
-48.0,50,559.300168
-48.0,50,561.174361
-48.0,50,563.063364
-48.0,50,564.94871
-3.0,50,566.827738
-48.0,50,568.71779
-48.0,50,570.618201
-48.0,50,572.515776
-48.0,50,574.416374
-48.0,50,576.325412
-48.0,50,578.249007
-48.0,50,578.40727
-48.0,50,578.574387
-48.0,50,578.747402
-48.0,50,578.926755
-48.0,50,579.101456
-48.0,50,579.271495
-48.0,50,579.442874
-48.0,50,579.612427
-48.0,50,579.791292
-48.0,50,579.962996
-44.0,50,581.884534
-48.0,50,583.809679
-48.0,50,585.73741
-48.0,50,587.678437
-48.0,50,589.602331
-48.0,50,591.557705
-48.0,50,593.487347
-48.0,50,595.432195
-48.0,50,597.383078
-13.0,50,599.34374
-48.0,50,601.300232
-48.0,50,603.25856
-48.0,50,605.219158
-48.0,50,607.181269
-48.0,50,609.138242
-48.0,50,611.092419
-12.0,50,613.066532
-48.0,50,615.037163
-48.0,50,617.000818
-48.0,50,618.99759
-48.0,50,619.167784
-48.0,50,619.332509
-48.0,50,619.500157
-48.0,50,619.667606
-48.0,50,619.849364
-48.0,50,620.020604
-48.0,50,620.194897
-48.0,50,620.385653
-48.0,50,620.563063
-21.0,50,620.732223
-48.0,50,622.688239
-48.0,50,624.62733
-48.0,50,626.582334
-48.0,50,628.537843
-48.0,50,630.489427
-48.0,50,632.450775
-48.0,50,634.398234
-48.0,50,636.357622
-48.0,50,638.31607
-48.0,50,640.290326
-48.0,50,642.261028
-48.0,50,644.235442
-49.0,50,646.201596
-48.0,50,648.16396
-48.0,50,650.146993
-48.0,50,652.1369
-48.0,50,654.115855
-48.0,50,656.105543
-48.0,50,658.085275
-48.0,50,660.078387
-48.0,50,660.238222
-4.0,50,660.411226
-48.0,50,660.578278
-48.0,50,660.745827
-48.0,50,660.90122
-48.0,50,661.074208
-48.0,50,661.247119
-48.0,50,661.406974
-48.0,50,661.568795
-48.0,50,661.744704
-48.0,50,663.731629
-19.0,50,665.732328
-48.0,50,667.730535
-48.0,50,669.738889
-44.0,50,671.744321
-48.0,50,673.742847
-48.0,50,675.732177
-48.0,50,677.752143
-48.0,50,679.760395
-48.0,50,681.787168
-48.0,50,683.80906
-5.0,50,685.831998
-48.0,50,687.858586
-48.0,50,689.882461
-48.0,50,691.911575
-48.0,50,693.929265
-48.0,50,695.944957
-48.0,50,697.971477
-48.0,50,700.007248
-48.0,50,702.044748
-48.0,50,702.197443
-48.0,50,702.359335
-48.0,50,702.533673
-5.0,50,702.698292
-3.0,50,702.878203
-48.0,50,703.041531
-48.0,50,703.206949
-48.0,50,703.382644
-48.0,50,703.540014
-48.0,50,703.712205
-48.0,50,705.753648
-48.0,50,707.802282
-4.0,50,709.86172
-48.0,50,711.909848
-48.0,50,713.964099
-48.0,50,716.010454
-48.0,50,718.054323
-48.0,50,720.122871
-48.0,50,722.197254
-48.0,50,724.259132
-48.0,50,726.322099
-48.0,50,728.395159
-48.0,50,730.468503
-48.0,50,732.541239
-48.0,50,734.605714
-48.0,50,736.68756
-48.0,50,738.755444
-48.0,50,740.844253
-48.0,50,742.926936
-48.0,50,745.013529
-48.0,50,745.173317
-48.0,50,745.334913
-48.0,50,745.501285
-48.0,50,745.688448
-48.0,50,745.865577
-48.0,50,746.035954
-48.0,50,746.193198
-48.0,50,746.366036
-48.0,50,746.532517
-42.0,50,746.693436
-48.0,50,748.783804
-48.0,50,750.918342
-48.0,50,753.015395
-48.0,50,755.126287
-48.0,50,757.221235
-48.0,50,759.320731
-5.0,50,761.425884
-48.0,50,763.526485
-48.0,50,765.625698
-48.0,50,767.727674
-48.0,50,769.846896
-48.0,50,771.960382
-48.0,50,774.078412
-48.0,50,776.206637
-48.0,50,778.329068
-48.0,50,780.466888
-48.0,50,782.589991
-48.0,50,784.710361
-48.0,50,786.842949
-48.0,50,788.985113
-48.0,50,789.160876
-48.0,50,789.358072
-48.0,50,789.535055
-48.0,50,789.704843
-48.0,50,789.878004
-48.0,50,790.043782
-48.0,50,790.214642
-48.0,50,790.375665
-48.0,50,790.552482
-48.0,50,790.724745
-48.0,50,792.875448
-48.0,50,795.027643
-48.0,50,797.185664
-48.0,50,799.348101
-48.0,50,801.50548
-49.0,50,803.672588
-48.0,50,805.836129
-48.0,50,808.004789
-48.0,50,810.187865
-48.0,50,812.356973
-44.0,50,814.533583
-48.0,50,816.716617
-48.0,50,818.88545
-48.0,50,821.067717
-37.0,50,823.244308
-48.0,50,825.418521
-48.0,50,827.5953
-48.0,50,829.775513
-48.0,50,831.971548
-47.0,50,834.181917
-6.0,50,834.347993
-48.0,50,834.5249
-48.0,50,834.702181
-48.0,50,834.88861
-48.0,50,835.058462
-48.0,50,835.238058
-48.0,50,835.416027
-48.0,50,835.601699
-48.0,50,835.777938
-48.0,50,835.957462
-9.0,50,838.159755
-44.0,50,840.367805
-45.0,50,842.572659
-24.0,50,844.791588
-48.0,50,847.007889
-48.0,50,849.219384
-48.0,50,851.430819
-48.0,50,853.642039
-36.0,50,855.867404
-48.0,50,858.096479
-48.0,50,860.343843
-48.0,50,862.578554
-5.0,50,864.819673
-48.0,50,867.055538
-48.0,50,869.281558
-48.0,50,871.522702
-48.0,50,873.758836
-13.0,50,876.011558
-48.0,50,878.246302
-48.0,50,880.489961
-48.0,50,880.659979
-4.0,50,880.826292
-48.0,50,880.984188
-48.0,50,881.153874
-48.0,50,881.323753
-48.0,50,881.492876
-48.0,50,881.650631
-48.0,50,881.813385
-48.0,50,881.982481
-48.0,50,882.138564
-48.0,50,884.408092
-7.0,50,886.671512
-48.0,50,888.923151
-48.0,50,891.195155
-48.0,50,893.470552
-48.0,50,895.723411
-48.0,50,897.987464
-48.0,50,900.255801
-48.0,50,902.530467
-48.0,50,904.797902
-48.0,50,907.066435
-3.0,50,909.339842
-48.0,50,911.622875
-48.0,50,913.91396
-48.0,50,916.210324
-48.0,50,918.505712
-48.0,50,920.801792
-48.0,50,923.10099
-48.0,50,925.406713
-48.0,50,927.716856
-48.0,50,927.890518
-48.0,50,928.057997
-48.0,50,928.221016
-48.0,50,928.393657
-48.0,50,928.571765
-48.0,50,928.742225
-48.0,50,928.908385
-48.0,50,929.079091
-4.0,50,929.25749
-48.0,50,929.427082
-48.0,50,931.730632
-48.0,50,934.026169
-48.0,50,936.313146
-48.0,50,938.631099
-48.0,50,940.937695
-48.0,50,943.250462
-48.0,50,945.554722
-48.0,50,947.87807
-48.0,50,950.179392
-48.0,50,952.505325
-48.0,50,954.824882
-48.0,50,957.144888
-48.0,50,959.460727
-48.0,50,961.799126
-48.0,50,964.12073
-48.0,50,966.461559
-48.0,50,968.793034
-48.0,50,971.123121
-48.0,50,973.466431
-48.0,50,975.805402
-48.0,50,975.984617
-19.0,50,976.146574
-48.0,50,976.315401
-48.0,50,976.489067
-48.0,50,976.659232
-48.0,50,976.830199
-48.0,50,977.01039
-4.0,50,977.184453
-48.0,50,977.366829
-48.0,50,977.545736
-48.0,50,979.889417
-7.0,50,982.240178
-48.0,50,984.611753
-48.0,50,986.953458
-48.0,50,989.303988
-48.0,50,991.660274
-48.0,50,994.000187
-46.0,50,996.474371
-46.0,50,998.854601
-48.0,50,1001.212569
-48.0,50,1003.568516
-48.0,50,1005.927262
-48.0,50,1008.30461
-48.0,50,1010.678187
-48.0,50,1013.052186
-48.0,50,1015.430188
-48.0,50,1017.805167
-48.0,50,1020.190185
-48.0,50,1022.566877
-11.0,50,1024.955502
-48.0,50,1025.123611
-48.0,50,1025.279309
-48.0,50,1025.452314
-48.0,50,1025.626889
-48.0,50,1025.787914
-48.0,50,1025.961142
-48.0,50,1026.133798
-48.0,50,1026.303071
-48.0,50,1026.472299
-9.0,50,1026.640629
-48.0,50,1029.046633
-48.0,50,1031.447329
-48.0,50,1033.85159
-48.0,50,1036.261739
-48.0,50,1038.671118
-48.0,50,1041.068412
-48.0,50,1043.478614
-48.0,50,1045.88386
-17.0,50,1048.294422
-48.0,50,1050.707962
-48.0,50,1053.128702
-48.0,50,1055.544193
-48.0,50,1057.962907
-48.0,50,1060.387111
-48.0,50,1062.819942
-48.0,50,1065.252004
-48.0,50,1067.691618
-48.0,50,1070.115855
-8.0,50,1072.561158
-48.0,50,1075.002042
-48.0,50,1075.179141
-48.0,50,1075.35143
-48.0,50,1075.524009
-48.0,50,1075.682413
-48.0,50,1075.839055
-48.0,50,1075.999138
-48.0,50,1076.163556
-17.0,50,1076.335174
-48.0,50,1076.510005
-48.0,50,1076.677993
-48.0,50,1079.106811
-48.0,50,1081.545636
-48.0,50,1083.986211
-48.0,50,1086.438712
-48.0,50,1088.883395
-48.0,50,1091.316664
-48.0,50,1093.761087
-48.0,50,1096.196928
-48.0,50,1098.648373
-48.0,50,1101.106064
-48.0,50,1103.54765
-48.0,50,1105.991166
-48.0,50,1108.442421
-48.0,50,1110.907002
-48.0,50,1113.355449
-48.0,50,1115.814283
-48.0,50,1118.260202
-48.0,50,1120.716447
-49.0,50,1123.175203
-48.0,50,1125.656579
-48.0,50,1125.812099
-48.0,50,1125.984344
-48.0,50,1126.140489
-48.0,50,1126.320649
-48.0,50,1126.488109
-48.0,50,1126.644819
-4.0,50,1126.805444
-48.0,50,1126.968649
-48.0,50,1127.144838
-48.0,50,1127.305181
-48.0,50,1129.810581
-48.0,50,1132.314652
-48.0,50,1134.815131
-48.0,50,1137.324258
-48.0,50,1139.834959
-48.0,50,1142.355855
-49.0,50,1144.867993
-48.0,50,1147.38967
-48.0,50,1149.927297
-48.0,50,1152.452563
-48.0,50,1154.980081
-48.0,50,1157.513179
-48.0,50,1160.035396
-48.0,50,1162.574692
-48.0,50,1165.099666
-48.0,50,1167.641649
-48.0,50,1170.181957
-48.0,50,1172.72012
-48.0,50,1175.247566
-48.0,50,1177.805283
-48.0,50,1177.974087
-48.0,50,1178.145843
-48.0,50,1178.313498
-48.0,50,1178.486465
-11.0,50,1178.666324
-48.0,50,1178.850784
-48.0,50,1179.037558
-48.0,50,1179.213572
-48.0,50,1179.395113
-48.0,50,1179.56594
-48.0,50,1182.116006
-42.0,50,1184.668441
-48.0,50,1187.229399
-48.0,50,1189.795798
-48.0,50,1192.355802
-48.0,50,1194.919141
-48.0,50,1197.484279
-48.0,50,1200.066747
-48.0,50,1202.633271
-48.0,50,1205.198365
-48.0,50,1207.777362
-48.0,50,1210.375889
-48.0,50,1212.95862
-48.0,50,1215.535985
-48.0,50,1218.113404
-48.0,50,1220.739547
-47.0,50,1223.317368
-48.0,50,1225.919065
-48.0,50,1228.523051
-48.0,50,1231.142656
-48.0,50,1231.323541
-48.0,50,1231.531373
-4.0,50,1231.708791
-48.0,50,1231.884396
-48.0,50,1232.056957
-48.0,50,1232.218479
-48.0,50,1232.420135
-48.0,50,1232.606133
-48.0,50,1232.77605
-42.0,50,1232.956797
-48.0,50,1235.54606
-48.0,50,1238.127559
-6.0,50,1240.723488
-48.0,50,1243.319291
-48.0,50,1245.912545
-48.0,50,1248.511464
-48.0,50,1251.126165
-48.0,50,1253.746042
-48.0,50,1256.344375
-48.0,50,1258.953642
-48.0,50,1261.562454
-48.0,50,1264.16607
-48.0,50,1266.774433
-48.0,50,1269.394552
-48.0,50,1272.000654
-48.0,50,1274.619061
-48.0,50,1277.243771
-48.0,50,1279.854534
-3.0,50,1282.482207
-48.0,50,1285.114627
-48.0,50,1285.289112
-48.0,50,1285.470787
-48.0,50,1285.655524
-48.0,50,1285.826305
-48.0,50,1285.999509
-48.0,50,1286.175406
-48.0,50,1286.339424
-29.0,50,1286.52395
-48.0,50,1286.701279
-48.0,50,1286.881502
-48.0,50,1289.530728
-48.0,50,1292.176908
-48.0,50,1294.817938
-48.0,50,1297.456485
-48.0,50,1300.120347
-48.0,50,1302.758763
-48.0,50,1305.392745
-8.0,50,1308.055409
-48.0,50,1310.708331
-48.0,50,1313.400067
-48.0,50,1316.060915
-48.0,50,1318.733663
-48.0,50,1321.409542
-48.0,50,1324.092895
-26.0,50,1326.767503
-14.0,50,1329.423937
-48.0,50,1332.116927
-48.0,50,1334.779619
-48.0,50,1337.468601
-50.0,50,1340.168004
-48.0,50,1340.351717
-48.0,50,1340.525731
-3.0,50,1340.708772
-48.0,50,1340.89976
-48.0,50,1341.080092
-48.0,50,1341.262919
-48.0,50,1341.467736
-48.0,50,1341.664852
-48.0,50,1341.828604
-12.0,50,1342.025326
-48.0,50,1344.714792
-48.0,50,1347.378649
-5.0,50,1350.057252
-48.0,50,1352.712577
-48.0,50,1355.361094
-48.0,50,1358.022515
-48.0,50,1360.694691
-48.0,50,1363.374102
-48.0,50,1366.032927
-26.0,50,1368.702267
-48.0,50,1371.378676
-48.0,50,1374.034684
-48.0,50,1376.695259
-48.0,50,1379.370239
-48.0,50,1382.021598
-48.0,50,1384.691642
-48.0,50,1387.374188
-48.0,50,1390.052181
-48.0,50,1392.740179
-48.0,50,1395.454719
-48.0,50,1395.636882
-48.0,50,1395.788402
-48.0,50,1395.968561
-48.0,50,1396.171589
-48.0,50,1396.320535
-48.0,50,1396.510989
-48.0,50,1396.684635
-48.0,50,1396.843245
-48.0,50,1397.024403
-48.0,50,1397.176028
-48.0,50,1399.857874
-48.0,50,1402.567857
-48.0,50,1405.29554
-48.0,50,1407.996198
-48.0,50,1410.705359
-48.0,50,1413.411594
-16.0,50,1416.120533
-48.0,50,1418.826287
-48.0,50,1421.529743
-48.0,50,1424.251408
-48.0,50,1426.958958
-48.0,50,1429.66944
-48.0,50,1432.404103
-48.0,50,1435.139244
-48.0,50,1437.858383
-48.0,50,1440.594157
-9.0,50,1443.316968
-48.0,50,1446.054383
-48.0,50,1448.790794
-48.0,50,1451.532353
-48.0,50,1451.704908
-48.0,50,1451.896448
-48.0,50,1452.065919
-48.0,50,1452.230533
-5.0,50,1452.394348
-48.0,50,1452.553569
-48.0,50,1452.740355
-48.0,50,1452.928155
-48.0,50,1453.106482
-48.0,50,1453.274908
-15.0,50,1456.012254
-48.0,50,1458.781698
-48.0,50,1461.523174
-48.0,50,1464.275373
-48.0,50,1467.018187
-48.0,50,1469.770896
-48.0,50,1472.514156
-48.0,50,1475.292011
-48.0,50,1478.060838
-48.0,50,1480.839844
-46.0,50,1483.60714
-48.0,50,1486.373056
-48.0,50,1489.158107
-48.0,50,1491.946284
-48.0,50,1494.738126
-48.0,50,1497.520674
-48.0,50,1500.315175
-48.0,50,1503.094814
-48.0,50,1505.865516
-48.0,50,1508.680912
-48.0,50,1508.857219
-48.0,50,1509.026986
-48.0,50,1509.197134
-48.0,50,1509.37709
-48.0,50,1509.557276
-48.0,50,1509.723395
-48.0,50,1509.895871
-48.0,50,1510.082778
-48.0,50,1510.260799
-48.0,50,1510.437365
-48.0,50,1513.301164
-48.0,50,1516.163314
-48.0,50,1519.020478
-48.0,50,1521.850843
-48.0,50,1524.669983
-48.0,50,1527.509413
-48.0,50,1530.373409
-48.0,50,1533.219492
-48.0,50,1536.060354
-48.0,50,1538.91589
-48.0,50,1541.771069
-44.0,50,1544.63096
-48.0,50,1547.492343
-48.0,50,1550.368817
-48.0,50,1553.250254
-48.0,50,1556.113681
-48.0,50,1558.994975
-48.0,50,1561.8847
-48.0,50,1564.760497
-48.0,50,1567.638598
-48.0,50,1567.838849
-48.0,50,1567.99726
-48.0,50,1568.18539
-48.0,50,1568.367166
-48.0,50,1568.550369
-48.0,50,1568.727895
-48.0,50,1568.897868
-48.0,50,1569.070187
-48.0,50,1569.242394
-48.0,50,1569.41905
-48.0,50,1572.290638
-48.0,50,1575.142043
-48.0,50,1578.003655
-48.0,50,1580.893381
-48.0,50,1583.768684
-48.0,50,1586.640502
-44.0,50,1589.498517
-48.0,50,1592.363658
-15.0,50,1595.236593
-48.0,50,1598.128033
-48.0,50,1601.015175
-7.0,50,1603.900713
-48.0,50,1606.79452
-48.0,50,1609.684428
-48.0,50,1612.577456
-48.0,50,1615.508033
-48.0,50,1618.403671
-48.0,50,1621.315176
-48.0,50,1624.226242
-48.0,50,1627.152687
-48.0,50,1627.326903
-48.0,50,1627.492959
-48.0,50,1627.675038
-48.0,50,1627.852127
-48.0,50,1628.012425
-48.0,50,1628.193119
-48.0,50,1628.364839
-48.0,50,1628.55441
-48.0,50,1628.740623
-48.0,50,1628.903958
-48.0,50,1631.832262
-48.0,50,1634.771428
-48.0,50,1637.734551
-48.0,50,1640.63348
-48.0,50,1643.550166
-48.0,50,1646.497098
-48.0,50,1649.407138
-48.0,50,1652.339171
-48.0,50,1655.271247
-48.0,50,1658.220719
-48.0,50,1661.154552
-48.0,50,1664.101025
-8.0,50,1667.038859
-48.0,50,1669.994823
-48.0,50,1672.959261
-48.0,50,1675.910906
-48.0,50,1678.889827
-17.0,50,1681.839004
-48.0,50,1684.788268
-48.0,50,1687.731656
-48.0,50,1687.913647
-48.0,50,1688.075734
-48.0,50,1688.251558
-48.0,50,1688.41322
-48.0,50,1688.617134
-48.0,50,1688.793652
-48.0,50,1688.954987
-48.0,50,1689.130728
-48.0,50,1689.305406
-48.0,50,1689.465256
-48.0,50,1692.428388
-48.0,50,1695.378938
-48.0,50,1698.352046
-48.0,50,1701.334292
-6.0,50,1704.294228
-48.0,50,1707.26323
-48.0,50,1710.256344
-48.0,50,1713.254206
-48.0,50,1716.24595
-48.0,50,1719.246658
-48.0,50,1722.246518
-48.0,50,1725.246726
-48.0,50,1728.247987
-48.0,50,1731.258976
-48.0,50,1734.251567
-48.0,50,1737.254625
-48.0,50,1740.254103
-48.0,50,1743.260132
-48.0,50,1746.266428
-48.0,50,1749.298832
-48.0,50,1749.4857
-48.0,50,1749.666998
-48.0,50,1749.84006
-48.0,50,1750.008986
-48.0,50,1750.186835
-48.0,50,1750.344547
-46.0,50,1750.522692
-48.0,50,1750.679521
-48.0,50,1750.863746
-48.0,50,1751.036086
-48.0,50,1754.06422
-49.0,50,1757.090127
-48.0,50,1760.132669
-48.0,50,1763.182357
-48.0,50,1766.21485
-20.0,50,1769.244967
-49.0,50,1772.277147
-48.0,50,1775.302659
-48.0,50,1778.342382
-48.0,50,1781.388936
-5.0,50,1784.411691
-48.0,50,1787.470301
-48.0,50,1790.516985
-48.0,50,1793.576027
-48.0,50,1796.619884
-48.0,50,1799.697287
-48.0,50,1802.755811
-48.0,50,1805.821357
-48.0,50,1808.869356
-48.0,50,1811.922991
-48.0,50,1812.100555
-48.0,50,1812.278879
-48.0,50,1812.463064
-48.0,50,1812.663352
-47.0,50,1812.860618
-48.0,50,1813.03724
-15.0,50,1813.2169
-48.0,50,1813.386253
-48.0,50,1813.562879
-9.0,50,1813.735732
-48.0,50,1816.797091
-48.0,50,1819.886371
-48.0,50,1822.950844
-48.0,50,1826.032686
-48.0,50,1829.11003
-48.0,50,1832.180114
-48.0,50,1835.247879
-48.0,50,1838.338171
-48.0,50,1841.401143
-48.0,50,1844.504618
-48.0,50,1847.585565
-48.0,50,1850.703548
-48.0,50,1853.795933
-48.0,50,1856.893677
-48.0,50,1859.97354
-48.0,50,1863.065432
-47.0,50,1866.15992
-48.0,50,1869.27297
-48.0,50,1872.388479
-48.0,50,1875.50851
-48.0,50,1875.676755
-48.0,50,1875.837103
-48.0,50,1876.004217
-48.0,50,1876.1697
-48.0,50,1876.337631
-48.0,50,1876.524458
-48.0,50,1876.70796
-48.0,50,1876.887472
-48.0,50,1877.052269
-48.0,50,1877.220648
-48.0,50,1880.333378
-48.0,50,1883.456458
-48.0,50,1886.572639
-48.0,50,1889.680296
-38.0,50,1892.791794
-23.0,50,1895.927835
-48.0,50,1899.065872
-48.0,50,1902.21029
-45.0,50,1905.336761
-48.0,50,1908.467485
-48.0,50,1911.606122
-48.0,50,1914.769195
-48.0,50,1917.915195
-48.0,50,1921.070047
-13.0,50,1924.210356
-48.0,50,1927.370987
-48.0,50,1930.528717
-48.0,50,1933.689188
-48.0,50,1936.855428
-36.0,50,1940.027493
-48.0,50,1940.188517
-48.0,50,1940.356741
-48.0,50,1940.531728
-7.0,50,1940.70261
-48.0,50,1940.879737
-48.0,50,1941.060623
-48.0,50,1941.241328
-48.0,50,1941.422945
-48.0,50,1941.595242
-48.0,50,1941.765974
-43.0,50,1944.936032
-48.0,50,1948.102674
-48.0,50,1951.290972
-48.0,50,1954.456056
-48.0,50,1957.630007
-48.0,50,1960.815345
-48.0,50,1963.9992
-48.0,50,1967.184566
-48.0,50,1970.375129
-48.0,50,1973.574217
-48.0,50,1976.760519
-48.0,50,1979.965573
-48.0,50,1983.166078
-48.0,50,1986.361369
-48.0,50,1989.554395
-34.0,50,1992.749822
-48.0,50,1995.945968
-26.0,50,1999.147346
-48.0,50,2002.341665
-48.0,50,2005.562504
-48.0,50,2005.771487
-48.0,50,2005.949069
-48.0,50,2006.138868
-48.0,50,2006.301575
-48.0,50,2006.492656
-48.0,50,2006.674159
-48.0,50,2006.855221
-48.0,50,2007.046147
-48.0,50,2007.223085
-48.0,50,2007.418315
-48.0,50,2010.633312
-48.0,50,2013.853167
-48.0,50,2017.080929
-3.0,50,2020.308976
-48.0,50,2023.551205
-48.0,50,2026.794638
-48.0,50,2030.023957
-48.0,50,2033.261174
-48.0,50,2036.507317
-48.0,50,2039.755319
-48.0,50,2042.996335
-48.0,50,2046.24953
-48.0,50,2049.500565
-25.0,50,2052.777299
-48.0,50,2056.026276
-48.0,50,2059.303497
-48.0,50,2062.554873
-48.0,50,2065.816699
-5.0,50,2069.081643
-48.0,50,2072.35403
-48.0,50,2072.527171
-48.0,50,2072.715116
-48.0,50,2072.888871
-48.0,50,2073.065128
-48.0,50,2073.233981
-48.0,50,2073.41331
-17.0,50,2073.582796
-48.0,50,2073.757659
-48.0,50,2073.917868
-48.0,50,2074.086594
-48.0,50,2077.355056
-48.0,50,2080.627144
-48.0,50,2083.893515
-48.0,50,2087.163579
-48.0,50,2090.421417
-48.0,50,2093.701952
-48.0,50,2096.961376
-48.0,50,2100.229521
-46.0,50,2103.498558
-48.0,50,2106.783061
-48.0,50,2110.064442
-48.0,50,2113.355298
-48.0,50,2116.630888
-48.0,50,2119.924424
-6.0,50,2123.209356
-48.0,50,2126.515585
-48.0,50,2129.801492
-48.0,50,2133.103342
-48.0,50,2136.397264
-48.0,50,2139.720684
-48.0,50,2139.898764
-48.0,50,2140.08147
-48.0,50,2140.259955
-48.0,50,2140.436999
-48.0,50,2140.616796
-48.0,50,2140.788824
-48.0,50,2140.970211
-48.0,50,2141.15465
-48.0,50,2141.352966
-48.0,50,2141.526021
-48.0,50,2144.857972
-48.0,50,2148.179656
-48.0,50,2151.516505
-49.0,50,2154.823835
-11.0,50,2158.153735
-48.0,50,2161.469867
-48.0,50,2164.785343
-48.0,50,2168.103966
-48.0,50,2171.418876
-48.0,50,2174.75882
-48.0,50,2178.091053
-48.0,50,2181.43472
-48.0,50,2184.794859
-48.0,50,2188.128502
-48.0,50,2191.477414
-48.0,50,2194.847628
-48.0,50,2198.183644
-17.0,50,2201.541938
-48.0,50,2204.889542
-48.0,50,2208.241403
-4.0,50,2208.44564
-42.0,50,2208.62793
-48.0,50,2208.812401
-48.0,50,2208.990162
-48.0,50,2209.165196
-48.0,50,2209.334668
-48.0,50,2209.509104
-48.0,50,2209.689732
-48.0,50,2209.8677
-48.0,50,2210.043774
-48.0,50,2213.444414
-48.0,50,2216.818526
-48.0,50,2220.210078
-48.0,50,2223.600511
-48.0,50,2226.977751
-48.0,50,2230.371959
-48.0,50,2233.764569
-48.0,50,2237.167207
-2.0,50,2240.539107
-48.0,50,2243.928654
-48.0,50,2247.323956
-48.0,50,2250.710621
-44.0,50,2254.103447
-48.0,50,2257.517836
-48.0,50,2260.929221
-48.0,50,2264.350607
-48.0,50,2267.766459
-48.0,50,2271.185063
-48.0,50,2274.603934
-48.0,50,2278.054536
-4.0,50,2278.231862
-48.0,50,2278.415206
-48.0,50,2278.600464
-48.0,50,2278.777424
-48.0,50,2278.953786
-48.0,50,2279.116124
-48.0,50,2279.301883
-48.0,50,2279.476161
-48.0,50,2279.668058
-48.0,50,2279.852437
-48.0,50,2283.271816
-48.0,50,2286.711497
-48.0,50,2290.149309
-48.0,50,2293.558928
-4.0,50,2296.981968
-48.0,50,2300.40898
-24.0,50,2303.811339
-48.0,50,2307.21536
-48.0,50,2310.631716
-48.0,50,2314.058465
-48.0,50,2317.477942
-21.0,50,2320.896058
-48.0,50,2324.332769
-48.0,50,2327.768745
-48.0,50,2331.202374
-48.0,50,2334.64913
-48.0,50,2338.089488
-48.0,50,2341.538965
-48.0,50,2344.973787
-48.0,50,2348.432435
-48.0,50,2348.607011
-48.0,50,2348.81365
-48.0,50,2348.98154
-48.0,50,2349.148852
-43.0,50,2349.321582
-48.0,50,2349.501706
-48.0,50,2349.664074
-48.0,50,2349.842885
-48.0,50,2350.008285
-48.0,50,2350.189403
-48.0,50,2353.632665
-48.0,50,2357.092072
-48.0,50,2360.541016
-48.0,50,2363.986202
-48.0,50,2367.424394
-48.0,50,2370.883268
-48.0,50,2374.337462
-48.0,50,2377.800894
-48.0,50,2381.261442
-48.0,50,2384.722564
-48.0,50,2388.183758
-48.0,50,2391.650434
-48.0,50,2395.120013
-48.0,50,2398.609944
-48.0,50,2402.107734
-48.0,50,2405.573733
-48.0,50,2409.039431
-48.0,50,2412.525524
-48.0,50,2416.000071
-48.0,50,2419.516266
-48.0,50,2419.680877
-48.0,50,2419.853314
-48.0,50,2420.0241
-48.0,50,2420.202171
-48.0,50,2420.380929
-47.0,50,2420.55201
-45.0,50,2420.738754
-48.0,50,2420.928271
-12.0,50,2421.100633
-48.0,50,2421.279477
-48.0,50,2424.773238
-48.0,50,2428.280271
-48.0,50,2431.802799
-48.0,50,2435.30731
-24.0,50,2438.820477
-48.0,50,2442.343403
-28.0,50,2445.861181
-48.0,50,2449.388742
-48.0,50,2452.908266
-48.0,50,2456.444936
-48.0,50,2459.977299
-48.0,50,2463.513388
-48.0,50,2467.063921
-48.0,50,2470.605112
-48.0,50,2474.150483
-48.0,50,2477.700963
-48.0,50,2481.245025
-48.0,50,2484.794217
-13.0,50,2488.334392
-48.0,50,2491.920901
-30.0,50,2492.097496
-48.0,50,2492.280798
-48.0,50,2492.450985
-20.0,50,2492.642141
-48.0,50,2492.822682
-5.0,50,2492.98952
-48.0,50,2493.174097
-48.0,50,2493.345487
-48.0,50,2493.519221
-48.0,50,2493.705734
-48.0,50,2497.296941
-48.0,50,2500.879105
-48.0,50,2504.457737
-48.0,50,2508.028028
-48.0,50,2511.621522
-48.0,50,2515.22546
-6.0,50,2518.811417
-48.0,50,2522.406605
-48.0,50,2526.0083
-48.0,50,2529.604218
-48.0,50,2533.176829
-48.0,50,2536.769852
-48.0,50,2540.374174
-48.0,50,2544.023198
-48.0,50,2547.623633
-48.0,50,2551.236625
-48.0,50,2554.819031
-48.0,50,2558.417053
-48.0,50,2562.018814
-11.0,50,2565.636024
-48.0,50,2565.809799
-7.0,50,2565.989081
-48.0,50,2566.152084
-48.0,50,2566.324227
-48.0,50,2566.487017
-48.0,50,2566.653115
-8.0,50,2566.829312
-48.0,50,2566.992495
-48.0,50,2567.161824
-47.0,50,2567.340489
-48.0,50,2570.962209
-48.0,50,2574.675866
-48.0,50,2578.305484
-48.0,50,2581.938636
-48.0,50,2585.558212
-48.0,50,2589.206123
-48.0,50,2592.831607
-48.0,50,2596.467977
-36.0,50,2600.093396
-48.0,50,2603.728651
-48.0,50,2607.367241
-48.0,50,2611.014539
-48.0,50,2614.649543
-48.0,50,2618.298894
-48.0,50,2621.950866
-48.0,50,2625.610758
-48.0,50,2629.261068
-48.0,50,2633.007689
-48.0,50,2636.650759
-48.0,50,2640.324857
-48.0,50,2640.489916
-48.0,50,2640.680625
-48.0,50,2640.872787
-40.0,50,2641.046188
-48.0,50,2641.226146
-48.0,50,2641.400968
-48.0,50,2641.570832
-48.0,50,2641.754777
-48.0,50,2641.929958
-48.0,50,2642.104846
-48.0,50,2645.780471
-48.0,50,2649.464122
-48.0,50,2653.153263
-8.0,50,2656.838458
-48.0,50,2660.538769
-48.0,50,2664.241307
-41.0,50,2667.937385
-48.0,50,2671.632344
-48.0,50,2675.306895
-48.0,50,2679.008113
-48.0,50,2682.699137
-48.0,50,2686.387694
-21.0,50,2690.079975
-48.0,50,2693.790482
-7.0,50,2697.486559
-48.0,50,2701.202482
-48.0,50,2704.910035
-48.0,50,2708.609496
-47.0,50,2712.31585
-44.0,50,2716.032506
-15.0,50,2716.20406
-48.0,50,2716.375226
-38.0,50,2716.553717
-48.0,50,2716.730295
-4.0,50,2716.893582
-48.0,50,2717.066105
-48.0,50,2717.23972
-48.0,50,2717.423755
-48.0,50,2717.603649
-48.0,50,2717.776797
-48.0,50,2721.481736
-48.0,50,2725.201299
-48.0,50,2728.931305
-48.0,50,2732.631808
-5.0,50,2736.342761
-48.0,50,2740.058901
-48.0,50,2743.775488
-48.0,50,2747.518778
-48.0,50,2751.251788
-48.0,50,2754.966455
-48.0,50,2758.682274
-48.0,50,2762.398066
-48.0,50,2766.107359
-48.0,50,2769.842513
-48.0,50,2773.537473
-48.0,50,2777.267632
-48.0,50,2781.002644
-48.0,50,2784.739567
-16.0,50,2788.454455
-48.0,50,2792.201578
-48.0,50,2792.378955
-48.0,50,2792.566711
-48.0,50,2792.739206
-48.0,50,2792.918019
-18.0,50,2793.099937
-48.0,50,2793.27685
-25.0,50,2793.456006
-48.0,50,2793.634502
-48.0,50,2793.814765
-48.0,50,2793.987774
-48.0,50,2797.743234
-48.0,50,2801.491568
-48.0,50,2805.25912
-48.0,50,2809.014291
-48.0,50,2812.765207
-4.0,50,2816.517506
-48.0,50,2820.288646
-43.0,50,2824.041563
-48.0,50,2827.803736
-48.0,50,2831.57459
-48.0,50,2835.335033
-48.0,50,2839.093105
-35.0,50,2842.860741
-48.0,50,2846.623626
-48.0,50,2850.398822
-42.0,50,2854.180531
-48.0,50,2857.937145
-24.0,50,2861.71562
-48.0,50,2865.477417
-48.0,50,2869.271544
-48.0,50,2869.453647
-48.0,50,2869.642605
-48.0,50,2869.807989
-48.0,50,2869.969436
-48.0,50,2870.145073
-41.0,50,2870.328944
-48.0,50,2870.499912
-48.0,50,2870.678854
-48.0,50,2870.846326
-48.0,50,2871.01185
-48.0,50,2874.799126
-48.0,50,2878.606134
-48.0,50,2882.416604
-35.0,50,2886.201363
-40.0,50,2889.984899
-48.0,50,2893.773655
-48.0,50,2897.564528
-48.0,50,2901.396861
-43.0,50,2905.184393
-48.0,50,2908.98563
-46.0,50,2912.786214
-48.0,50,2916.601286
-48.0,50,2920.405453
-48.0,50,2924.222572
-48.0,50,2928.026091
-38.0,50,2931.847485
-48.0,50,2935.648825
-48.0,50,2939.481939
-48.0,50,2943.302599
-48.0,50,2947.129623
-48.0,50,2947.307927
-48.0,50,2947.490604
-48.0,50,2947.66572
-48.0,50,2947.854447
-48.0,50,2948.015976
-48.0,50,2948.184826
-48.0,50,2948.349586
-28.0,50,2948.517671
-4.0,50,2948.685475
-48.0,50,2948.852185
-48.0,50,2952.686585
-23.0,50,2956.512216
-48.0,50,2960.361424
-48.0,50,2964.194018
-48.0,50,2968.020873
-48.0,50,2971.8649
-48.0,50,2975.692539
-48.0,50,2979.535273
-48.0,50,2983.379055
-48.0,50,2987.243642
-48.0,50,2991.079669
-48.0,50,2994.949827
-48.0,50,2998.801115
-12.0,50,3002.667584
-3.0,50,3006.522261
-48.0,50,3010.404456
-48.0,50,3014.249436
-48.0,50,3018.129204
-48.0,50,3022.009252
-48.0,50,3025.889028
-48.0,50,3026.066306
-43.0,50,3026.241697
-48.0,50,3026.415592
-48.0,50,3026.576627
-48.0,50,3026.753323
-48.0,50,3026.915312
-48.0,50,3027.094676
-9.0,50,3027.274101
-48.0,50,3027.450574
-48.0,50,3027.621009
-8.0,50,3031.514374
-14.0,50,3035.40717
-48.0,50,3039.304772
-48.0,50,3043.20157
-48.0,50,3047.102811
-48.0,50,3051.001419
-48.0,50,3054.899284
-14.0,50,3058.79994
-41.0,50,3062.7022
-48.0,50,3066.615077
-48.0,50,3070.53586
-48.0,50,3074.439082
-48.0,50,3078.356437
-37.0,50,3082.268717
-49.0,50,3086.18597
-5.0,50,3090.099026
-30.0,50,3094.018113
-48.0,50,3097.951637
-48.0,50,3101.881639
-48.0,50,3105.805384
-48.0,50,3105.985356
-48.0,50,3106.160159
-48.0,50,3106.349186
-48.0,50,3106.52329
-48.0,50,3106.698581
-48.0,50,3106.890694
-3.0,50,3107.051677
-48.0,50,3107.221821
-48.0,50,3107.401259
-48.0,50,3107.586242
-48.0,50,3111.55734
-48.0,50,3115.51088
-48.0,50,3119.458971
-49.0,50,3123.413117
-8.0,50,3127.360672
-31.0,50,3131.332268
-48.0,50,3135.298019
-48.0,50,3139.295154
-48.0,50,3143.267572
-48.0,50,3147.23209
-48.0,50,3151.207078
-48.0,50,3155.204966
-45.0,50,3159.188316
-48.0,50,3163.186899
-48.0,50,3167.176593
-48.0,50,3171.17647
-48.0,50,3175.166771
-48.0,50,3179.157508
-48.0,50,3183.159808
-15.0,50,3187.168403
-25.0,50,3187.344666
-48.0,50,3187.522637
-48.0,50,3187.697906
-48.0,50,3187.872597
-38.0,50,3188.048092
-48.0,50,3188.224978
-48.0,50,3188.381631
-45.0,50,3188.551491
-48.0,50,3188.708102
-48.0,50,3188.885575
-48.0,50,3192.885422
-48.0,50,3196.910753
-24.0,50,3200.912774
-4.0,50,3204.903085
-48.0,50,3208.912802
-48.0,50,3212.937416
-43.0,50,3216.94371
-48.0,50,3220.964471
-48.0,50,3224.978737
-48.0,50,3229.004468
-48.0,50,3233.030146
-48.0,50,3237.042358
-48.0,50,3241.055484
-48.0,50,3245.085698
-48.0,50,3249.106002
-11.0,50,3253.137435
-48.0,50,3257.176149
-10.0,50,3261.230378
-48.0,50,3265.269024
-48.0,50,3269.302535
-20.0,50,3269.475583
-48.0,50,3269.644934
-35.0,50,3269.819358
-48.0,50,3269.994187
-45.0,50,3270.165421
-48.0,50,3270.322807
-48.0,50,3270.495299
-38.0,50,3270.667116
-48.0,50,3270.8416
-48.0,50,3271.01001
-48.0,50,3275.041372
-48.0,50,3279.061608
-44.0,50,3283.087902
-48.0,50,3287.107869
-47.0,50,3291.134585
-48.0,50,3295.177577
-48.0,50,3299.227555
-48.0,50,3303.265678
-17.0,50,3307.32396
-48.0,50,3311.358844
-48.0,50,3315.41017
-48.0,50,3319.464734
-48.0,50,3323.514563
-48.0,50,3327.559724
-48.0,50,3331.627277
-48.0,50,3335.696343
-48.0,50,3339.760803
-48.0,50,3343.827702
-48.0,50,3347.901219
-12.0,50,3352.001948
-48.0,50,3352.169653
-48.0,50,3352.335473
-48.0,50,3352.49807
-48.0,50,3352.680328
-12.0,50,3352.85599
-18.0,50,3353.016555
-48.0,50,3353.186251
-13.0,50,3353.352644
-48.0,50,3353.514271
-48.0,50,3353.684985
-48.0,50,3357.780009
-48.0,50,3361.893868
-48.0,50,3365.986586
-48.0,50,3370.082244
-48.0,50,3374.190575
-48.0,50,3378.315362
-48.0,50,3382.375203
-48.0,50,3386.454194
-48.0,50,3390.52623
-48.0,50,3394.599411
-48.0,50,3398.67151
-48.0,50,3402.753261
-48.0,50,3406.834877
-48.0,50,3410.940486
-48.0,50,3415.025439
-48.0,50,3419.12014
-48.0,50,3423.214973
-48.0,50,3427.319726
-14.0,50,3431.418044
-42.0,50,3435.533933
-17.0,50,3435.695632
-48.0,50,3435.862718
-48.0,50,3436.022218
-48.0,50,3436.193238
-48.0,50,3436.354666
-48.0,50,3436.507548
-22.0,50,3436.683992
-48.0,50,3436.837029
-48.0,50,3436.994506
-48.0,50,3437.176598
-48.0,50,3441.311303
-48.0,50,3445.438586
-48.0,50,3449.553552
-48.0,50,3453.698516
-48.0,50,3457.832195
-48.0,50,3461.980263
-48.0,50,3466.145794
-48.0,50,3470.295686
-48.0,50,3474.478691
-48.0,50,3478.655536
-12.0,50,3482.821178
-48.0,50,3487.005987
-47.0,50,3491.18014
-44.0,50,3495.346214
-48.0,50,3499.516329
-48.0,50,3503.705845
-48.0,50,3507.868123
-48.0,50,3512.042296
-48.0,50,3516.229791
-48.0,50,3520.432979
-48.0,50,3520.60565
-48.0,50,3520.75965
-48.0,50,3520.930545
-48.0,50,3521.106769
-48.0,50,3521.270678
-48.0,50,3521.432122
-48.0,50,3521.597215
-48.0,50,3521.765737
-48.0,50,3521.933303
-48.0,50,3522.114667
-48.0,50,3526.293607
-47.0,50,3530.491575
-4.0,50,3534.683505
-46.0,50,3538.861461
-47.0,50,3543.065715
-48.0,50,3547.276153
-7.0,50,3551.487741
-48.0,50,3555.695646
-48.0,50,3559.91022
-48.0,50,3564.135285
-48.0,50,3568.393918
-48.0,50,3572.614339
-48.0,50,3576.824506
-48.0,50,3581.062748
-48.0,50,3585.269535
-27.0,50,3589.52186
-7.0,50,3593.73982
-48.0,50,3597.968132
-48.0,50,3602.220711
-48.0,50,3606.449935
-48.0,50,3606.61756
-48.0,50,3606.784205
-23.0,50,3606.953938
-48.0,50,3607.122337
-48.0,50,3607.282116
-48.0,50,3607.446727
-48.0,50,3607.619015
-48.0,50,3607.777364
-48.0,50,3607.960083
-48.0,50,3608.122701
-33.0,50,3612.395372
-48.0,50,3616.633944
-17.0,50,3620.931842
-20.0,50,3625.125178
-48.0,50,3629.324924
-48.0,50,3633.537611
-48.0,50,3637.750496
-46.0,50,3641.961434
-48.0,50,3646.177162
-48.0,50,3650.419652
-48.0,50,3654.630595
-48.0,50,3658.839602
-22.0,50,3663.048919
-47.0,50,3667.283741
-48.0,50,3671.538036
-48.0,50,3675.771876
-26.0,50,3680.023794
-48.0,50,3684.267091
-48.0,50,3688.503258
-15.0,50,3692.753819
-48.0,50,3692.913815
-48.0,50,3693.079465
-48.0,50,3693.243059
-48.0,50,3693.39453
-48.0,50,3693.54335
-18.0,50,3693.707027
-48.0,50,3693.880363
-48.0,50,3694.039727
-16.0,50,3694.20889
-48.0,50,3694.380637
-48.0,50,3698.624443
-48.0,50,3702.877675
-48.0,50,3707.132386
-44.0,50,3711.39554
-48.0,50,3715.672064
-6.0,50,3719.956382
-48.0,50,3724.205422
-17.0,50,3728.484364
-2.0,50,3732.743961
-41.0,50,3737.048156
-48.0,50,3741.356597
-42.0,50,3745.634999
-48.0,50,3749.916903
-48.0,50,3754.208309
-48.0,50,3758.489981
-48.0,50,3762.783459
-48.0,50,3767.081108
-48.0,50,3771.374313
-4.0,50,3775.654831
-37.0,50,3779.959976
-48.0,50,3780.112616
-48.0,50,3780.274304
-48.0,50,3780.444896
-48.0,50,3780.609049
-48.0,50,3780.769711
-48.0,50,3780.943976
-48.0,50,3781.118509
-48.0,50,3781.292299
-48.0,50,3781.477343
-48.0,50,3781.648197
-48.0,50,3785.970216
-48.0,50,3790.312573
-48.0,50,3794.634536
-48.0,50,3798.913795
-16.0,50,3803.218217
-41.0,50,3807.528247
-48.0,50,3811.823318
-48.0,50,3816.143202
-48.0,50,3820.45868
-11.0,50,3824.779508
-48.0,50,3829.110213
-48.0,50,3833.443272
-48.0,50,3837.769944
-35.0,50,3842.10661
-48.0,50,3846.436293
-48.0,50,3850.776937
-48.0,50,3855.105719
-48.0,50,3859.490278
-48.0,50,3863.898735
-48.0,50,3868.250927
-48.0,50,3868.423853
-48.0,50,3868.587865
-48.0,50,3868.76916
-48.0,50,3868.944536
-19.0,50,3869.122319
-21.0,50,3869.30145
-3.0,50,3869.469921
-13.0,50,3869.654838
-3.0,50,3869.824155
-47.0,50,3869.989437
-48.0,50,3874.340507
-48.0,50,3878.682338
-48.0,50,3883.032632
-48.0,50,3887.369944
-48.0,50,3891.725563
-48.0,50,3896.08122
-48.0,50,3900.442355
-48.0,50,3904.791338
-14.0,50,3909.141408
-48.0,50,3913.496604
-48.0,50,3917.86464
-48.0,50,3922.227322
-48.0,50,3926.603136
-11.0,50,3930.982468
-48.0,50,3935.380084
-48.0,50,3939.79121
-48.0,50,3944.185245
-48.0,50,3948.599094
-48.0,50,3953.028023
-48.0,50,3957.493414
-48.0,50,3957.659042
-48.0,50,3957.818268
-16.0,50,3957.995445
-48.0,50,3958.161693
-48.0,50,3958.344504
-48.0,50,3958.538067
-48.0,50,3958.738357
-19.0,50,3958.901283
-48.0,50,3959.064075
-43.0,50,3959.248635
-48.0,50,3963.706924
-8.0,50,3968.167761
-48.0,50,3972.600455
-43.0,50,3977.039438
-48.0,50,3981.576509
-48.0,50,3986.001237
-35.0,50,3990.428918
-48.0,50,3994.880475
-48.0,50,3999.331222
-48.0,50,4003.773023
-48.0,50,4008.230721
-48.0,50,4012.678173
-48.0,50,4017.129478
-48.0,50,4021.601185
-48.0,50,4026.053676
-37.0,50,4030.52236
-48.0,50,4035.003755
-42.0,50,4039.481288
-48.0,50,4043.940952
-48.0,50,4048.402596
-48.0,50,4048.566901
-48.0,50,4048.73424
-48.0,50,4048.906345
-48.0,50,4049.070864
-48.0,50,4049.248303
-48.0,50,4049.410484
-48.0,50,4049.585917
-48.0,50,4049.749559
-13.0,50,4049.920737
-48.0,50,4050.099035
-15.0,50,4054.566806
-48.0,50,4059.036972
-29.0,50,4063.517305
-47.0,50,4067.988404
-48.0,50,4072.487814
-48.0,50,4076.969924
-48.0,50,4081.442367
-48.0,50,4085.926696
-42.0,50,4090.427276
-48.0,50,4094.9361
-48.0,50,4099.444339
-48.0,50,4103.948367
-48.0,50,4108.438582
-48.0,50,4112.95916
-16.0,50,4117.458442
-48.0,50,4121.96109
-48.0,50,4126.466627
-48.0,50,4130.985521
-39.0,50,4135.497539
-48.0,50,4140.025174
-48.0,50,4140.201655
-48.0,50,4140.381628
-48.0,50,4140.554225
-48.0,50,4140.730173
-13.0,50,4140.906402
-11.0,50,4141.072022
-46.0,50,4141.23542
-48.0,50,4141.401268
-48.0,50,4141.576211
-48.0,50,4141.75004
-48.0,50,4146.27266
-48.0,50,4150.766817
-48.0,50,4155.262348
-46.0,50,4159.749479
-10.0,50,4164.249526
-48.0,50,4168.749939
-48.0,50,4173.252527
-36.0,50,4177.769258
-48.0,50,4182.26969
-48.0,50,4186.788731
-48.0,50,4191.303938
-8.0,50,4195.821927
-48.0,50,4200.329691
-48.0,50,4204.865552
-48.0,50,4209.39562
-11.0,50,4213.927159
-48.0,50,4218.452636
-48.0,50,4222.973542
-47.0,50,4227.507912
-15.0,50,4232.036088
-48.0,50,4232.214819
-48.0,50,4232.366691
-48.0,50,4232.522422
-48.0,50,4232.70204
-48.0,50,4232.869715
-48.0,50,4233.023171
-48.0,50,4233.179681
-48.0,50,4233.357032
-48.0,50,4233.53059
-48.0,50,4233.702284
-15.0,50,4238.270638
-48.0,50,4242.839729
-48.0,50,4247.397902
-48.0,50,4251.954843
-16.0,50,4256.536417
-48.0,50,4261.090484
-48.0,50,4265.670434
-15.0,50,4270.252793
-48.0,50,4274.822263
-48.0,50,4279.395118
-48.0,50,4283.979
-48.0,50,4288.573301
-24.0,50,4293.152088
-48.0,50,4297.746685
-48.0,50,4302.327667
-48.0,50,4306.926279
-48.0,50,4311.516609
-48.0,50,4316.139025
-48.0,50,4320.743313
-45.0,50,4325.381709
-48.0,50,4325.562539
-4.0,50,4325.734904
-22.0,50,4325.91242
-48.0,50,4326.089052
-44.0,50,4326.276371
-48.0,50,4326.460083
-48.0,50,4326.647105
-48.0,50,4326.812345
-48.0,50,4326.989182
-48.0,50,4327.174609
-48.0,50,4331.807902
-48.0,50,4336.452894
-48.0,50,4341.092698
-48.0,50,4345.730951
-48.0,50,4350.365559
-48.0,50,4355.001992
-12.0,50,4359.641875
-47.0,50,4364.282178
-48.0,50,4368.934328
-12.0,50,4373.578365
-6.0,50,4378.231023
-48.0,50,4382.887739
-48.0,50,4387.541524
-48.0,50,4392.210986
-48.0,50,4396.876955
-48.0,50,4401.527843
-48.0,50,4406.191398
-48.0,50,4410.86526
-48.0,50,4415.527118
-48.0,50,4420.226431
-19.0,50,4420.407161
-48.0,50,4420.583267
-48.0,50,4420.742411
-46.0,50,4420.913104
-48.0,50,4421.091795
-13.0,50,4421.267955
-45.0,50,4421.462598
-48.0,50,4421.632773
-48.0,50,4421.813844
-49.0,50,4421.979704
-48.0,50,4426.630162
-10.0,50,4431.28842
-48.0,50,4435.975507
-7.0,50,4440.622062
-39.0,50,4445.279238
-48.0,50,4449.937933
-48.0,50,4454.604847
-48.0,50,4459.281983
-48.0,50,4463.944508
-48.0,50,4468.623064
-6.0,50,4473.292165
-19.0,50,4477.969539
-48.0,50,4482.648162
-48.0,50,4487.328292
-48.0,50,4492.030319
-48.0,50,4496.759509
-14.0,50,4501.453092
-48.0,50,4506.193246
-48.0,50,4510.867821
-32.0,50,4515.563666
-48.0,50,4515.739397
-48.0,50,4515.909075
-48.0,50,4516.098467
-48.0,50,4516.291548
-48.0,50,4516.467758
-11.0,50,4516.647299
-39.0,50,4516.826438
-35.0,50,4517.014881
-48.0,50,4517.199812
-22.0,50,4517.368018
-48.0,50,4522.042413
-10.0,50,4526.717308
-48.0,50,4531.400949
-48.0,50,4536.071286
-48.0,50,4540.746903
-48.0,50,4545.436368
-48.0,50,4550.112249
-48.0,50,4554.814467
-48.0,50,4559.501726
-48.0,50,4564.2476
-10.0,50,4568.951264
-48.0,50,4573.659778
-15.0,50,4578.366886
-48.0,50,4583.128987
-48.0,50,4587.853832
-48.0,50,4592.58606
-25.0,50,4597.310803
-14.0,50,4602.066785
-48.0,50,4606.828947
-16.0,50,4611.59607
-48.0,50,4611.759473
-41.0,50,4611.932094
-8.0,50,4612.123605
-48.0,50,4612.292562
-48.0,50,4612.47067
-48.0,50,4612.658384
-48.0,50,4612.830368
-47.0,50,4613.00375
-48.0,50,4613.176343
-48.0,50,4613.352734
-18.0,50,4618.115544
-19.0,50,4622.910499
-48.0,50,4627.681037
-48.0,50,4632.455477
-48.0,50,4637.2312
-23.0,50,4642.020828
-27.0,50,4646.782403
-48.0,50,4651.571708
-48.0,50,4656.349229
-48.0,50,4661.135109
-48.0,50,4665.923728
-48.0,50,4670.72768
-48.0,50,4675.625358
-20.0,50,4680.43526
-48.0,50,4685.243873
-48.0,50,4690.051367
-48.0,50,4694.858627
-48.0,50,4699.701424
-48.0,50,4704.507597
-48.0,50,4709.319001
-48.0,50,4709.5005
-48.0,50,4709.685606
-3.0,50,4709.86012
-48.0,50,4710.04117
-48.0,50,4710.223969
-24.0,50,4710.392165
-26.0,50,4710.568069
-37.0,50,4710.749431
-14.0,50,4710.924408
-48.0,50,4711.105246
-48.0,50,4715.927072
-46.0,50,4720.755187
-48.0,50,4725.583538
-48.0,50,4730.411341
-48.0,50,4735.248534
-48.0,50,4740.09536
-47.0,50,4744.914774
-48.0,50,4749.757442
-48.0,50,4754.614345
-45.0,50,4759.450856
-48.0,50,4764.290636
-48.0,50,4769.13821
-48.0,50,4773.984269
-48.0,50,4778.839811
-48.0,50,4783.685066
-48.0,50,4788.553464
-25.0,50,4793.527462
-48.0,50,4798.409605
-18.0,50,4803.254025
-9.0,50,4808.127052
-48.0,50,4808.302343
-36.0,50,4808.483672
-48.0,50,4808.669031
-9.0,50,4808.850526
-48.0,50,4809.028436
-48.0,50,4809.204508
-46.0,50,4809.379864
-40.0,50,4809.549584
-19.0,50,4809.725708
-30.0,50,4809.895231
-48.0,50,4814.779486
-48.0,50,4819.709085
-11.0,50,4824.585976
-48.0,50,4829.457148
-48.0,50,4834.333288
-45.0,50,4839.214309
-48.0,50,4844.080906
-48.0,50,4848.971866
-48.0,50,4853.857605
-48.0,50,4858.765052
-10.0,50,4863.640656
-48.0,50,4868.554487
-21.0,50,4873.466964
-48.0,50,4878.386845
-42.0,50,4883.301938
-48.0,50,4888.207388
-16.0,50,4893.119321
-48.0,50,4898.035082
-48.0,50,4902.933618
-48.0,50,4907.860356
-48.0,50,4908.048977
-36.0,50,4908.242818
-48.0,50,4908.408173
-46.0,50,4908.595152
-26.0,50,4908.778719
-12.0,50,4908.958883
-19.0,50,4909.148146
-45.0,50,4909.323737
-48.0,50,4909.489618
-48.0,50,4909.651234
-24.0,50,4914.567609
-48.0,50,4919.488386
-47.0,50,4924.442138
-48.0,50,4929.351223
-6.0,50,4934.252703
-48.0,50,4939.176234
-48.0,50,4944.117337
-48.0,50,4949.05424
-48.0,50,4953.985752
-14.0,50,4958.8952
-48.0,50,4963.787023
-48.0,50,4968.692969
-48.0,50,4973.619454
-48.0,50,4978.546374
-17.0,50,4983.438936
-48.0,50,4988.346413
-48.0,50,4993.235878
-48.0,50,4998.170501
-8.0,50,5003.063929
-48.0,50,5007.993163
-24.0,50,5008.157872
-15.0,50,5008.338625
-29.0,50,5008.507494
-26.0,50,5008.664379
-20.0,50,5008.832326
-48.0,50,5008.994403
-48.0,50,5009.180335
-17.0,50,5009.33072
-48.0,50,5009.503806
-48.0,50,5009.658406
-48.0,50,5014.653464
-48.0,50,5019.599675
-10.0,50,5024.534793
-16.0,50,5029.472162
-30.0,50,5034.393676
-48.0,50,5039.341551
-23.0,50,5044.27561
-9.0,50,5049.228812
-48.0,50,5054.165148
-48.0,50,5059.138437
-48.0,50,5064.086766
-48.0,50,5069.034612
-48.0,50,5073.988206
-48.0,50,5078.959987
-14.0,50,5083.921813
-31.0,50,5088.897685
-48.0,50,5093.89619
-18.0,50,5098.875601
-21.0,50,5103.83205
-37.0,50,5108.819003
-7.0,50,5108.992094
-11.0,50,5109.149923
-41.0,50,5109.323548
-15.0,50,5109.501468
-44.0,50,5109.667242
-48.0,50,5109.830442
-8.0,50,5110.002706
-40.0,50,5110.178276
-48.0,50,5110.333642
-33.0,50,5110.498663
-31.0,50,5115.540416
-47.0,50,5120.544348
-28.0,50,5125.510513
-35.0,50,5130.489512
-48.0,50,5135.45825
-48.0,50,5140.449505
-48.0,50,5145.431497
-48.0,50,5150.445696
-48.0,50,5155.435134
-19.0,50,5160.425004
-15.0,50,5165.452514
-48.0,50,5170.454487
-48.0,50,5175.473309
-48.0,50,5180.51006
-48.0,50,5185.52278
-48.0,50,5190.531014
-48.0,50,5195.527087
-13.0,50,5200.541837
-48.0,50,5205.587323
-48.0,50,5210.622192
-48.0,50,5210.804888
-47.0,50,5210.983913
-48.0,50,5211.163994
-48.0,50,5211.350823
-48.0,50,5211.530401
-48.0,50,5211.689317
-44.0,50,5211.87216
-48.0,50,5212.051378
-48.0,50,5212.2485
-24.0,50,5212.427473
-48.0,50,5217.483413
-11.0,50,5222.5297
-48.0,50,5227.573244
-48.0,50,5232.601643
-48.0,50,5237.622256
-48.0,50,5242.672295
-9.0,50,5247.713655
-48.0,50,5252.766792
-48.0,50,5257.786144
-48.0,50,5262.852838
-48.0,50,5267.912599
-48.0,50,5272.956952
-48.0,50,5278.028862
-14.0,50,5283.094963
-29.0,50,5288.152273
-9.0,50,5293.21284
-48.0,50,5298.28757
-48.0,50,5303.390856
-46.0,50,5308.465342
-46.0,50,5313.548478
-48.0,50,5313.72769
-48.0,50,5313.903174
-46.0,50,5314.084934
-12.0,50,5314.258416
-48.0,50,5314.434685
-23.0,50,5314.630244
-47.0,50,5314.806096
-48.0,50,5314.991219
-48.0,50,5315.167575
-48.0,50,5315.350225
-48.0,50,5320.435787
-34.0,50,5325.541987
-48.0,50,5330.631024
-48.0,50,5335.71249
-48.0,50,5340.810703
-48.0,50,5345.913748
-48.0,50,5350.998971
-48.0,50,5356.132227
-48.0,50,5361.225511
-46.0,50,5366.344601
-48.0,50,5371.46404
-48.0,50,5376.580179
-48.0,50,5381.686171
-48.0,50,5386.862355
-48.0,50,5392.024724
-11.0,50,5397.196864
-47.0,50,5402.326681
-48.0,50,5407.499751
-21.0,50,5412.650584
-31.0,50,5417.832619
-48.0,50,5417.999451
-48.0,50,5418.170628
-48.0,50,5418.361208
-48.0,50,5418.539386
-48.0,50,5418.718803
-48.0,50,5418.898116
-48.0,50,5419.090181
-33.0,50,5419.262627
-48.0,50,5419.447599
-48.0,50,5419.61711
-48.0,50,5424.786014
-4.0,50,5429.966049
-48.0,50,5435.110525
-48.0,50,5440.269049
-3.0,50,5445.438859
-48.0,50,5450.61278
-48.0,50,5455.752237
-11.0,50,5460.92262
-48.0,50,5466.08314
-48.0,50,5471.271508
-48.0,50,5476.439097
-48.0,50,5481.630549
-48.0,50,5486.786373
-24.0,50,5491.971743
-40.0,50,5497.146688
-15.0,50,5502.342517
-47.0,50,5507.522165
-48.0,50,5512.719867
-48.0,50,5517.901815
-44.0,50,5523.1323
-48.0,50,5523.31021
-45.0,50,5523.482979
-20.0,50,5523.652252
-11.0,50,5523.82869
-4.0,50,5524.007994
-48.0,50,5524.188149
-48.0,50,5524.354701
-38.0,50,5524.552375
-48.0,50,5524.753867
-13.0,50,5524.926111
-11.0,50,5530.15897
-48.0,50,5535.391233
-48.0,50,5540.628406
-44.0,50,5545.859358
-5.0,50,5551.087052
-48.0,50,5556.333348
-48.0,50,5561.583741
-18.0,50,5566.840105
-25.0,50,5572.087216
-43.0,50,5577.326346
-49.0,50,5582.552503
-48.0,50,5587.795808
-48.0,50,5593.047434
-12.0,50,5598.307173
-48.0,50,5603.562094
-11.0,50,5608.847038
-48.0,50,5614.09415
-39.0,50,5619.366765
-48.0,50,5624.622686
-12.0,50,5629.918741
-48.0,50,5630.119932
-48.0,50,5630.312267
-48.0,50,5630.49591
-44.0,50,5630.669197
-20.0,50,5630.84758
-12.0,50,5631.022176
-48.0,50,5631.202172
-48.0,50,5631.385109
-48.0,50,5631.560554
-7.0,50,5631.734318
-10.0,50,5637.004662
-14.0,50,5642.292285
-48.0,50,5647.577905
-9.0,50,5652.845468
-9.0,50,5658.134774
-3.0,50,5663.464532
-48.0,50,5668.753238
-14.0,50,5674.061504
-48.0,50,5679.373484
-44.0,50,5684.694263
-48.0,50,5690.01985
-13.0,50,5695.363376
-48.0,50,5700.701185
-48.0,50,5706.054389
-48.0,50,5711.394521
-48.0,50,5716.745306
-48.0,50,5722.077622
-13.0,50,5727.433418
-48.0,50,5732.799972
-11.0,50,5738.181057
-48.0,50,5738.361397
-47.0,50,5738.534495
-11.0,50,5738.714619
-48.0,50,5738.891326
-48.0,50,5739.07456
-48.0,50,5739.25141
-48.0,50,5739.440781
-9.0,50,5739.615126
-48.0,50,5739.779317
-48.0,50,5739.948182
-48.0,50,5745.310145
-46.0,50,5750.674373
-48.0,50,5756.031027
-13.0,50,5761.366907
-48.0,50,5766.734794
-48.0,50,5772.120531
-11.0,50,5777.469314
-48.0,50,5782.854553
-48.0,50,5788.215016
-48.0,50,5793.549702
-48.0,50,5798.876557
-46.0,50,5804.20097
-14.0,50,5809.523721
-35.0,50,5814.895053
-14.0,50,5820.216959
-48.0,50,5825.576765
-48.0,50,5830.905948
-13.0,50,5836.279126
-48.0,50,5841.623484
-4.0,50,5847.0336
-48.0,50,5847.207318
-48.0,50,5847.390062
-48.0,50,5847.564443
-48.0,50,5847.74464
-28.0,50,5847.91585
-3.0,50,5848.083433
-3.0,50,5848.251472
-17.0,50,5848.439062
-25.0,50,5848.618619
-48.0,50,5848.791403
-48.0,50,5854.175797
-28.0,50,5859.557298
-48.0,50,5864.938635
-38.0,50,5870.299241
-48.0,50,5875.679263
-48.0,50,5881.071248
-48.0,50,5886.455104
-15.0,50,5891.838207
-48.0,50,5897.241358
-48.0,50,5902.68346
-48.0,50,5908.074121
-48.0,50,5913.466306
-36.0,50,5918.865044
-48.0,50,5924.284939
-48.0,50,5929.694745
-48.0,50,5935.130008
-48.0,50,5940.540452
-10.0,50,5945.948398
-21.0,50,5951.37516
-12.0,50,5956.8122
-48.0,50,5956.984029
-48.0,50,5957.160063
-48.0,50,5957.336268
-12.0,50,5957.513467
-29.0,50,5957.700633
-48.0,50,5957.869558
-48.0,50,5958.04538
-48.0,50,5958.217869
-48.0,50,5958.414453
-32.0,50,5958.590387
-48.0,50,5964.03797
-48.0,50,5969.443266
-48.0,50,5974.848411
-19.0,50,5980.273813
-30.0,50,5985.702135
-43.0,50,5991.121486
-18.0,50,5996.540946
-27.0,50,6001.965571
-21.0,50,6007.367907
-48.0,50,6012.787098
-48.0,50,6018.218239
-48.0,50,6023.658123
-8.0,50,6029.095122
-35.0,50,6034.533322
-48.0,50,6039.981747
-48.0,50,6045.41152
-11.0,50,6050.855631
-48.0,50,6056.316779
-48.0,50,6061.756566
-48.0,50,6067.234094
-48.0,50,6067.41226
-48.0,50,6067.592718
-48.0,50,6067.767389
-48.0,50,6067.941604
-48.0,50,6068.115445
-12.0,50,6068.300908
-48.0,50,6068.482952
-12.0,50,6068.663479
-48.0,50,6068.836142
-48.0,50,6069.029681
-48.0,50,6074.529276
-48.0,50,6080.019903
-48.0,50,6085.497231
-48.0,50,6090.97884
-15.0,50,6096.453565
-11.0,50,6101.932451
-48.0,50,6107.410714
-48.0,50,6112.9131
-21.0,50,6118.390627
-39.0,50,6123.900557
-48.0,50,6129.395678
-48.0,50,6134.897091
-47.0,50,6140.399824
-45.0,50,6145.914102
-41.0,50,6151.416198
-48.0,50,6156.949125
-48.0,50,6162.44187
-44.0,50,6167.947281
-20.0,50,6173.470515
-48.0,50,6179.007689
-10.0,50,6179.186189
-10.0,50,6179.367603
-48.0,50,6179.554557
-48.0,50,6179.736858
-48.0,50,6179.911802
-48.0,50,6180.082719
-48.0,50,6180.262316
-48.0,50,6180.437237
-48.0,50,6180.606723
-41.0,50,6180.792849
-48.0,50,6186.341836
-48.0,50,6191.875465
-45.0,50,6197.397071
-22.0,50,6202.928699
-46.0,50,6208.470548
-36.0,50,6214.00006
-48.0,50,6219.525976
-34.0,50,6225.078699
-48.0,50,6230.623798
-37.0,50,6236.195
-22.0,50,6241.738308
-48.0,50,6247.309589
-48.0,50,6252.854851
-48.0,50,6258.429869
-48.0,50,6264.01268
-48.0,50,6269.544403
-42.0,50,6275.104772
-28.0,50,6280.660209
-44.0,50,6286.210706
-46.0,50,6291.777337
-48.0,50,6291.95737
-16.0,50,6292.12807
-48.0,50,6292.311106
-48.0,50,6292.487811
-48.0,50,6292.668511
-48.0,50,6292.849693
-11.0,50,6293.034863
-48.0,50,6293.195136
-15.0,50,6293.363386
-48.0,50,6293.527699
-11.0,50,6299.166883
-48.0,50,6304.76301
-48.0,50,6310.347023
-24.0,50,6315.9209
-15.0,50,6321.542908
-48.0,50,6327.186004
-29.0,50,6332.802267
-45.0,50,6338.447208
-43.0,50,6344.076542
-48.0,50,6349.724121
-48.0,50,6355.358972
-12.0,50,6360.993032
-48.0,50,6366.614837
-14.0,50,6372.246703
-48.0,50,6377.861643
-48.0,50,6383.491471
-15.0,50,6389.108873
-43.0,50,6394.734184
-48.0,50,6400.361707
-44.0,50,6406.021903
-48.0,50,6406.201799
-48.0,50,6406.394621
-12.0,50,6406.573859
-48.0,50,6406.762669
-48.0,50,6406.926908
-48.0,50,6407.115273
-12.0,50,6407.293265
-48.0,50,6407.457836
-42.0,50,6407.621223
-48.0,50,6407.792472
-48.0,50,6413.416449
-22.0,50,6419.023245
-23.0,50,6424.59968
-7.0,50,6430.184269
-35.0,50,6435.7863
-48.0,50,6441.40198
-48.0,50,6447.012287
-48.0,50,6452.641138
-48.0,50,6458.233114
-48.0,50,6463.86921
-48.0,50,6469.478857
-48.0,50,6475.123848
-43.0,50,6480.735739
-48.0,50,6486.372089
-48.0,50,6491.990594
-48.0,50,6497.635951
-10.0,50,6503.25123
-14.0,50,6508.889041
-48.0,50,6514.514001
-19.0,50,6520.172684
-42.0,50,6520.34472
-16.0,50,6520.525394
-16.0,50,6520.709596
-48.0,50,6520.900283
-48.0,50,6521.073365
-11.0,50,6521.249486
-35.0,50,6521.426376
-38.0,50,6521.598624
-26.0,50,6521.796475
-48.0,50,6521.977413
-47.0,50,6527.638786
-48.0,50,6533.336012
-21.0,50,6539.027212
-48.0,50,6544.706014
-19.0,50,6550.410873
-19.0,50,6556.112027
-48.0,50,6561.797106
-48.0,50,6567.502157
-48.0,50,6573.185672
-24.0,50,6578.871548
-48.0,50,6584.529305
-9.0,50,6590.239884
-3.0,50,6595.907448
-48.0,50,6601.597361
-48.0,50,6607.280862
-46.0,50,6612.983628
-48.0,50,6618.669481
-48.0,50,6624.357193
-48.0,50,6630.055155
-48.0,50,6635.782212
-17.0,50,6635.9524
-10.0,50,6636.131758
-48.0,50,6636.320881
-48.0,50,6636.499501
-20.0,50,6636.663582
-48.0,50,6636.835321
-48.0,50,6636.99965
-48.0,50,6637.201994
-48.0,50,6637.370526
-48.0,50,6637.549977
-46.0,50,6643.304093
-46.0,50,6649.040525
-9.0,50,6654.843816
-48.0,50,6660.563848
-48.0,50,6666.304736
-34.0,50,6672.079495
-48.0,50,6677.84472
-16.0,50,6683.620387
-44.0,50,6689.367485
-48.0,50,6695.144041
-48.0,50,6700.906735
-46.0,50,6706.703944
-48.0,50,6712.447181
-48.0,50,6718.247829
-48.0,50,6724.005082
-48.0,50,6729.802198
-28.0,50,6735.577835
-48.0,50,6741.392901
-32.0,50,6747.179986
-48.0,50,6752.985484
-9.0,50,6753.161351
-48.0,50,6753.346481
-9.0,50,6753.514252
-18.0,50,6753.69674
-25.0,50,6753.858101
-12.0,50,6754.031672
-47.0,50,6754.200599
-48.0,50,6754.388266
-32.0,50,6754.558147
-17.0,50,6754.72893
-48.0,50,6760.547333
-48.0,50,6766.363471
-48.0,50,6772.162
-47.0,50,6777.971048
-48.0,50,6783.796114
-19.0,50,6789.621483
-48.0,50,6795.415139
-47.0,50,6801.235475
-46.0,50,6807.038511
-48.0,50,6812.885623
-48.0,50,6818.70602
-47.0,50,6824.534525
-48.0,50,6830.37466
-44.0,50,6836.218056
-6.0,50,6842.058292
-48.0,50,6847.900309
-48.0,50,6853.748668
-48.0,50,6859.60258
-48.0,50,6865.430333
-48.0,50,6871.266195
-48.0,50,6871.432864
-48.0,50,6871.606802
-48.0,50,6871.778745
-10.0,50,6871.952782
-48.0,50,6872.128125
-43.0,50,6872.304528
-45.0,50,6872.473803
-10.0,50,6872.650287
-48.0,50,6872.843225
-39.0,50,6873.015486
-48.0,50,6878.85994
-48.0,50,6884.709243
-45.0,50,6890.570049
-48.0,50,6896.428426
-49.0,50,6902.263369
-5.0,50,6908.112346
-43.0,50,6913.960647
-48.0,50,6919.827486
-43.0,50,6925.703528
-21.0,50,6931.570116
-14.0,50,6937.444121
-23.0,50,6943.33033
-48.0,50,6949.175792
-47.0,50,6955.051241
-48.0,50,6960.890113
-48.0,50,6966.780828
-48.0,50,6972.638114
-48.0,50,6978.534616
-48.0,50,6984.394696
-17.0,50,6990.280344
-45.0,50,6990.465245
-17.0,50,6990.650765
-48.0,50,6990.838388
-42.0,50,6991.009929
-12.0,50,6991.210632
-48.0,50,6991.380586
-48.0,50,6991.553568
-27.0,50,6991.730298
-14.0,50,6991.908935
