# {"t_start": 1585505317.4905097, "env_id": "FetchPickAndPlace-v1"} 
r,l,t
-50.0,50,3.521267
-50.0,50,4.46545
-50.0,50,5.303196
-50.0,50,6.138728
-50.0,50,6.99001
-38.0,50,7.830445
-38.0,50,8.73679
-50.0,50,9.668771
-38.0,50,10.487763
-38.0,50,11.373877
-38.0,50,12.287151
-38.0,50,13.133497
-50.0,50,13.995672
-50.0,50,14.853728
-38.0,50,15.798301
-15.0,50,16.693166
-50.0,50,17.574963
-38.0,50,18.53494
-38.0,50,19.47614
-38.0,50,20.468966
-38.0,50,21.480587
-38.0,50,22.40993
-38.0,50,23.377658
-38.0,50,24.421489
-38.0,50,25.48754
-50.0,50,26.417463
-38.0,50,27.351938
-38.0,50,28.314113
-38.0,50,29.274908
-38.0,50,30.214174
-38.0,50,31.167987
-38.0,50,32.125064
-38.0,50,33.087287
-38.0,50,34.032437
-38.0,50,35.000363
-38.0,50,35.98845
-38.0,50,37.020091
-38.0,50,38.016958
-38.0,50,38.967438
-38.0,50,39.952966
-38.0,50,40.940434
7.0,50,41.936695
-38.0,50,42.926314
-38.0,50,43.915114
13.0,50,44.90588
-16.0,50,45.912551
-38.0,50,46.920018
-38.0,50,47.93093
-38.0,50,48.954724
-38.0,50,49.965191
-38.0,50,51.008841
-38.0,50,51.199244
-38.0,50,51.378693
-38.0,50,51.548522
-38.0,50,51.712783
-38.0,50,51.893152
-38.0,50,52.071355
-38.0,50,52.238946
-38.0,50,52.427236
-38.0,50,52.61625
-38.0,50,52.821475
-38.0,50,53.824285
-38.0,50,54.844314
-38.0,50,55.876665
6.0,50,56.911803
-38.0,50,57.942747
-38.0,50,58.980105
-38.0,50,60.018147
-38.0,50,61.047038
-38.0,50,62.081534
17.0,50,63.12002
-38.0,50,64.18467
-38.0,50,65.244746
-44.0,50,66.301463
-38.0,50,67.378951
-38.0,50,68.461529
-38.0,50,69.556344
-38.0,50,70.636617
-38.0,50,71.72205
-38.0,50,72.803469
-38.0,50,73.81863
-38.0,50,74.83739
-38.0,50,75.865707
-38.0,50,76.959874
-38.0,50,78.109908
-38.0,50,79.230592
-38.0,50,80.402452
-38.0,50,81.562762
-44.0,50,82.70422
-2.0,50,83.910587
-38.0,50,85.091291
-38.0,50,86.239908
-38.0,50,87.410013
-38.0,50,88.601692
-38.0,50,89.763617
-38.0,50,90.957889
-38.0,50,92.274449
-38.0,50,93.510501
-38.0,50,94.700053
-38.0,50,95.808625
-38.0,50,96.892018
-38.0,50,98.107566
28.0,50,99.331139
-38.0,50,100.54541
-13.0,50,101.679888
-38.0,50,102.865342
-38.0,50,104.130193
-38.0,50,105.319318
-38.0,50,106.52363
-38.0,50,107.728398
-38.0,50,108.970749
25.0,50,109.165463
-38.0,50,109.345382
-38.0,50,109.520217
-38.0,50,109.705249
-38.0,50,109.879742
-38.0,50,110.064375
-38.0,50,110.24066
-38.0,50,110.419456
-38.0,50,110.591592
-38.0,50,110.768699
-38.0,50,111.936697
-38.0,50,113.15992
-38.0,50,114.368656
-38.0,50,115.557877
-7.0,50,116.756362
-38.0,50,117.966887
-38.0,50,119.245451
-38.0,50,120.364841
-38.0,50,121.493854
-38.0,50,122.618296
-38.0,50,123.857315
-38.0,50,125.084716
-38.0,50,126.316592
-38.0,50,127.5422
-38.0,50,128.766563
-16.0,50,130.003842
-38.0,50,131.271132
-38.0,50,132.569637
21.0,50,133.804488
-4.0,50,135.054361
13.0,50,136.31619
-11.0,50,137.508665
-38.0,50,138.660847
-38.0,50,139.960448
-38.0,50,141.272807
-38.0,50,142.583152
-38.0,50,143.869535
-38.0,50,145.126161
-38.0,50,146.402439
-38.0,50,147.681072
-38.0,50,148.982973
-38.0,50,150.249752
-38.0,50,151.561328
-38.0,50,152.882467
-38.0,50,154.172399
-38.0,50,155.442132
-38.0,50,156.767694
-38.0,50,158.021509
-38.0,50,159.271345
-38.0,50,160.552934
18.0,50,161.938604
-38.0,50,163.273467
-38.0,50,164.58814
-38.0,50,165.879476
-38.0,50,167.178742
-38.0,50,168.501945
-38.0,50,169.803319
-38.0,50,171.11445
-38.0,50,172.443641
-38.0,50,173.957122
-38.0,50,174.19289
-38.0,50,174.413262
-38.0,50,174.63786
-38.0,50,174.845064
-38.0,50,175.090397
-1.0,50,175.313665
-38.0,50,175.526658
-38.0,50,175.708648
22.0,50,175.911531
-38.0,50,176.126589
-38.0,50,177.793291
-38.0,50,179.097489
-38.0,50,180.424967
-38.0,50,181.783977
-38.0,50,183.125336
-38.0,50,184.459201
-38.0,50,185.771863
-38.0,50,187.109226
-1.0,50,188.420419
-38.0,50,189.665842
-38.0,50,190.924179
-38.0,50,192.24605
-38.0,50,193.60062
-38.0,50,194.919506
-38.0,50,196.252336
-38.0,50,197.596359
-38.0,50,198.941487
-38.0,50,200.233734
-38.0,50,201.564789
-38.0,50,202.903948
-38.0,50,204.253261
-38.0,50,205.600648
-38.0,50,206.961839
26.0,50,208.303085
-38.0,50,209.670933
-38.0,50,211.034272
-38.0,50,212.390293
-7.0,50,213.752937
-38.0,50,215.124698
10.0,50,216.504526
-38.0,50,217.874894
-38.0,50,219.255571
-38.0,50,220.615484
-38.0,50,221.996825
-38.0,50,223.5272
-38.0,50,225.035624
-38.0,50,226.565863
-11.0,50,228.01752
-38.0,50,229.428741
17.0,50,230.816645
-38.0,50,232.226423
-38.0,50,233.596297
-38.0,50,234.95233
-38.0,50,236.317489
-38.0,50,237.68417
-38.0,50,239.069677
-38.0,50,240.518983
-38.0,50,241.9208
-38.0,50,243.420873
-38.0,50,244.96863
-38.0,50,245.145783
-38.0,50,245.316802
23.0,50,245.570336
-38.0,50,245.754005
21.0,50,245.947671
-38.0,50,246.124212
-38.0,50,246.331357
-38.0,50,246.50544
22.0,50,246.698906
-38.0,50,246.87699
-38.0,50,248.280483
-38.0,50,249.6782
18.0,50,251.073495
-38.0,50,252.471314
-38.0,50,253.858466
-38.0,50,255.265195
-38.0,50,256.668948
-38.0,50,258.073631
-38.0,50,259.470163
-14.0,50,260.863524
-38.0,50,262.265609
-38.0,50,263.639508
-38.0,50,264.98129
-38.0,50,266.337751
-38.0,50,267.697794
-38.0,50,269.059592
-38.0,50,270.421932
-38.0,50,271.782225
-38.0,50,273.157563
-38.0,50,274.521579
-38.0,50,275.925658
-38.0,50,277.383948
-38.0,50,278.804606
-38.0,50,280.230104
14.0,50,281.700259
-38.0,50,283.155683
19.0,50,284.748476
-38.0,50,286.296316
-38.0,50,287.822224
-38.0,50,289.322235
-38.0,50,290.846503
-38.0,50,292.426819
14.0,50,293.981019
-38.0,50,295.564803
-38.0,50,297.121767
18.0,50,298.665145
-38.0,50,300.240616
-38.0,50,301.781559
-38.0,50,303.313312
-38.0,50,304.831562
16.0,50,306.366542
25.0,50,307.913203
-38.0,50,309.489313
-38.0,50,311.059541
19.0,50,312.692443
-38.0,50,314.27823
-38.0,50,315.904288
-10.0,50,317.508449
28.0,50,319.065326
25.0,50,320.60842
-38.0,50,320.772353
-38.0,50,320.95497
-38.0,50,321.161257
-38.0,50,321.361094
-38.0,50,321.558203
13.0,50,321.745366
-38.0,50,321.954536
-38.0,50,322.143544
-38.0,50,322.332135
-38.0,50,322.5037
-5.0,50,324.080667
-38.0,50,325.654889
-38.0,50,327.246431
-38.0,50,328.873308
-38.0,50,330.477697
-38.0,50,332.06523
-38.0,50,333.652233
27.0,50,335.23724
-15.0,50,336.820997
-38.0,50,338.481835
-38.0,50,340.14308
-38.0,50,341.840224
13.0,50,343.490919
-38.0,50,345.173046
-38.0,50,346.811056
-38.0,50,348.458239
-38.0,50,350.12869
-38.0,50,351.902945
-38.0,50,353.524276
-38.0,50,355.13402
-38.0,50,356.792908
-38.0,50,358.481391
-38.0,50,360.147995
-38.0,50,361.831045
-38.0,50,363.505816
1.0,50,365.23775
-38.0,50,366.917595
-38.0,50,368.693809
11.0,50,370.402955
-38.0,50,372.09258
-15.0,50,373.892981
-38.0,50,375.784849
-38.0,50,377.689071
-38.0,50,379.282526
6.0,50,380.873201
-38.0,50,382.463031
-38.0,50,384.062898
-38.0,50,385.678286
-38.0,50,387.293237
-38.0,50,388.889095
-38.0,50,390.491925
-38.0,50,392.122473
-38.0,50,393.755347
-38.0,50,395.402373
-38.0,50,397.031532
-38.0,50,398.684121
-38.0,50,400.313323
-38.0,50,402.004363
-38.0,50,403.698918
-38.0,50,405.362607
-38.0,50,405.535012
-38.0,50,405.729088
23.0,50,405.911316
-38.0,50,406.084665
24.0,50,406.269876
27.0,50,406.437756
-38.0,50,406.611455
-38.0,50,406.782391
20.0,50,406.94738
-38.0,50,407.117081
-38.0,50,408.760969
-38.0,50,410.398187
-38.0,50,412.083936
22.0,50,413.729565
-38.0,50,415.424838
18.0,50,417.119186
20.0,50,418.786805
-38.0,50,424.488242
-38.0,50,426.278958
-38.0,50,428.05194
22.0,50,429.914273
-38.0,50,431.81976
11.0,50,433.665279
-38.0,50,435.584868
-38.0,50,437.73287
-38.0,50,440.020397
-38.0,50,441.949477
-38.0,50,443.823646
-16.0,50,445.712224
-38.0,50,447.65177
-38.0,50,449.666873
22.0,50,451.79018
-11.0,50,453.777363
-38.0,50,455.777304
-38.0,50,457.664636
0.0,50,459.558061
18.0,50,461.432284
23.0,50,463.318257
17.0,50,465.318787
9.0,50,467.20969
-38.0,50,469.083463
-38.0,50,470.987781
-38.0,50,472.903128
17.0,50,474.825712
-38.0,50,476.78041
-9.0,50,478.795609
-38.0,50,480.730133
-38.0,50,482.693411
-38.0,50,484.736783
20.0,50,486.708776
-38.0,50,488.592321
-17.0,50,490.546349
-38.0,50,492.577481
25.0,50,494.631189
-38.0,50,496.662673
-38.0,50,498.731661
-38.0,50,500.704908
-38.0,50,502.60514
-38.0,50,504.547882
-38.0,50,506.564314
-38.0,50,506.778988
-38.0,50,506.969209
-38.0,50,507.172384
-38.0,50,507.417124
-38.0,50,507.615646
27.0,50,507.863989
-38.0,50,508.08569
-38.0,50,508.295277
27.0,50,508.525736
-38.0,50,508.764263
-38.0,50,510.800743
-1.0,50,512.748112
-38.0,50,514.666607
-38.0,50,516.592458
-38.0,50,518.548119
-38.0,50,520.495538
-38.0,50,522.442883
-38.0,50,524.403345
-38.0,50,526.439167
-38.0,50,528.41029
-38.0,50,530.380649
-38.0,50,532.32667
-38.0,50,534.284199
-38.0,50,536.381286
-3.0,50,538.554312
-38.0,50,540.700665
1.0,50,542.809483
-38.0,50,544.977844
-38.0,50,547.171033
-38.0,50,549.390065
-17.0,50,551.701299
-38.0,50,554.126107
-38.0,50,556.104441
14.0,50,558.088896
-38.0,50,560.053609
-38.0,50,562.258677
-38.0,50,564.2814
-38.0,50,566.237016
-38.0,50,568.268851
-38.0,50,570.301175
-38.0,50,572.303624
-38.0,50,574.494176
-38.0,50,576.806581
-38.0,50,578.756534
-38.0,50,580.796444
-38.0,50,582.850074
26.0,50,584.835188
26.0,50,586.847464
-16.0,50,588.846774
24.0,50,590.863827
-38.0,50,593.153128
-38.0,50,595.324222
-38.0,50,597.257899
-38.0,50,599.21371
-38.0,50,601.210183
-38.0,50,603.191549
14.0,50,605.124902
-17.0,50,607.155738
18.0,50,609.269742
-38.0,50,611.363849
23.0,50,611.54397
-38.0,50,611.771152
-38.0,50,612.01105
23.0,50,612.230778
24.0,50,612.42889
-16.0,50,612.670793
-38.0,50,612.916116
25.0,50,613.116658
-38.0,50,613.313695
25.0,50,613.492225
7.0,50,615.564965
-13.0,50,617.690317
-38.0,50,619.760951
-38.0,50,621.746412
-38.0,50,623.694293
-44.0,50,625.851769
-38.0,50,627.970844
-38.0,50,630.100733
-38.0,50,632.220333
-38.0,50,634.510556
-38.0,50,636.768221
-38.0,50,638.70666
-38.0,50,640.65605
-38.0,50,642.57663
18.0,50,644.546767
15.0,50,646.49167
-38.0,50,648.417754
-38.0,50,650.436279
-38.0,50,652.374879
-3.0,50,654.312052
-38.0,50,656.269879
-38.0,50,658.232712
-38.0,50,660.181357
-38.0,50,662.151556
-38.0,50,664.147413
-4.0,50,666.260115
-8.0,50,668.35794
-38.0,50,670.387231
-38.0,50,672.394435
-38.0,50,674.378582
-38.0,50,676.366051
19.0,50,678.333583
-38.0,50,680.318908
-2.0,50,682.294705
-38.0,50,684.287217
-38.0,50,686.308302
-38.0,50,688.357228
23.0,50,690.38381
-38.0,50,692.382995
-4.0,50,694.378533
-38.0,50,696.496473
11.0,50,698.614367
-38.0,50,700.690521
14.0,50,702.802237
-38.0,50,704.913484
-38.0,50,706.999686
-38.0,50,709.061523
6.0,50,711.127998
-38.0,50,713.191547
-38.0,50,715.256536
27.0,50,715.443069
26.0,50,715.622968
-38.0,50,715.795458
-38.0,50,715.973073
21.0,50,716.171144
-38.0,50,716.354362
24.0,50,716.554364
20.0,50,716.733053
-38.0,50,716.920123
-38.0,50,717.110169
16.0,50,719.174546
-38.0,50,721.246243
18.0,50,723.331287
-38.0,50,725.395082
-38.0,50,727.469886
-16.0,50,729.512264
4.0,50,731.56241
-38.0,50,733.612853
-17.0,50,735.670554
14.0,50,737.743664
-38.0,50,739.801868
-38.0,50,741.857489
-38.0,50,743.928567
-38.0,50,745.986947
-38.0,50,748.059489
-38.0,50,750.141367
-38.0,50,752.264676
-38.0,50,754.342578
-14.0,50,756.411412
17.0,50,758.517966
-38.0,50,760.616378
-38.0,50,762.760845
-14.0,50,764.895392
-38.0,50,767.035297
-8.0,50,769.179288
-38.0,50,771.333049
-38.0,50,773.490391
-38.0,50,775.648251
-38.0,50,777.805967
-38.0,50,779.968402
-38.0,50,782.117082
28.0,50,784.278595
14.0,50,786.426259
-38.0,50,788.593508
16.0,50,790.755111
-38.0,50,792.979199
-38.0,50,795.193229
-9.0,50,797.383341
10.0,50,799.559284
-38.0,50,801.761184
17.0,50,803.933609
-38.0,50,806.150251
-38.0,50,808.382074
-38.0,50,810.578737
-38.0,50,812.76116
26.0,50,814.966563
-38.0,50,817.176655
-38.0,50,819.369341
-38.0,50,821.696564
-38.0,50,823.902149
-38.0,50,824.098094
-13.0,50,824.273117
20.0,50,824.475739
17.0,50,824.658403
21.0,50,824.852231
-2.0,50,825.019066
20.0,50,825.200104
25.0,50,825.390304
26.0,50,825.577153
-38.0,50,825.75475
-38.0,50,827.901536
-38.0,50,830.053478
-38.0,50,832.226698
-12.0,50,834.398857
5.0,50,836.575554
-38.0,50,838.739532
-16.0,50,840.932668
-14.0,50,843.104706
-38.0,50,845.276577
-38.0,50,847.455983
18.0,50,849.624111
23.0,50,851.776487
-38.0,50,853.96536
-38.0,50,856.160545
-38.0,50,858.366314
-38.0,50,860.548496
-38.0,50,862.721348
-38.0,50,864.916383
-38.0,50,867.098145
-38.0,50,869.281024
-38.0,50,871.550231
-38.0,50,873.848264
-38.0,50,876.20655
-38.0,50,878.487817
-8.0,50,880.967697
-38.0,50,883.379112
-38.0,50,885.83864
-38.0,50,888.158097
-38.0,50,890.61719
15.0,50,893.074776
-38.0,50,895.432627
-38.0,50,897.803412
-38.0,50,900.130712
18.0,50,902.404651
-38.0,50,904.645608
-38.0,50,906.917972
-38.0,50,909.167963
-38.0,50,911.445167
-38.0,50,913.740866
-12.0,50,915.96432
-5.0,50,918.248161
-38.0,50,920.536189
-38.0,50,922.789077
-38.0,50,925.050669
-38.0,50,927.323968
-38.0,50,929.591995
-38.0,50,931.86645
-10.0,50,934.155808
22.0,50,936.455157
-38.0,50,938.830934
-38.0,50,938.995496
-14.0,50,939.189494
-38.0,50,939.370427
-38.0,50,939.550901
-38.0,50,939.738517
-38.0,50,939.916479
-38.0,50,940.100765
-38.0,50,940.27423
22.0,50,940.460725
-9.0,50,940.644064
-38.0,50,942.936059
18.0,50,945.26075
-38.0,50,947.645765
10.0,50,949.958817
-10.0,50,952.330981
23.0,50,954.660366
-16.0,50,956.964725
-38.0,50,959.262354
-38.0,50,961.560428
-38.0,50,963.8867
9.0,50,966.198132
-38.0,50,968.581332
-38.0,50,970.957236
5.0,50,973.283461
-38.0,50,975.63824
15.0,50,977.947003
23.0,50,980.279954
-38.0,50,982.62714
-38.0,50,985.0346
-38.0,50,987.391309
-38.0,50,989.731741
-38.0,50,992.092393
-38.0,50,994.43367
-38.0,50,996.765609
-38.0,50,999.129935
-38.0,50,1001.475589
-38.0,50,1003.833394
-2.0,50,1006.305921
-13.0,50,1008.836801
-38.0,50,1011.451928
-7.0,50,1013.999317
-38.0,50,1016.496659
-38.0,50,1019.080326
-38.0,50,1021.647291
-38.0,50,1024.165612
17.0,50,1026.757843
-38.0,50,1029.269445
-38.0,50,1031.848353
-38.0,50,1034.305336
11.0,50,1036.984384
-17.0,50,1039.574942
-38.0,50,1042.18875
-38.0,50,1044.771774
-8.0,50,1047.410142
-17.0,50,1050.09018
-38.0,50,1052.796146
-44.0,50,1055.653847
-38.0,50,1058.266479
-44.0,50,1060.777806
25.0,50,1063.286871
-38.0,50,1063.488079
23.0,50,1063.672712
-38.0,50,1063.864782
25.0,50,1064.072828
7.0,50,1064.275185
-38.0,50,1064.465404
20.0,50,1064.641566
28.0,50,1064.825594
20.0,50,1065.011282
-38.0,50,1065.190173
10.0,50,1067.817822
-38.0,50,1070.431016
5.0,50,1073.06625
-8.0,50,1075.715837
-38.0,50,1078.456823
6.0,50,1081.308316
-38.0,50,1083.744332
7.0,50,1086.367433
-38.0,50,1088.906493
-38.0,50,1091.446593
-38.0,50,1093.944621
-38.0,50,1096.603747
7.0,50,1099.404026
-38.0,50,1102.074033
-38.0,50,1104.700866
-38.0,50,1107.286995
-38.0,50,1109.8748
-14.0,50,1112.383464
-38.0,50,1114.92152
-6.0,50,1117.466335
-38.0,50,1120.068486
-38.0,50,1122.720447
17.0,50,1125.367509
-38.0,50,1127.992895
-38.0,50,1130.666126
-38.0,50,1133.236675
-38.0,50,1135.775693
8.0,50,1138.362452
-38.0,50,1140.908146
-38.0,50,1143.50029
-38.0,50,1146.070033
-38.0,50,1148.669461
23.0,50,1151.32204
-38.0,50,1153.999073
-38.0,50,1156.660524
-38.0,50,1159.478511
-38.0,50,1162.38327
-11.0,50,1165.570142
19.0,50,1168.27902
-38.0,50,1171.256236
-38.0,50,1173.974196
-15.0,50,1176.481253
-38.0,50,1178.998172
-38.0,50,1181.586212
-38.0,50,1184.101471
2.0,50,1186.629197
-7.0,50,1189.190829
-38.0,50,1191.764074
-38.0,50,1194.305834
25.0,50,1197.048993
19.0,50,1197.237065
-38.0,50,1197.427579
29.0,50,1197.599883
-10.0,50,1197.778128
26.0,50,1197.938266
-38.0,50,1198.121111
-38.0,50,1198.313645
21.0,50,1198.502588
-7.0,50,1198.723346
-38.0,50,1198.929665
-38.0,50,1201.68463
9.0,50,1204.420576
-38.0,50,1207.313066
-38.0,50,1210.04111
-38.0,50,1212.813901
-44.0,50,1215.581386
-38.0,50,1218.403895
26.0,50,1221.048852
-12.0,50,1223.932081
-8.0,50,1226.735923
-11.0,50,1229.491757
-38.0,50,1232.137268
-9.0,50,1234.957845
-38.0,50,1237.714838
-38.0,50,1240.477209
15.0,50,1243.459553
-38.0,50,1246.410376
-38.0,50,1249.531422
-38.0,50,1252.309557
7.0,50,1255.105448
-38.0,50,1258.110065
-38.0,50,1260.78009
-38.0,50,1263.813783
-38.0,50,1266.638321
-38.0,50,1269.420084
4.0,50,1272.144151
-38.0,50,1274.845131
-38.0,50,1277.512924
-38.0,50,1280.211986
-38.0,50,1282.834674
-38.0,50,1285.419311
-38.0,50,1288.107385
23.0,50,1290.929737
-6.0,50,1293.710555
22.0,50,1296.587327
9.0,50,1299.544102
-15.0,50,1302.387553
-38.0,50,1305.373258
14.0,50,1308.244488
-38.0,50,1310.947989
7.0,50,1313.902961
-13.0,50,1317.018304
-38.0,50,1319.632029
-38.0,50,1322.28056
-38.0,50,1324.922016
-38.0,50,1327.584034
-38.0,50,1330.237431
-38.0,50,1332.867368
-44.0,50,1335.518735
26.0,50,1338.206605
17.0,50,1338.369007
25.0,50,1338.535266
22.0,50,1338.699603
25.0,50,1338.880418
24.0,50,1339.051247
-38.0,50,1339.243285
23.0,50,1339.411644
27.0,50,1339.581325
22.0,50,1339.761554
2.0,50,1339.92096
-10.0,50,1342.588852
-7.0,50,1345.245993
-44.0,50,1347.917327
-1.0,50,1350.595627
-38.0,50,1353.305644
-38.0,50,1356.113346
-38.0,50,1358.964246
21.0,50,1361.796365
1.0,50,1364.535601
24.0,50,1367.515332
-38.0,50,1370.3844
26.0,50,1373.212116
4.0,50,1375.92944
25.0,50,1378.678851
-13.0,50,1381.420991
13.0,50,1384.215744
-38.0,50,1386.972382
-13.0,50,1389.86363
12.0,50,1392.589339
-16.0,50,1395.28792
-38.0,50,1398.031024
-4.0,50,1400.826577
-38.0,50,1403.789629
-44.0,50,1406.682437
-38.0,50,1409.624753
-38.0,50,1412.524622
22.0,50,1415.249981
-16.0,50,1418.150439
-38.0,50,1421.065773
13.0,50,1424.012177
-38.0,50,1426.88689
-13.0,50,1429.752175
-38.0,50,1432.747289
14.0,50,1435.780914
-38.0,50,1438.658646
16.0,50,1441.529675
-38.0,50,1444.369671
-38.0,50,1447.550793
-38.0,50,1450.53393
-38.0,50,1453.654675
-38.0,50,1457.053179
-38.0,50,1459.842983
-38.0,50,1462.614228
-16.0,50,1465.457121
-38.0,50,1468.317828
3.0,50,1471.127628
-38.0,50,1474.137401
-38.0,50,1477.195479
-38.0,50,1480.097554
-11.0,50,1483.013551
-38.0,50,1483.196059
-38.0,50,1483.372261
-12.0,50,1483.583146
-38.0,50,1483.753951
-38.0,50,1483.947094
-38.0,50,1484.116497
-38.0,50,1484.305581
24.0,50,1484.486232
-12.0,50,1484.665401
-38.0,50,1484.843751
-2.0,50,1487.78054
-14.0,50,1490.787208
-38.0,50,1494.043669
-5.0,50,1496.989243
3.0,50,1499.81494
-38.0,50,1502.613685
9.0,50,1505.497961
-38.0,50,1508.299381
-4.0,50,1511.166048
1.0,50,1514.147257
-38.0,50,1516.95664
-38.0,50,1519.773131
11.0,50,1522.681025
-2.0,50,1525.620576
5.0,50,1528.51829
-38.0,50,1531.476321
-38.0,50,1534.407125
-13.0,50,1537.299654
-38.0,50,1540.310874
-9.0,50,1543.278831
-38.0,50,1546.144879
-38.0,50,1549.333475
8.0,50,1552.671338
1.0,50,1555.678113
-44.0,50,1558.682238
-38.0,50,1561.785567
-17.0,50,1564.753714
-38.0,50,1567.719288
-38.0,50,1570.811829
-6.0,50,1573.857877
-38.0,50,1576.956501
-38.0,50,1579.879868
-3.0,50,1582.81316
3.0,50,1585.774019
14.0,50,1588.821739
-38.0,50,1591.793442
19.0,50,1594.69568
-38.0,50,1597.756537
-38.0,50,1600.904683
-38.0,50,1603.869596
-38.0,50,1606.884303
19.0,50,1610.103627
-38.0,50,1613.314307
20.0,50,1616.478117
-5.0,50,1619.595975
-38.0,50,1622.705611
-38.0,50,1625.74583
21.0,50,1628.801494
-38.0,50,1631.825691
-38.0,50,1635.022901
21.0,50,1635.242755
26.0,50,1635.419974
24.0,50,1635.609506
23.0,50,1635.812874
-38.0,50,1636.051066
21.0,50,1636.285558
20.0,50,1636.487897
-38.0,50,1636.710235
-38.0,50,1636.919218
24.0,50,1637.130151
-38.0,50,1640.300157
-16.0,50,1643.392881
-38.0,50,1646.357529
-38.0,50,1649.546377
-11.0,50,1652.590599
-38.0,50,1655.568767
-38.0,50,1658.540155
-38.0,50,1661.576007
-38.0,50,1664.874219
10.0,50,1667.855974
22.0,50,1670.805678
-2.0,50,1673.766281
-14.0,50,1676.689869
-8.0,50,1679.66511
-38.0,50,1682.577407
-38.0,50,1685.616016
-38.0,50,1688.554732
-15.0,50,1691.510066
-38.0,50,1694.481473
6.0,50,1697.755303
-7.0,50,1700.915891
-38.0,50,1703.931101
5.0,50,1707.051924
2.0,50,1710.092492
-38.0,50,1713.181983
-11.0,50,1716.461358
-17.0,50,1719.686464
3.0,50,1722.937963
3.0,50,1726.2435
-38.0,50,1729.4141
-38.0,50,1732.39382
24.0,50,1735.36728
-38.0,50,1738.350223
-44.0,50,1742.551563
26.0,50,1752.830896
6.0,50,1756.647563
-8.0,50,1760.011214
-38.0,50,1763.367247
1.0,50,1766.691636
-15.0,50,1769.966855
-38.0,50,1773.337207
-38.0,50,1776.558765
-38.0,50,1779.980131
-38.0,50,1783.387037
-38.0,50,1787.263818
2.0,50,1791.119008
-4.0,50,1794.900407
-38.0,50,1798.587234
-12.0,50,1802.441791
26.0,50,1806.278384
19.0,50,1806.471452
-38.0,50,1806.735392
-38.0,50,1806.947834
21.0,50,1807.126412
-38.0,50,1807.342469
-38.0,50,1807.572132
-38.0,50,1807.826694
-15.0,50,1808.058752
-11.0,50,1808.273191
1.0,50,1808.54131
-17.0,50,1812.618675
-6.0,50,1816.452986
-10.0,50,1819.933349
-12.0,50,1823.972308
-38.0,50,1827.580374
-17.0,50,1831.43897
22.0,50,1835.292454
-10.0,50,1839.153667
-16.0,50,1842.615852
19.0,50,1846.348739
-38.0,50,1849.875143
-38.0,50,1853.495562
16.0,50,1857.042619
-38.0,50,1860.38392
-9.0,50,1864.087082
17.0,50,1868.681645
-38.0,50,1872.547524
-38.0,50,1876.22634
-38.0,50,1879.76486
0.0,50,1883.084637
-2.0,50,1886.495344
5.0,50,1889.955694
-38.0,50,1893.370547
14.0,50,1896.626997
-38.0,50,1899.849401
-15.0,50,1903.128248
18.0,50,1906.387742
-38.0,50,1909.680454
-38.0,50,1912.998808
-3.0,50,1916.229888
-38.0,50,1920.02459
-38.0,50,1923.985614
15.0,50,1927.671555
-16.0,50,1931.297571
16.0,50,1934.575018
-38.0,50,1938.067153
-17.0,50,1941.59063
-14.0,50,1945.026943
-38.0,50,1948.493015
-9.0,50,1951.992234
17.0,50,1955.412814
24.0,50,1958.827559
-38.0,50,1962.432683
-38.0,50,1965.917213
-13.0,50,1969.699528
-38.0,50,1973.336249
18.0,50,1976.907693
-12.0,50,1980.546235
0.0,50,1984.051085
21.0,50,1987.409003
17.0,50,1987.592342
28.0,50,1987.787918
27.0,50,1987.969095
6.0,50,1988.149418
20.0,50,1988.334572
24.0,50,1988.533847
27.0,50,1988.727363
8.0,50,1988.930974
12.0,50,1989.12952
-38.0,50,1989.325206
-9.0,50,1992.844583
-38.0,50,1996.502084
13.0,50,2000.004315
-38.0,50,2003.384884
12.0,50,2006.820383
19.0,50,2010.199341
-38.0,50,2013.590396
-8.0,50,2017.023592
-38.0,50,2020.439483
-38.0,50,2023.956201
21.0,50,2027.812745
-38.0,50,2031.435234
-38.0,50,2035.090979
-9.0,50,2038.870548
10.0,50,2042.354267
-38.0,50,2045.80428
20.0,50,2049.314191
6.0,50,2052.984711
23.0,50,2056.688213
-38.0,50,2060.631106
-38.0,50,2064.364673
23.0,50,2067.765361
26.0,50,2071.125548
-38.0,50,2074.523017
16.0,50,2078.001864
-14.0,50,2081.490721
-38.0,50,2084.953217
21.0,50,2088.826616
11.0,50,2092.694133
14.0,50,2096.182777
-38.0,50,2100.10103
-38.0,50,2104.010632
5.0,50,2107.517281
-38.0,50,2110.931137
-38.0,50,2114.649863
-38.0,50,2118.254527
-38.0,50,2121.972799
-15.0,50,2125.45271
-38.0,50,2128.86308
-38.0,50,2132.459331
-38.0,50,2136.007174
12.0,50,2139.430472
-38.0,50,2142.812699
15.0,50,2146.445681
23.0,50,2149.938397
8.0,50,2153.422814
-38.0,50,2157.186012
-38.0,50,2160.951951
20.0,50,2164.578003
10.0,50,2168.326325
-38.0,50,2168.549073
22.0,50,2168.741091
25.0,50,2168.939817
23.0,50,2169.1275
20.0,50,2169.344835
12.0,50,2169.546439
28.0,50,2169.777351
17.0,50,2169.97718
15.0,50,2170.180787
-38.0,50,2170.386945
-38.0,50,2174.04498
-13.0,50,2177.497311
28.0,50,2180.971352
15.0,50,2184.456089
-38.0,50,2188.178748
-38.0,50,2191.713037
-38.0,50,2195.159263
13.0,50,2198.727145
-8.0,50,2202.232611
-38.0,50,2205.601896
-7.0,50,2208.994741
-38.0,50,2212.348771
18.0,50,2215.717315
-38.0,50,2219.097971
-38.0,50,2222.476004
-38.0,50,2225.830474
2.0,50,2229.177174
-38.0,50,2232.516037
28.0,50,2235.980969
-38.0,50,2239.369636
13.0,50,2242.728256
8.0,50,2246.057349
-38.0,50,2249.401121
-38.0,50,2252.769495
1.0,50,2256.124303
10.0,50,2259.628562
3.0,50,2263.06447
-38.0,50,2267.024051
-38.0,50,2271.067092
13.0,50,2274.60412
-38.0,50,2278.29387
9.0,50,2282.014926
18.0,50,2285.880865
-2.0,50,2289.284166
-13.0,50,2292.648345
22.0,50,2296.064994
12.0,50,2299.456655
-11.0,50,2303.054714
-38.0,50,2306.759807
9.0,50,2310.208264
-38.0,50,2313.671405
-3.0,50,2317.126304
-38.0,50,2320.634578
3.0,50,2324.082488
-38.0,50,2327.498962
-13.0,50,2330.919184
-38.0,50,2334.32593
-17.0,50,2337.742126
-38.0,50,2341.1315
-38.0,50,2344.566676
28.0,50,2344.742783
21.0,50,2344.918659
3.0,50,2345.090387
21.0,50,2345.277158
-38.0,50,2345.463819
25.0,50,2345.649736
23.0,50,2345.830197
-3.0,50,2346.017762
21.0,50,2346.212193
-38.0,50,2346.390249
-38.0,50,2349.843097
-5.0,50,2353.307206
-38.0,50,2356.799385
-3.0,50,2360.314783
-38.0,50,2363.846147
20.0,50,2367.342702
-2.0,50,2370.919541
-38.0,50,2374.435295
-38.0,50,2377.907214
12.0,50,2381.359087
-8.0,50,2384.817033
-3.0,50,2388.28916
6.0,50,2391.74462
-17.0,50,2395.293327
10.0,50,2398.873854
23.0,50,2402.323684
25.0,50,2405.791597
-38.0,50,2409.305427
-9.0,50,2412.907247
5.0,50,2416.430691
-38.0,50,2420.039508
-11.0,50,2423.549834
-38.0,50,2427.092409
-38.0,50,2430.602669
7.0,50,2434.3348
1.0,50,2437.972962
-16.0,50,2441.601992
-38.0,50,2445.269168
-38.0,50,2448.965511
-38.0,50,2452.582356
-44.0,50,2456.218103
10.0,50,2459.924837
-38.0,50,2463.614071
17.0,50,2467.188158
14.0,50,2470.897339
-38.0,50,2474.653797
17.0,50,2478.238193
-38.0,50,2481.839179
-15.0,50,2485.419889
-38.0,50,2489.018233
-38.0,50,2492.603601
26.0,50,2496.175386
-4.0,50,2499.908624
-3.0,50,2503.566306
15.0,50,2507.259356
-14.0,50,2511.241369
-38.0,50,2515.409097
10.0,50,2519.145882
3.0,50,2523.153806
11.0,50,2527.149538
-38.0,50,2527.346167
18.0,50,2527.527458
-11.0,50,2527.715436
22.0,50,2527.894327
-8.0,50,2528.084555
-9.0,50,2528.279569
20.0,50,2528.46384
-8.0,50,2528.638357
-15.0,50,2528.825067
21.0,50,2529.00091
1.0,50,2532.541158
-6.0,50,2536.166793
21.0,50,2539.705505
-38.0,50,2543.25565
9.0,50,2546.939804
-38.0,50,2550.601013
7.0,50,2554.400772
-12.0,50,2558.237631
-38.0,50,2562.4147
-12.0,50,2565.975556
-38.0,50,2569.528929
-38.0,50,2573.16537
-38.0,50,2576.846329
-15.0,50,2580.429607
-38.0,50,2584.241705
-38.0,50,2587.888065
-38.0,50,2591.440893
-38.0,50,2595.010517
3.0,50,2598.614819
-38.0,50,2602.261714
15.0,50,2605.863014
-13.0,50,2609.420531
18.0,50,2612.989745
7.0,50,2616.600226
-5.0,50,2620.27516
11.0,50,2624.021264
-38.0,50,2627.633556
-1.0,50,2631.2549
-38.0,50,2634.871906
-38.0,50,2638.516918
-38.0,50,2642.113863
2.0,50,2645.719523
10.0,50,2649.382924
-38.0,50,2653.061355
13.0,50,2656.751907
-38.0,50,2660.370202
-38.0,50,2664.093363
18.0,50,2668.124102
0.0,50,2671.873735
-8.0,50,2675.549915
21.0,50,2679.235542
-38.0,50,2682.87411
-11.0,50,2686.572932
-2.0,50,2690.427795
-38.0,50,2694.597291
-38.0,50,2698.709419
-17.0,50,2703.161035
-38.0,50,2707.119285
-10.0,50,2711.021377
1.0,50,2715.225393
25.0,50,2715.391064
23.0,50,2715.594859
24.0,50,2715.79146
25.0,50,2715.981219
18.0,50,2716.169971
13.0,50,2716.356297
22.0,50,2716.578197
-38.0,50,2716.783612
19.0,50,2716.985685
6.0,50,2717.203457
18.0,50,2720.973717
-17.0,50,2724.721766
-38.0,50,2728.549831
-38.0,50,2732.429632
13.0,50,2736.334541
-38.0,50,2740.145515
6.0,50,2743.982832
-38.0,50,2747.681595
26.0,50,2751.445049
-38.0,50,2755.216778
-38.0,50,2758.959279
-38.0,50,2762.682425
-38.0,50,2766.453285
18.0,50,2770.165864
21.0,50,2773.867855
-38.0,50,2777.778902
11.0,50,2781.667347
-38.0,50,2785.896903
10.0,50,2789.881313
21.0,50,2793.832238
24.0,50,2798.095636
-15.0,50,2802.371466
25.0,50,2806.618184
-6.0,50,2811.447772
-38.0,50,2815.599314
-38.0,50,2819.593335
-38.0,50,2823.350551
12.0,50,2827.332582
-13.0,50,2831.210445
-38.0,50,2835.029279
2.0,50,2838.807196
-38.0,50,2842.807182
-16.0,50,2846.763623
-14.0,50,2850.61273
-10.0,50,2854.529434
-38.0,50,2858.398505
-38.0,50,2862.337576
-14.0,50,2866.254013
-38.0,50,2870.15399
-38.0,50,2874.024292
-38.0,50,2877.913522
16.0,50,2881.778066
-38.0,50,2885.643148
-6.0,50,2889.688128
-38.0,50,2893.722686
-38.0,50,2897.823644
5.0,50,2901.781675
23.0,50,2905.646926
-38.0,50,2909.530211
12.0,50,2913.527771
19.0,50,2913.71582
-38.0,50,2913.900578
20.0,50,2914.092401
25.0,50,2914.292668
23.0,50,2914.482011
-1.0,50,2914.68125
-10.0,50,2914.883803
17.0,50,2915.093216
22.0,50,2915.292055
-38.0,50,2915.481112
-5.0,50,2919.692878
-10.0,50,2923.773134
-38.0,50,2927.740185
-38.0,50,2931.640372
-38.0,50,2935.592367
5.0,50,2939.520856
13.0,50,2943.623122
-38.0,50,2947.668674
22.0,50,2953.030509
21.0,50,2960.346008
16.0,50,2964.595407
-38.0,50,2969.157954
-15.0,50,2973.932202
-38.0,50,2978.047518
-38.0,50,2982.189045
22.0,50,2986.368036
-14.0,50,2990.414275
-38.0,50,2994.403486
10.0,50,2999.15955
14.0,50,3003.548287
-11.0,50,3007.66881
-9.0,50,3012.256788
-38.0,50,3017.096947
20.0,50,3021.466675
-13.0,50,3025.471078
-38.0,50,3029.585979
-38.0,50,3033.638408
-38.0,50,3037.911106
9.0,50,3041.906121
-11.0,50,3045.897782
-4.0,50,3050.003319
-38.0,50,3054.073366
4.0,50,3058.216414
-6.0,50,3062.363302
-8.0,50,3067.009695
-38.0,50,3071.823185
-38.0,50,3076.241309
12.0,50,3080.405419
-38.0,50,3084.494239
-38.0,50,3088.633427
8.0,50,3092.858813
-38.0,50,3096.999327
-14.0,50,3101.190239
-38.0,50,3105.252977
-38.0,50,3109.661302
3.0,50,3114.019904
-38.0,50,3118.544773
-38.0,50,3123.260773
-38.0,50,3127.461583
20.0,50,3132.010696
0.0,50,3132.228961
18.0,50,3132.434481
25.0,50,3132.639902
3.0,50,3132.839081
20.0,50,3133.053238
28.0,50,3133.278808
17.0,50,3133.504786
13.0,50,3133.716269
-1.0,50,3133.941547
0.0,50,3134.14086
-9.0,50,3138.845432
13.0,50,3143.830918
16.0,50,3148.427788
23.0,50,3153.945748
-38.0,50,3158.695185
-7.0,50,3162.800049
-38.0,50,3166.859615
23.0,50,3170.77628
21.0,50,3174.685463
-16.0,50,3178.574765
10.0,50,3182.488661
-4.0,50,3186.389697
-4.0,50,3190.411558
23.0,50,3194.72269
0.0,50,3199.025735
-38.0,50,3203.079218
20.0,50,3207.054809
-38.0,50,3211.010436
15.0,50,3214.992643
4.0,50,3218.958254
5.0,50,3222.935111
18.0,50,3226.89715
-38.0,50,3230.848434
-14.0,50,3234.840747
7.0,50,3238.807376
1.0,50,3242.784741
4.0,50,3246.762616
-38.0,50,3250.759036
2.0,50,3254.756422
-38.0,50,3258.760378
21.0,50,3264.968642
-38.0,50,3269.006468
-16.0,50,3273.1097
19.0,50,3277.25975
-38.0,50,3281.327889
-9.0,50,3285.530644
1.0,50,3289.607355
-12.0,50,3293.616836
11.0,50,3297.975383
-5.0,50,3302.021417
-13.0,50,3306.066483
15.0,50,3310.193619
7.0,50,3314.621725
-38.0,50,3319.011883
-10.0,50,3323.153278
-17.0,50,3327.257801
5.0,50,3331.345576
21.0,50,3335.472368
-8.0,50,3339.60709
19.0,50,3343.794526
24.0,50,3343.991123
23.0,50,3344.187327
14.0,50,3344.371968
21.0,50,3344.559849
-38.0,50,3344.743886
22.0,50,3344.930062
-13.0,50,3345.126316
27.0,50,3345.320979
27.0,50,3345.516204
10.0,50,3345.689171
-4.0,50,3349.771113
1.0,50,3353.875639
-15.0,50,3358.02329
-38.0,50,3362.177678
-38.0,50,3366.32995
-38.0,50,3370.420046
-38.0,50,3374.572737
-15.0,50,3378.697932
-38.0,50,3382.859423
-38.0,50,3386.988604
-10.0,50,3391.193938
19.0,50,3395.479775
-38.0,50,3399.716287
-38.0,50,3403.860012
25.0,50,3408.020308
-13.0,50,3412.184533
-38.0,50,3416.532026
-10.0,50,3420.99841
16.0,50,3425.279546
-12.0,50,3429.490864
4.0,50,3433.981294
-38.0,50,3438.253367
22.0,50,3442.944551
18.0,50,3447.543206
-38.0,50,3452.11398
13.0,50,3456.588201
-38.0,50,3461.008343
-7.0,50,3465.449659
21.0,50,3470.105675
7.0,50,3474.974624
-3.0,50,3479.189046
5.0,50,3483.574207
12.0,50,3487.776572
2.0,50,3492.07854
-2.0,50,3496.479003
-14.0,50,3501.019049
-38.0,50,3505.723696
25.0,50,3510.13806
-3.0,50,3514.805887
-9.0,50,3519.279145
14.0,50,3523.521091
-38.0,50,3527.785555
14.0,50,3532.451793
-38.0,50,3537.221114
-38.0,50,3541.685394
-38.0,50,3546.153523
7.0,50,3550.730172
25.0,50,3555.182958
20.0,50,3559.414331
20.0,50,3563.768815
19.0,50,3563.956549
20.0,50,3564.142765
17.0,50,3564.334145
19.0,50,3564.522852
17.0,50,3564.71246
24.0,50,3564.919461
-15.0,50,3565.112093
23.0,50,3565.306355
23.0,50,3565.490185
-38.0,50,3565.663078
-3.0,50,3569.869799
-2.0,50,3574.091831
-3.0,50,3578.268137
-44.0,50,3582.462013
-5.0,50,3586.696457
23.0,50,3590.903201
-3.0,50,3595.178878
-14.0,50,3599.438822
-38.0,50,3603.720914
-38.0,50,3607.92391
5.0,50,3612.181327
-10.0,50,3616.369078
4.0,50,3620.971778
-10.0,50,3625.435498
22.0,50,3629.884352
-38.0,50,3634.314517
11.0,50,3638.778974
-38.0,50,3643.234347
-3.0,50,3647.700844
21.0,50,3652.623317
0.0,50,3657.060341
1.0,50,3661.474259
-38.0,50,3665.973498
-38.0,50,3670.669809
5.0,50,3675.247867
18.0,50,3679.562646
3.0,50,3683.861038
14.0,50,3688.230471
-38.0,50,3692.679012
-1.0,50,3697.260113
-14.0,50,3701.986807
-38.0,50,3707.197046
-38.0,50,3711.45222
0.0,50,3715.756913
-9.0,50,3720.159998
-15.0,50,3724.765005
-38.0,50,3729.321386
-38.0,50,3733.658512
-38.0,50,3738.043168
-38.0,50,3742.391462
-38.0,50,3746.746186
-15.0,50,3751.257138
1.0,50,3755.585054
-7.0,50,3759.946871
-38.0,50,3764.349787
10.0,50,3768.869229
-38.0,50,3773.187752
-38.0,50,3777.55196
13.0,50,3781.934184
11.0,50,3786.286925
13.0,50,3786.461203
22.0,50,3786.652599
16.0,50,3786.851074
15.0,50,3787.0403
28.0,50,3787.229567
26.0,50,3787.414594
27.0,50,3787.59821
19.0,50,3787.780597
19.0,50,3787.961312
-38.0,50,3788.132426
14.0,50,3792.470347
-38.0,50,3796.846938
14.0,50,3801.252882
6.0,50,3805.603008
-3.0,50,3809.933664
2.0,50,3814.29878
-38.0,50,3818.640172
-38.0,50,3822.950177
-12.0,50,3827.301574
-38.0,50,3831.714575
-38.0,50,3836.125763
-38.0,50,3840.461723
-38.0,50,3844.798669
-14.0,50,3849.104171
-38.0,50,3853.467485
-38.0,50,3857.949242
-10.0,50,3862.360964
9.0,50,3866.739923
17.0,50,3871.133801
16.0,50,3875.535285
-6.0,50,3879.943471
11.0,50,3884.295233
25.0,50,3888.695723
-13.0,50,3893.135866
-4.0,50,3897.51225
13.0,50,3901.929718
4.0,50,3906.333135
23.0,50,3910.769108
-15.0,50,3915.312145
-38.0,50,3919.733724
-38.0,50,3924.115848
21.0,50,3928.508444
-13.0,50,3932.907717
-3.0,50,3937.32685
0.0,50,3941.750081
15.0,50,3946.118601
-38.0,50,3950.556115
-11.0,50,3954.968083
14.0,50,3959.427183
-10.0,50,3963.882786
16.0,50,3968.305036
1.0,50,3972.739847
-38.0,50,3977.208612
-38.0,50,3981.669267
-38.0,50,3986.152213
5.0,50,3990.64864
-17.0,50,3995.192086
21.0,50,3999.908996
10.0,50,4004.542246
23.0,50,4009.07436
26.0,50,4009.245422
20.0,50,4009.443516
25.0,50,4009.645355
17.0,50,4009.840981
22.0,50,4010.041111
21.0,50,4010.255915
-38.0,50,4010.491542
26.0,50,4010.701671
5.0,50,4010.873045
-8.0,50,4011.043685
-4.0,50,4015.580892
-38.0,50,4020.123507
-10.0,50,4024.617373
-38.0,50,4029.234868
-6.0,50,4033.687482
-10.0,50,4038.352808
-3.0,50,4043.113726
-17.0,50,4047.603587
-38.0,50,4052.075449
3.0,50,4056.585942
-1.0,50,4061.056889
-2.0,50,4065.548256
-13.0,50,4070.082541
-7.0,50,4074.664145
8.0,50,4079.219914
-9.0,50,4083.683657
23.0,50,4088.149309
1.0,50,4092.64262
-10.0,50,4097.176937
-15.0,50,4101.679551
-13.0,50,4106.203262
-38.0,50,4110.656461
9.0,50,4115.184882
-13.0,50,4119.714545
0.0,50,4124.294528
6.0,50,4128.854589
-38.0,50,4133.35172
-38.0,50,4137.847543
-11.0,50,4142.400134
4.0,50,4146.880149
0.0,50,4151.436633
-38.0,50,4156.035786
-38.0,50,4160.605684
-13.0,50,4165.184845
-14.0,50,4169.76006
-4.0,50,4174.296057
19.0,50,4178.845676
-13.0,50,4183.401645
2.0,50,4187.945022
-38.0,50,4192.476348
-13.0,50,4197.019406
17.0,50,4201.538763
26.0,50,4206.154675
-38.0,50,4211.041375
11.0,50,4215.885992
-14.0,50,4220.669342
-6.0,50,4225.416627
0.0,50,4230.099394
-38.0,50,4234.92776
18.0,50,4239.945351
24.0,50,4240.145681
19.0,50,4240.361249
28.0,50,4240.581502
22.0,50,4240.793077
22.0,50,4240.982488
22.0,50,4241.17732
19.0,50,4241.361275
27.0,50,4241.557647
22.0,50,4241.774595
25.0,50,4241.973495
-12.0,50,4246.816291
-38.0,50,4251.598651
10.0,50,4256.507469
2.0,50,4261.454614
-1.0,50,4266.20909
-5.0,50,4271.042164
-38.0,50,4275.849505
-14.0,50,4280.710665
-38.0,50,4285.396409
24.0,50,4290.255977
18.0,50,4294.968508
2.0,50,4299.715244
-38.0,50,4304.597817
24.0,50,4309.429328
-38.0,50,4314.172611
-38.0,50,4318.826766
-38.0,50,4323.731603
0.0,50,4328.603775
17.0,50,4333.316387
-38.0,50,4338.00361
10.0,50,4343.414412
-12.0,50,4348.206596
16.0,50,4352.937155
-8.0,50,4357.97134
15.0,50,4362.938475
9.0,50,4367.899531
-10.0,50,4372.865396
18.0,50,4377.52339
-38.0,50,4382.195386
-38.0,50,4386.791256
-38.0,50,4391.477893
-38.0,50,4396.196276
-11.0,50,4400.809118
5.0,50,4405.545362
-14.0,50,4410.283055
7.0,50,4415.005077
23.0,50,4419.731472
-38.0,50,4424.450116
-38.0,50,4429.162386
-3.0,50,4433.776978
9.0,50,4438.399544
9.0,50,4443.050958
16.0,50,4447.7791
17.0,50,4452.495214
23.0,50,4457.222902
-38.0,50,4461.892122
-38.0,50,4466.613085
-12.0,50,4471.326727
-38.0,50,4475.990524
27.0,50,4480.680931
13.0,50,4480.868593
23.0,50,4481.066181
19.0,50,4481.256376
8.0,50,4481.440066
16.0,50,4481.63495
20.0,50,4481.822071
24.0,50,4482.005462
25.0,50,4482.184049
20.0,50,4482.369061
-38.0,50,4482.540016
-13.0,50,4487.307909
-7.0,50,4492.058541
-13.0,50,4496.76994
-17.0,50,4501.602054
-38.0,50,4506.30724
9.0,50,4510.971378
16.0,50,4515.731386
-16.0,50,4520.378835
-38.0,50,4525.1493
22.0,50,4529.879571
11.0,50,4534.566327
21.0,50,4539.298735
-8.0,50,4544.00429
-11.0,50,4549.208547
-38.0,50,4554.033073
25.0,50,4558.860554
-17.0,50,4563.622036
22.0,50,4568.375699
-38.0,50,4573.227563
8.0,50,4577.960205
-11.0,50,4582.767061
-7.0,50,4587.582976
3.0,50,4592.407639
7.0,50,4597.252211
-17.0,50,4602.117057
-11.0,50,4606.896238
-5.0,50,4611.69622
22.0,50,4616.488792
-38.0,50,4621.302934
-44.0,50,4626.171326
-14.0,50,4631.014106
-15.0,50,4635.965693
1.0,50,4640.941692
-38.0,50,4645.831579
-17.0,50,4650.773381
-5.0,50,4655.669713
10.0,50,4660.623132
11.0,50,4665.547321
-3.0,50,4670.876471
-38.0,50,4676.013921
-38.0,50,4681.060444
-5.0,50,4686.095671
-6.0,50,4691.109342
-38.0,50,4696.606518
-38.0,50,4701.73544
-16.0,50,4706.794195
-2.0,50,4711.810214
15.0,50,4716.837583
-12.0,50,4722.105598
16.0,50,4727.196647
27.0,50,4727.400255
11.0,50,4727.611274
27.0,50,4727.838474
22.0,50,4728.032589
22.0,50,4728.226686
26.0,50,4728.440056
23.0,50,4728.629865
18.0,50,4728.828341
-38.0,50,4729.027861
-38.0,50,4729.226341
2.0,50,4734.368148
-38.0,50,4739.704544
21.0,50,4745.024304
-38.0,50,4750.483737
-3.0,50,4755.773517
26.0,50,4760.889944
-38.0,50,4765.841577
12.0,50,4770.793319
-38.0,50,4775.705595
9.0,50,4780.584542
-38.0,50,4785.50566
19.0,50,4790.438663
5.0,50,4795.345652
22.0,50,4800.167913
24.0,50,4805.293006
-38.0,50,4810.343046
-38.0,50,4815.603522
12.0,50,4820.934839
-38.0,50,4826.456867
-16.0,50,4831.585467
23.0,50,4836.438978
8.0,50,4841.30233
0.0,50,4846.72244
1.0,50,4851.994524
-38.0,50,4857.095835
-14.0,50,4862.021376
-17.0,50,4866.866682
-9.0,50,4872.077585
17.0,50,4876.945375
-38.0,50,4882.131606
-38.0,50,4887.241662
12.0,50,4892.120984
-8.0,50,4897.099072
25.0,50,4902.239212
-9.0,50,4907.161423
-38.0,50,4912.037021
-38.0,50,4916.975817
-11.0,50,4921.998899
-38.0,50,4927.02205
-38.0,50,4932.233663
-16.0,50,4937.393516
-9.0,50,4942.503939
26.0,50,4947.627844
10.0,50,4952.629398
11.0,50,4957.701899
-12.0,50,4966.88302
3.0,50,4972.89868
1.0,50,4978.583972
1.0,50,4984.003956
26.0,50,4989.482914
20.0,50,4989.7209
20.0,50,4989.932023
23.0,50,4990.134392
18.0,50,4990.364109
20.0,50,4990.583014
26.0,50,4990.775639
21.0,50,4991.005444
23.0,50,4991.209683
18.0,50,4991.419966
-16.0,50,4991.6423
4.0,50,4997.189854
22.0,50,5002.65131
-16.0,50,5008.098145
-38.0,50,5013.980304
5.0,50,5019.126563
-2.0,50,5024.517149
9.0,50,5029.988846
-3.0,50,5035.212383
16.0,50,5040.437503
-8.0,50,5045.610463
2.0,50,5050.63683
-17.0,50,5055.662493
15.0,50,5060.718293
13.0,50,5065.808164
-38.0,50,5070.962837
-9.0,50,5076.05897
-11.0,50,5081.128731
-13.0,50,5086.215233
-38.0,50,5091.231521
6.0,50,5096.303919
-8.0,50,5101.411825
-10.0,50,5106.512159
10.0,50,5111.907944
13.0,50,5117.329932
10.0,50,5122.919589
-16.0,50,5128.357032
-6.0,50,5133.516057
-3.0,50,5138.744105
-14.0,50,5143.785077
14.0,50,5148.979574
-12.0,50,5154.24549
7.0,50,5159.595256
-11.0,50,5165.194718
2.0,50,5170.430975
-13.0,50,5175.54383
19.0,50,5180.631634
-16.0,50,5185.884664
-38.0,50,5191.225374
-14.0,50,5196.575815
-38.0,50,5201.684417
-38.0,50,5206.691017
-12.0,50,5211.705631
-38.0,50,5216.712526
1.0,50,5221.725295
16.0,50,5226.769108
-15.0,50,5231.846792
-38.0,50,5236.978905
22.0,50,5242.318886
23.0,50,5247.808347
21.0,50,5252.958549
20.0,50,5253.135789
8.0,50,5253.345038
10.0,50,5253.542991
1.0,50,5253.74106
21.0,50,5253.934935
28.0,50,5254.136419
20.0,50,5254.322968
22.0,50,5254.518889
16.0,50,5254.718384
14.0,50,5254.905097
10.0,50,5260.130145
21.0,50,5265.301426
-38.0,50,5270.481798
-38.0,50,5275.986977
5.0,50,5281.426159
1.0,50,5286.621628
11.0,50,5291.841017
-38.0,50,5297.068387
7.0,50,5302.335386
22.0,50,5307.539752
-15.0,50,5312.851776
4.0,50,5318.1095
27.0,50,5323.500732
-38.0,50,5329.400284
-38.0,50,5334.769547
-13.0,50,5340.141844
-11.0,50,5345.440048
-38.0,50,5350.676451
2.0,50,5356.093948
19.0,50,5361.62307
14.0,50,5367.431259
16.0,50,5372.625518
23.0,50,5377.880934
3.0,50,5383.339305
20.0,50,5388.722528
-38.0,50,5394.232138
-38.0,50,5399.792398
17.0,50,5405.320099
0.0,50,5410.843419
-14.0,50,5416.293777
12.0,50,5422.228747
19.0,50,5427.845524
0.0,50,5433.185058
-38.0,50,5438.560039
-38.0,50,5444.054011
-3.0,50,5449.575676
1.0,50,5455.103432
-38.0,50,5460.493674
-38.0,50,5466.27443
19.0,50,5471.865024
8.0,50,5477.508894
9.0,50,5483.180158
-38.0,50,5488.857724
14.0,50,5494.150234
-7.0,50,5499.420228
-38.0,50,5504.745198
11.0,50,5509.918951
-4.0,50,5515.113296
-4.0,50,5520.488821
19.0,50,5526.460885
22.0,50,5526.68523
22.0,50,5526.906941
27.0,50,5527.086241
23.0,50,5527.276919
25.0,50,5527.453883
24.0,50,5527.636153
-6.0,50,5527.816373
-9.0,50,5528.029535
18.0,50,5528.26501
-38.0,50,5528.441327
-12.0,50,5534.166556
20.0,50,5539.48328
-15.0,50,5544.797127
23.0,50,5550.362575
-13.0,50,5555.663443
13.0,50,5560.913529
5.0,50,5566.109867
-5.0,50,5571.312334
20.0,50,5576.572954
2.0,50,5582.252049
-38.0,50,5588.202438
-38.0,50,5593.583574
26.0,50,5598.953935
-16.0,50,5604.221082
14.0,50,5609.46227
-38.0,50,5615.156911
-9.0,50,5620.880466
-38.0,50,5626.560997
0.0,50,5632.134007
-38.0,50,5637.689611
-38.0,50,5643.347808
-17.0,50,5648.844826
-2.0,50,5654.149051
1.0,50,5659.570735
25.0,50,5664.896766
-6.0,50,5670.228984
-38.0,50,5675.549205
15.0,50,5680.846551
19.0,50,5686.187587
18.0,50,5691.548493
-38.0,50,5696.877193
12.0,50,5702.246373
-2.0,50,5707.83597
-9.0,50,5713.520764
-38.0,50,5719.096359
-38.0,50,5724.889639
-8.0,50,5730.396669
7.0,50,5735.892552
-6.0,50,5741.409126
23.0,50,5746.919051
-13.0,50,5752.328875
15.0,50,5757.899385
12.0,50,5763.407303
21.0,50,5769.517567
-38.0,50,5775.37207
1.0,50,5780.967605
-38.0,50,5786.756881
-38.0,50,5792.807223
-38.0,50,5798.49203
19.0,50,5804.310376
18.0,50,5804.523252
21.0,50,5804.750811
13.0,50,5804.95797
21.0,50,5805.188813
20.0,50,5805.404881
25.0,50,5805.655615
24.0,50,5805.884494
18.0,50,5806.120555
22.0,50,5806.390197
20.0,50,5806.667744
-12.0,50,5812.005615
1.0,50,5817.352141
7.0,50,5822.732337
-8.0,50,5828.053402
-10.0,50,5833.494443
-38.0,50,5839.132473
1.0,50,5844.861385
11.0,50,5850.659594
13.0,50,5856.198285
-4.0,50,5861.719931
-38.0,50,5867.156723
15.0,50,5872.620408
-4.0,50,5878.282828
-38.0,50,5884.291588
0.0,50,5889.878808
-38.0,50,5895.297056
-4.0,50,5900.829069
-4.0,50,5906.728516
3.0,50,5912.953487
-38.0,50,5918.795253
-2.0,50,5924.449921
-13.0,50,5930.400196
23.0,50,5935.884558
7.0,50,5941.344097
-9.0,50,5947.157021
2.0,50,5952.962654
17.0,50,5958.526013
16.0,50,5963.964964
-38.0,50,5969.317149
-38.0,50,5974.951552
10.0,50,5980.50609
-38.0,50,5985.927593
6.0,50,5991.438082
21.0,50,5997.285392
3.0,50,6002.771869
-15.0,50,6008.430117
-38.0,50,6014.213748
12.0,50,6019.848435
9.0,50,6025.434204
6.0,50,6031.039692
-15.0,50,6036.614204
-38.0,50,6042.182673
-7.0,50,6047.724314
5.0,50,6053.24137
1.0,50,6058.956393
-38.0,50,6064.516323
2.0,50,6070.099471
-38.0,50,6075.99666
-38.0,50,6081.836265
24.0,50,6087.50956
16.0,50,6087.69388
25.0,50,6087.880767
22.0,50,6088.058021
24.0,50,6088.229388
-38.0,50,6088.412634
21.0,50,6088.583806
25.0,50,6088.761804
22.0,50,6088.945893
11.0,50,6089.133857
-38.0,50,6089.312198
9.0,50,6095.00008
-38.0,50,6100.471525
18.0,50,6106.035025
5.0,50,6112.685075
-38.0,50,6118.799937
6.0,50,6124.809376
23.0,50,6131.25266
15.0,50,6137.258969
-38.0,50,6143.052635
-38.0,50,6148.805091
0.0,50,6154.288766
-3.0,50,6159.821086
-13.0,50,6165.364555
-38.0,50,6170.909137
11.0,50,6176.452733
3.0,50,6181.978506
9.0,50,6187.488802
-17.0,50,6192.961572
2.0,50,6198.549871
-5.0,50,6204.54354
-15.0,50,6210.420516
-11.0,50,6216.247421
15.0,50,6221.821242
-13.0,50,6227.513125
2.0,50,6233.33379
13.0,50,6239.303979
6.0,50,6245.508644
-13.0,50,6251.995203
-10.0,50,6257.715918
11.0,50,6263.310414
17.0,50,6268.849092
-38.0,50,6274.484551
19.0,50,6279.971342
21.0,50,6285.585453
-14.0,50,6291.099983
9.0,50,6296.725138
-4.0,50,6302.352173
7.0,50,6308.00897
-10.0,50,6314.238319
8.0,50,6319.857602
21.0,50,6325.606595
-9.0,50,6331.166454
-14.0,50,6336.719502
-4.0,50,6342.260424
18.0,50,6347.796036
-38.0,50,6353.395951
9.0,50,6359.407156
13.0,50,6365.596897
-11.0,50,6371.433842
17.0,50,6377.754434
22.0,50,6377.965917
21.0,50,6378.185055
19.0,50,6378.391307
19.0,50,6378.57554
25.0,50,6378.764256
24.0,50,6379.008734
22.0,50,6379.203191
19.0,50,6379.395891
22.0,50,6379.588758
21.0,50,6379.769702
-16.0,50,6386.215618
-15.0,50,6392.839595
9.0,50,6398.641726
7.0,50,6404.485815
-7.0,50,6410.503263
-2.0,50,6416.356798
9.0,50,6422.056938
-38.0,50,6427.97442
-38.0,50,6433.762343
-17.0,50,6439.946778
24.0,50,6446.479818
-12.0,50,6452.441448
-5.0,50,6458.030783
10.0,50,6463.675092
14.0,50,6469.321347
-38.0,50,6475.036346
-10.0,50,6480.851076
12.0,50,6486.526376
-38.0,50,6492.635983
7.0,50,6498.300203
19.0,50,6504.084605
-38.0,50,6510.414318
-16.0,50,6516.643883
6.0,50,6522.690675
-38.0,50,6528.667182
-38.0,50,6534.438557
-1.0,50,6540.175988
7.0,50,6545.937244
2.0,50,6551.578516
3.0,50,6557.314534
-38.0,50,6563.09557
-7.0,50,6569.358637
-8.0,50,6575.551436
-38.0,50,6581.56461
-38.0,50,6587.692427
-12.0,50,6593.867035
-13.0,50,6599.575166
-38.0,50,6605.484914
7.0,50,6611.670924
20.0,50,6617.955011
22.0,50,6624.05551
22.0,50,6630.04778
-16.0,50,6636.036413
0.0,50,6642.469843
-7.0,50,6648.611894
17.0,50,6654.965906
-4.0,50,6661.099133
20.0,50,6667.449122
-6.0,50,6674.048942
18.0,50,6680.08704
15.0,50,6680.278555
22.0,50,6680.471779
16.0,50,6680.664369
19.0,50,6680.842926
23.0,50,6681.030198
26.0,50,6681.217986
23.0,50,6681.405108
22.0,50,6681.584819
21.0,50,6681.766603
21.0,50,6681.922393
7.0,50,6687.824807
21.0,50,6693.604777
-6.0,50,6699.333237
14.0,50,6705.162305
-5.0,50,6710.934553
-38.0,50,6716.848444
-4.0,50,6722.631963
-38.0,50,6728.307572
-38.0,50,6734.135128
-38.0,50,6739.912186
-38.0,50,6745.679746
-38.0,50,6751.747369
-5.0,50,6757.668077
19.0,50,6763.518893
-10.0,50,6769.330907
-38.0,50,6775.292208
2.0,50,6781.10865
4.0,50,6786.932527
21.0,50,6792.88776
15.0,50,6799.01729
