# {"t_start": 1586444220.9266915, "env_id": "FetchPickAndPlace-v1"} 
r,l,t
-50.0,50,2.494125
-38.0,50,3.491604
-50.0,50,4.416151
-38.0,50,5.337909
-38.0,50,6.280619
-50.0,50,7.179302
-50.0,50,8.065743
-44.0,50,8.959747
-44.0,50,9.860568
-50.0,50,10.760703
-38.0,50,11.658217
-38.0,50,12.550256
20.0,50,13.430098
-8.0,50,14.320367
-50.0,50,15.212836
-50.0,50,16.101321
-44.0,50,16.996697
-38.0,50,17.888791
-50.0,50,18.781966
-50.0,50,19.679988
-44.0,50,20.617137
-38.0,50,20.79142
-38.0,50,20.962121
-38.0,50,21.136187
-38.0,50,21.319032
-44.0,50,21.482697
-44.0,50,21.650411
-44.0,50,21.822853
-44.0,50,21.993431
-44.0,50,22.152915
-38.0,50,22.360123
-38.0,50,23.265751
-50.0,50,24.164625
-44.0,50,25.061969
-50.0,50,25.961522
-50.0,50,26.860088
-50.0,50,27.772036
-50.0,50,28.68034
-38.0,50,29.599752
-38.0,50,30.536537
-38.0,50,31.472875
20.0,50,32.389179
-50.0,50,33.302623
-44.0,50,34.232432
-38.0,50,35.154766
-44.0,50,36.071147
-38.0,50,36.998905
-38.0,50,37.922445
-44.0,50,38.8672
-50.0,50,39.784796
-50.0,50,40.717645
-50.0,50,40.888701
-44.0,50,41.060147
-44.0,50,41.235118
-44.0,50,41.409003
-5.0,50,41.579645
-38.0,50,41.747633
-44.0,50,41.921612
-44.0,50,42.094017
-50.0,50,42.268125
-44.0,50,42.442225
-44.0,50,43.378109
-44.0,50,44.300856
-14.0,50,45.215583
-38.0,50,46.132841
-38.0,50,47.059928
-50.0,50,47.969599
8.0,50,48.908036
-50.0,50,49.822162
-50.0,50,50.731532
-50.0,50,51.641104
-50.0,50,52.566266
-38.0,50,53.47876
-44.0,50,54.386669
-44.0,50,55.319584
-44.0,50,56.258804
-44.0,50,57.204836
-50.0,50,58.138327
-10.0,50,59.074367
-50.0,50,60.010406
-38.0,50,60.964529
-50.0,50,61.132613
-38.0,50,61.296789
11.0,50,61.469883
-38.0,50,61.639824
-50.0,50,61.799215
-38.0,50,61.961936
-44.0,50,62.121565
-38.0,50,62.284881
-44.0,50,62.446289
-44.0,50,62.602659
-50.0,50,63.529938
-50.0,50,64.469096
-50.0,50,65.403528
-44.0,50,66.337132
-50.0,50,67.250418
-44.0,50,68.20398
-44.0,50,69.154725
-44.0,50,70.091787
-38.0,50,71.04632
-44.0,50,71.980979
-44.0,50,72.901023
-38.0,50,73.851869
-44.0,50,74.803332
-50.0,50,75.72023
-50.0,50,76.635828
20.0,50,77.557343
-44.0,50,78.480476
-50.0,50,79.422082
-50.0,50,80.349104
15.0,50,81.291152
-38.0,50,81.460721
-44.0,50,81.641566
-38.0,50,81.810444
-44.0,50,81.978958
-50.0,50,82.14539
-44.0,50,82.318084
-38.0,50,82.49482
-44.0,50,82.670373
-44.0,50,82.849879
-44.0,50,83.009575
-44.0,50,83.942036
-50.0,50,84.874371
-38.0,50,85.830962
-44.0,50,86.74254
-44.0,50,87.678144
-50.0,50,88.595004
-38.0,50,89.512566
-50.0,50,90.423537
-44.0,50,91.37884
-44.0,50,92.337476
-44.0,50,93.299089
-38.0,50,94.252103
-38.0,50,95.203152
-38.0,50,96.159594
-50.0,50,97.118167
-38.0,50,98.078236
-50.0,50,99.019777
-50.0,50,99.972045
-44.0,50,100.917551
-44.0,50,101.88183
-44.0,50,102.044234
2.0,50,102.216908
-44.0,50,102.401944
-44.0,50,102.563214
-10.0,50,102.743147
-44.0,50,102.917094
-44.0,50,103.084716
20.0,50,103.2683
-44.0,50,103.440389
-38.0,50,103.607742
-50.0,50,104.556386
-44.0,50,105.499746
-50.0,50,106.449725
-50.0,50,107.407677
-38.0,50,108.364403
-44.0,50,109.322977
-50.0,50,110.295594
-50.0,50,111.24262
-44.0,50,112.18172
-50.0,50,113.133554
-44.0,50,114.079022
-44.0,50,115.034597
-44.0,50,115.995605
-44.0,50,116.959257
-50.0,50,117.922982
-7.0,50,118.884111
-44.0,50,119.792322
-50.0,50,120.700477
-50.0,50,121.609763
9.0,50,122.585293
-50.0,50,122.748621
-38.0,50,122.919614
16.0,50,123.093593
20.0,50,123.269288
5.0,50,123.450124
-44.0,50,123.619102
21.0,50,123.79743
-44.0,50,123.961558
-44.0,50,124.121057
-38.0,50,124.289063
7.0,50,125.242182
-50.0,50,126.196586
-50.0,50,127.156413
-50.0,50,128.112248
-38.0,50,129.062298
-50.0,50,130.018557
-44.0,50,130.962984
-8.0,50,131.922475
-44.0,50,132.873382
-44.0,50,133.831472
-44.0,50,134.783081
-44.0,50,135.730459
-50.0,50,136.672862
-50.0,50,137.614295
-50.0,50,138.590294
-44.0,50,139.560467
-38.0,50,140.5302
-50.0,50,141.515074
-50.0,50,142.476699
-44.0,50,143.449476
-50.0,50,143.625372
-50.0,50,143.786256
-44.0,50,143.956808
-44.0,50,144.114592
-38.0,50,144.292783
-38.0,50,144.451907
-44.0,50,144.628801
-50.0,50,144.79772
-38.0,50,144.981609
-50.0,50,145.146371
-44.0,50,146.105213
-44.0,50,147.094471
-44.0,50,148.056605
-50.0,50,149.035321
-44.0,50,150.025439
-44.0,50,150.995713
-50.0,50,151.978649
-50.0,50,152.962017
-50.0,50,153.93464
-44.0,50,154.90569
-44.0,50,155.871204
-44.0,50,156.832153
-38.0,50,157.817341
-38.0,50,158.789309
-38.0,50,159.765518
-50.0,50,160.739019
-38.0,50,161.719059
-38.0,50,162.689404
-44.0,50,163.66126
-44.0,50,164.65222
-50.0,50,164.816948
-50.0,50,164.984313
-44.0,50,165.157988
20.0,50,165.327183
-38.0,50,165.497308
-38.0,50,165.675824
-50.0,50,165.838963
-50.0,50,166.01227
9.0,50,166.175432
-50.0,50,166.343695
-50.0,50,167.327871
-38.0,50,168.308771
-38.0,50,169.29089
-38.0,50,170.293794
-50.0,50,171.297234
-50.0,50,172.286229
-38.0,50,173.288884
-50.0,50,174.287744
-18.0,50,175.286855
-44.0,50,176.286556
-16.0,50,177.290379
-44.0,50,178.289005
-22.0,50,179.285574
-44.0,50,180.271238
-44.0,50,181.267519
-50.0,50,182.265762
-50.0,50,183.257061
-50.0,50,184.244969
-50.0,50,185.236477
17.0,50,186.236909
-44.0,50,186.409908
-5.0,50,186.58823
-44.0,50,186.762501
-44.0,50,186.923028
-38.0,50,187.101019
-44.0,50,187.276827
-44.0,50,187.446787
7.0,50,187.624315
8.0,50,187.815071
-50.0,50,187.992292
-44.0,50,188.989536
-50.0,50,189.981611
-38.0,50,190.984809
-38.0,50,191.969151
-50.0,50,192.957701
-44.0,50,193.946561
-44.0,50,194.948056
-38.0,50,195.945793
-50.0,50,196.955771
-44.0,50,197.951895
-38.0,50,198.954469
-44.0,50,199.951473
-50.0,50,200.953809
-50.0,50,201.947091
-50.0,50,202.951597
-50.0,50,203.951708
-44.0,50,204.948931
-50.0,50,205.949037
-50.0,50,206.947062
-38.0,50,207.951006
-38.0,50,208.125415
11.0,50,208.30097
0.0,50,208.480273
-44.0,50,208.659755
-44.0,50,208.84331
-50.0,50,209.01219
18.0,50,209.188803
4.0,50,209.359283
-50.0,50,209.5371
-38.0,50,209.709088
-44.0,50,210.667882
-44.0,50,211.666877
5.0,50,212.667024
-50.0,50,213.660428
-38.0,50,214.655501
-50.0,50,215.665807
-50.0,50,216.657435
-38.0,50,217.657584
-38.0,50,218.666602
-50.0,50,219.652011
-44.0,50,220.645342
-50.0,50,221.644198
-38.0,50,222.648534
-44.0,50,223.653976
-38.0,50,224.654867
-50.0,50,225.649168
-50.0,50,226.662318
-50.0,50,227.672193
-38.0,50,228.672279
-38.0,50,229.697453
-10.0,50,229.885602
-38.0,50,230.063878
-38.0,50,230.235756
-38.0,50,230.414143
-9.0,50,230.588213
-38.0,50,230.762858
-44.0,50,230.943366
7.0,50,231.121743
-44.0,50,231.295347
6.0,50,231.471199
-38.0,50,232.47726
-44.0,50,233.4912
-50.0,50,234.494934
-50.0,50,235.503115
-50.0,50,236.519574
-38.0,50,237.531771
-44.0,50,238.548344
-50.0,50,239.54628
-44.0,50,240.549161
-50.0,50,241.548511
-50.0,50,242.537678
-20.0,50,243.533509
-50.0,50,244.529974
-50.0,50,245.528722
9.0,50,246.523143
-44.0,50,247.529974
-50.0,50,248.537292
-44.0,50,249.53903
-44.0,50,250.553794
-38.0,50,251.577667
-44.0,50,251.757133
-50.0,50,251.930608
-44.0,50,252.101962
-44.0,50,252.26995
-44.0,50,252.441193
-44.0,50,252.610092
-44.0,50,252.76527
17.0,50,252.94344
-44.0,50,253.112222
-38.0,50,253.274631
-50.0,50,254.283862
-38.0,50,255.283803
-44.0,50,256.281028
-38.0,50,257.273564
-50.0,50,258.270015
-50.0,50,259.272342
-38.0,50,260.282163
-50.0,50,261.279641
-38.0,50,262.304002
-44.0,50,263.306411
-38.0,50,264.318922
-50.0,50,265.326864
-44.0,50,266.328771
-44.0,50,267.323915
-50.0,50,268.339618
-44.0,50,269.372793
-50.0,50,270.407787
-50.0,50,271.435585
-38.0,50,272.472489
-38.0,50,273.494148
7.0,50,273.676062
20.0,50,273.847304
-38.0,50,274.017762
-44.0,50,274.201108
-44.0,50,274.369703
-50.0,50,274.539529
-6.0,50,274.71095
-50.0,50,274.884373
-44.0,50,275.056544
-44.0,50,275.226039
-44.0,50,276.214292
-20.0,50,277.24038
-44.0,50,278.260665
-38.0,50,279.270594
-44.0,50,280.294579
-44.0,50,281.32289
-50.0,50,282.33354
-50.0,50,283.336627
-38.0,50,284.359103
-50.0,50,285.387937
20.0,50,286.414797
-44.0,50,287.43082
-38.0,50,288.449123
-38.0,50,289.471967
-20.0,50,290.494784
-44.0,50,291.521172
-38.0,50,292.562443
-38.0,50,293.576422
-38.0,50,294.611194
-38.0,50,295.635055
-38.0,50,295.800495
-38.0,50,295.974097
-44.0,50,296.144273
-38.0,50,296.316024
-38.0,50,296.494077
-44.0,50,296.652742
-44.0,50,296.823518
-3.0,50,296.994686
-38.0,50,297.171949
-38.0,50,297.350729
-50.0,50,298.383221
-38.0,50,299.425797
-44.0,50,300.451762
-44.0,50,301.490531
-44.0,50,302.516606
-38.0,50,303.544739
-44.0,50,304.572462
-50.0,50,305.622223
-50.0,50,306.648947
-44.0,50,307.668911
-44.0,50,308.687246
-44.0,50,309.710438
-44.0,50,310.734483
-44.0,50,311.754961
-50.0,50,312.776744
-50.0,50,313.804819
-50.0,50,314.830249
-50.0,50,315.852372
-44.0,50,316.872655
-44.0,50,317.893651
-38.0,50,318.065141
-44.0,50,318.243641
9.0,50,318.427235
-44.0,50,318.597044
10.0,50,318.777006
-44.0,50,318.953376
-44.0,50,319.123744
-50.0,50,319.295547
-38.0,50,319.464033
-44.0,50,319.637499
-38.0,50,320.660439
-50.0,50,321.6971
-50.0,50,322.734692
-44.0,50,323.764804
-38.0,50,324.787502
-44.0,50,325.82507
-24.0,50,326.868699
-23.0,50,327.902932
-50.0,50,328.942152
-38.0,50,329.983956
-38.0,50,330.991779
-50.0,50,332.025117
-38.0,50,333.048051
-50.0,50,334.075535
-44.0,50,335.113308
-38.0,50,336.128667
-38.0,50,337.162333
-50.0,50,338.19351
-50.0,50,339.223821
20.0,50,340.256941
20.0,50,340.435249
-44.0,50,340.619063
-44.0,50,340.792139
-44.0,50,340.989117
2.0,50,341.169137
-44.0,50,341.331435
-38.0,50,341.50732
-38.0,50,341.696711
15.0,50,341.873737
-50.0,50,342.048807
-44.0,50,343.087255
-38.0,50,344.123768
-50.0,50,345.165922
-50.0,50,346.211128
-44.0,50,347.264366
-50.0,50,348.30846
-38.0,50,349.356108
-44.0,50,350.391446
-38.0,50,351.424587
-44.0,50,352.453967
-19.0,50,353.493221
19.0,50,354.527417
-38.0,50,355.557553
-38.0,50,356.580823
-44.0,50,357.603323
-44.0,50,358.640805
-44.0,50,359.66931
-38.0,50,360.69985
-50.0,50,361.735513
-44.0,50,362.784201
0.0,50,362.959938
-21.0,50,363.142208
-38.0,50,363.310603
-38.0,50,363.501997
-38.0,50,363.679053
-38.0,50,363.854959
-6.0,50,364.033521
1.0,50,364.208333
-44.0,50,364.396916
-38.0,50,364.575456
-44.0,50,365.609614
-50.0,50,366.648465
-50.0,50,367.676578
-38.0,50,368.714231
-38.0,50,369.751077
-38.0,50,370.787434
-38.0,50,371.824607
-44.0,50,372.858521
-38.0,50,373.890307
-38.0,50,374.927012
-44.0,50,375.95997
-4.0,50,376.98146
-44.0,50,377.991844
-44.0,50,379.018714
-38.0,50,380.051296
-38.0,50,381.082498
-38.0,50,382.11277
-38.0,50,383.159585
-38.0,50,384.196092
-38.0,50,385.253572
-38.0,50,385.434133
7.0,50,385.613819
12.0,50,385.791934
18.0,50,385.973467
-38.0,50,386.135752
-38.0,50,386.318696
-38.0,50,386.496131
13.0,50,386.67449
-38.0,50,386.855937
-44.0,50,387.026035
-38.0,50,388.002638
20.0,50,389.050461
-38.0,50,390.094309
-5.0,50,391.116423
-38.0,50,392.162361
-38.0,50,393.208292
-44.0,50,394.256139
-38.0,50,395.307802
-38.0,50,396.358086
-9.0,50,397.418303
-44.0,50,398.459131
-38.0,50,399.493418
-44.0,50,400.541694
-38.0,50,401.581317
-38.0,50,402.613696
-38.0,50,403.659883
-44.0,50,404.700063
-38.0,50,405.750211
-50.0,50,406.796923
-44.0,50,407.851527
10.0,50,408.025625
-44.0,50,408.222042
-5.0,50,408.407406
14.0,50,408.593146
-44.0,50,408.777821
-38.0,50,408.943973
16.0,50,409.12732
-15.0,50,409.304843
-38.0,50,409.477429
-38.0,50,409.65654
-38.0,50,410.70562
-38.0,50,411.742423
-38.0,50,412.776267
-38.0,50,413.829845
-44.0,50,414.862856
-38.0,50,415.910062
-38.0,50,416.946319
-38.0,50,417.993269
-38.0,50,419.041938
-44.0,50,420.111871
-38.0,50,421.160036
-17.0,50,422.203163
-44.0,50,423.244547
-38.0,50,424.272447
-38.0,50,425.325183
-44.0,50,426.377828
-38.0,50,427.421429
-38.0,50,428.469498
-44.0,50,429.518262
-38.0,50,430.573957
-44.0,50,430.750548
-38.0,50,430.929432
18.0,50,431.108725
-15.0,50,431.283909
3.0,50,431.459173
-38.0,50,431.636837
11.0,50,431.811076
15.0,50,431.99677
-38.0,50,432.176141
-50.0,50,432.334807
-38.0,50,433.358713
-15.0,50,434.369463
-38.0,50,435.425432
-38.0,50,436.479293
-44.0,50,437.545521
-38.0,50,438.588901
-44.0,50,439.635531
-38.0,50,440.675167
-38.0,50,441.731067
-38.0,50,442.777292
-50.0,50,443.82676
-38.0,50,444.890307
-38.0,50,445.939292
-44.0,50,446.996881
-38.0,50,448.046723
-38.0,50,449.084192
-38.0,50,450.136966
-38.0,50,451.182512
-44.0,50,452.223159
17.0,50,453.282868
-44.0,50,453.464353
-44.0,50,453.645313
-3.0,50,453.823438
-44.0,50,453.992297
-16.0,50,454.174653
-38.0,50,454.355948
-44.0,50,454.529721
-44.0,50,454.703665
-44.0,50,454.878698
-38.0,50,455.052519
-38.0,50,456.097256
-38.0,50,457.136858
-38.0,50,458.197816
-44.0,50,459.241944
-44.0,50,460.299954
-38.0,50,461.340736
-38.0,50,462.386835
-20.0,50,463.439214
-38.0,50,464.473052
-38.0,50,465.507355
-44.0,50,466.536692
-38.0,50,467.560844
-38.0,50,468.595004
-15.0,50,469.621102
-38.0,50,470.642144
-38.0,50,471.691835
-44.0,50,472.712784
-44.0,50,473.76097
-38.0,50,474.753654
-16.0,50,475.797105
-44.0,50,475.981645
-16.0,50,476.166044
13.0,50,476.347694
-38.0,50,476.539348
-38.0,50,476.715956
-50.0,50,476.88542
-16.0,50,477.067031
-44.0,50,477.244942
20.0,50,477.419643
-38.0,50,477.603607
-38.0,50,478.665385
-38.0,50,479.651602
-38.0,50,480.636045
-38.0,50,481.622039
-38.0,50,482.626997
-38.0,50,483.613593
-38.0,50,484.600272
-50.0,50,485.584095
-50.0,50,486.566256
-44.0,50,487.561751
-38.0,50,488.590308
-38.0,50,489.628302
-12.0,50,490.656819
-44.0,50,491.685976
-38.0,50,492.71029
-38.0,50,493.751677
-38.0,50,494.775663
-44.0,50,495.826905
-38.0,50,496.875927
-38.0,50,497.925794
-44.0,50,498.100462
-6.0,50,498.272604
10.0,50,498.45397
14.0,50,498.636222
0.0,50,498.814177
-14.0,50,498.993742
1.0,50,499.171144
-14.0,50,499.352056
-44.0,50,499.530885
-38.0,50,499.700954
-44.0,50,500.752552
-38.0,50,501.800117
-50.0,50,502.846251
-38.0,50,503.889338
-38.0,50,504.937043
-38.0,50,505.978287
-44.0,50,507.021327
7.0,50,508.057064
-38.0,50,509.090611
-44.0,50,510.121831
-38.0,50,511.151742
-44.0,50,512.189817
-38.0,50,513.214329
-38.0,50,514.259486
-38.0,50,515.292759
-44.0,50,516.316246
-21.0,50,517.37233
-50.0,50,518.425516
-38.0,50,519.477079
-19.0,50,520.552137
19.0,50,520.722953
-10.0,50,520.90576
11.0,50,521.082242
14.0,50,521.253389
19.0,50,521.431375
0.0,50,521.590606
-44.0,50,521.757523
-10.0,50,521.933272
12.0,50,522.106394
-19.0,50,522.266049
-44.0,50,523.237262
-50.0,50,524.212301
-38.0,50,525.177972
5.0,50,526.163346
-50.0,50,527.140223
-38.0,50,528.129288
-38.0,50,529.183774
-38.0,50,530.256847
-11.0,50,531.307057
-38.0,50,532.357419
-38.0,50,533.407948
-44.0,50,534.449035
-11.0,50,535.508626
-50.0,50,536.573968
-38.0,50,537.624576
-38.0,50,538.656523
-8.0,50,539.705279
-44.0,50,540.758944
-38.0,50,541.813857
16.0,50,542.87556
14.0,50,543.069047
20.0,50,543.251618
10.0,50,543.439688
11.0,50,543.624447
-16.0,50,543.796839
-12.0,50,543.984959
15.0,50,544.154084
6.0,50,544.329921
-44.0,50,544.516352
-38.0,50,544.685088
-38.0,50,545.73594
-38.0,50,546.789065
-38.0,50,547.838083
-38.0,50,548.879008
-38.0,50,549.912689
-38.0,50,550.948632
-38.0,50,551.992652
-38.0,50,553.022604
-8.0,50,554.076572
-38.0,50,555.138319
-3.0,50,556.188796
-38.0,50,557.236883
-14.0,50,558.289697
-44.0,50,559.338241
-38.0,50,560.37246
-38.0,50,561.420622
-44.0,50,562.473144
-13.0,50,563.538295
-38.0,50,564.588428
17.0,50,565.672579
1.0,50,565.857632
10.0,50,566.026212
20.0,50,566.213737
-38.0,50,566.387073
-38.0,50,566.575521
20.0,50,566.754994
14.0,50,566.943223
-10.0,50,567.119861
-44.0,50,567.296312
-38.0,50,567.477702
-17.0,50,568.536097
-38.0,50,569.593455
-38.0,50,570.64347
-44.0,50,571.696182
-38.0,50,572.744229
-38.0,50,573.789052
-38.0,50,574.823553
-38.0,50,575.872623
-38.0,50,576.908834
-38.0,50,577.950273
-38.0,50,578.989508
-1.0,50,580.029634
-2.0,50,581.081585
7.0,50,582.13805
-38.0,50,583.185871
-38.0,50,584.228823
-17.0,50,585.278783
-44.0,50,586.324461
0.0,50,587.377333
11.0,50,588.450681
16.0,50,588.628191
-8.0,50,588.803804
7.0,50,588.983567
10.0,50,589.164658
-38.0,50,589.343646
11.0,50,589.524669
-4.0,50,589.72809
8.0,50,589.902827
6.0,50,590.083594
-8.0,50,590.2581
-38.0,50,591.306725
-38.0,50,592.344758
-38.0,50,593.393154
-44.0,50,594.439587
-38.0,50,595.490055
-14.0,50,596.537343
-38.0,50,597.598256
-38.0,50,598.651685
-44.0,50,599.709776
-38.0,50,600.769183
-9.0,50,601.826269
-38.0,50,602.883962
-44.0,50,603.943887
-38.0,50,604.998816
-38.0,50,606.05035
-38.0,50,607.104257
-11.0,50,608.15807
-38.0,50,609.215924
-50.0,50,610.265527
9.0,50,611.331321
8.0,50,611.508615
-38.0,50,611.682967
20.0,50,611.867218
11.0,50,612.052201
-38.0,50,612.2284
-38.0,50,612.432233
-38.0,50,612.614009
-16.0,50,612.785784
-11.0,50,612.967504
-38.0,50,613.133461
-38.0,50,614.175907
-38.0,50,615.220835
-44.0,50,616.257087
-38.0,50,617.302263
-38.0,50,618.33787
3.0,50,619.382585
-10.0,50,620.417576
2.0,50,621.477831
-38.0,50,622.544129
-8.0,50,623.602263
-38.0,50,624.665878
-38.0,50,625.712209
-12.0,50,626.745771
-38.0,50,627.802767
-10.0,50,628.84518
-38.0,50,629.892723
-13.0,50,630.957385
-11.0,50,632.022519
-38.0,50,633.085419
18.0,50,634.178847
-9.0,50,634.346402
-38.0,50,634.525429
11.0,50,634.709532
-15.0,50,634.880821
5.0,50,635.061466
14.0,50,635.243755
-38.0,50,635.432479
20.0,50,635.624915
-44.0,50,635.802187
-38.0,50,635.966979
-38.0,50,637.012889
-38.0,50,638.078931
-3.0,50,639.121236
-38.0,50,640.162752
-38.0,50,641.208782
-38.0,50,642.246945
2.0,50,643.290307
17.0,50,644.330563
-38.0,50,645.357528
-16.0,50,646.383472
-38.0,50,647.424167
-38.0,50,648.467839
-38.0,50,649.512954
16.0,50,650.565009
-38.0,50,651.62871
-38.0,50,652.696412
-5.0,50,653.748202
-38.0,50,654.794725
-38.0,50,655.848203
9.0,50,656.912687
16.0,50,657.097134
-38.0,50,657.263697
20.0,50,657.440832
-44.0,50,657.621924
-38.0,50,657.796654
-38.0,50,657.960887
14.0,50,658.128168
-38.0,50,658.292216
11.0,50,658.463156
-15.0,50,658.6292
-44.0,50,659.649683
-38.0,50,660.638632
-38.0,50,661.640548
-7.0,50,662.633535
-38.0,50,663.629476
-44.0,50,664.623418
-44.0,50,665.624711
6.0,50,666.630408
7.0,50,667.682583
-23.0,50,668.734328
-22.0,50,669.729894
2.0,50,670.728521
-38.0,50,671.722859
-38.0,50,672.711059
-16.0,50,673.70171
-38.0,50,674.691638
9.0,50,675.689533
-38.0,50,676.671366
-2.0,50,677.67288
-38.0,50,678.669069
-14.0,50,678.853415
-38.0,50,679.041891
-16.0,50,679.212676
16.0,50,679.387104
4.0,50,679.554256
7.0,50,679.720735
-44.0,50,679.889252
12.0,50,680.052356
-38.0,50,680.228173
17.0,50,680.39563
-44.0,50,681.391807
-38.0,50,682.378042
19.0,50,683.370269
-38.0,50,684.348631
-38.0,50,685.332505
-38.0,50,686.322462
-38.0,50,687.320273
4.0,50,688.3182
-44.0,50,689.311311
-44.0,50,690.302011
20.0,50,691.29827
-38.0,50,692.337411
15.0,50,693.400368
-44.0,50,694.467592
-38.0,50,695.47225
-38.0,50,696.475212
1.0,50,697.505488
7.0,50,698.574752
-38.0,50,699.636167
11.0,50,700.722608
3.0,50,700.892368
11.0,50,701.083244
18.0,50,701.256174
-11.0,50,701.420979
13.0,50,701.607711
-6.0,50,701.780835
15.0,50,701.95707
17.0,50,702.138332
-12.0,50,702.317101
-38.0,50,702.497435
-38.0,50,703.535102
9.0,50,704.575949
-5.0,50,705.630663
-38.0,50,706.61111
18.0,50,707.631635
-38.0,50,708.681919
-38.0,50,709.746851
-44.0,50,710.791157
-38.0,50,711.835173
-44.0,50,712.879588
14.0,50,713.918144
10.0,50,714.958315
16.0,50,716.000767
-50.0,50,717.063059
-38.0,50,718.106645
10.0,50,719.172283
17.0,50,720.238805
-44.0,50,721.296926
-17.0,50,722.341111
12.0,50,723.410436
18.0,50,723.603221
9.0,50,723.786782
-38.0,50,723.965098
9.0,50,724.138216
13.0,50,724.325922
15.0,50,724.499028
-38.0,50,724.673894
14.0,50,724.856763
18.0,50,725.027523
-38.0,50,725.195951
-38.0,50,726.248725
-2.0,50,727.301052
13.0,50,728.345257
-38.0,50,729.390467
20.0,50,730.435223
-16.0,50,731.499692
-38.0,50,732.553612
-38.0,50,733.612874
-38.0,50,734.666845
-38.0,50,735.717025
-38.0,50,736.774569
-38.0,50,737.835005
-38.0,50,738.894668
5.0,50,739.953424
-38.0,50,741.00426
-38.0,50,742.051565
-38.0,50,743.110734
-38.0,50,744.154272
-44.0,50,745.209525
10.0,50,746.267174
17.0,50,746.453262
-38.0,50,746.63007
4.0,50,746.8052
14.0,50,746.981808
19.0,50,747.169195
18.0,50,747.361521
11.0,50,747.536439
13.0,50,747.7096
8.0,50,747.897243
-44.0,50,748.084284
-38.0,50,749.130457
-50.0,50,750.173479
-38.0,50,751.215753
-38.0,50,752.270334
-38.0,50,753.32408
-12.0,50,754.376615
10.0,50,755.453954
3.0,50,756.511823
-5.0,50,757.57825
-44.0,50,758.618391
-20.0,50,759.660109
-17.0,50,760.71014
18.0,50,761.765821
-38.0,50,762.797218
-38.0,50,763.838446
20.0,50,764.880774
-38.0,50,765.917152
-38.0,50,766.956699
13.0,50,768.00885
14.0,50,769.063352
16.0,50,769.243978
-44.0,50,769.425888
-5.0,50,769.604073
20.0,50,769.796091
16.0,50,769.985779
-38.0,50,770.160593
17.0,50,770.353868
17.0,50,770.532939
-38.0,50,770.712507
-38.0,50,770.89174
-8.0,50,771.942188
-17.0,50,772.998222
20.0,50,774.046291
13.0,50,775.105314
-38.0,50,776.152487
-38.0,50,777.217546
7.0,50,778.269923
-44.0,50,779.316694
-38.0,50,780.362752
11.0,50,781.405781
-10.0,50,782.450271
9.0,50,783.496472
4.0,50,784.540887
18.0,50,785.59668
8.0,50,786.636691
-14.0,50,787.684473
19.0,50,788.742783
9.0,50,789.78401
-44.0,50,790.844088
17.0,50,791.915931
-44.0,50,792.11918
14.0,50,792.284134
13.0,50,792.464943
20.0,50,792.649969
-38.0,50,792.833472
27.0,50,793.022649
-38.0,50,793.195949
14.0,50,793.378901
-38.0,50,793.549585
-38.0,50,793.726504
-13.0,50,794.770712
23.0,50,795.821581
-20.0,50,796.867653
17.0,50,797.924542
-38.0,50,798.95769
10.0,50,799.989669
17.0,50,801.032943
0.0,50,802.085537
15.0,50,803.153826
-38.0,50,804.205112
-44.0,50,805.251842
-44.0,50,806.289073
-10.0,50,807.340894
-44.0,50,808.384384
-38.0,50,809.42871
20.0,50,810.481107
-22.0,50,811.52659
-38.0,50,812.580577
-17.0,50,813.625189
4.0,50,814.711099
8.0,50,814.890594
14.0,50,815.078123
-19.0,50,815.266793
3.0,50,815.443167
11.0,50,815.611978
-38.0,50,815.789991
1.0,50,815.968432
0.0,50,816.15169
-2.0,50,816.323336
17.0,50,816.494976
-44.0,50,817.547157
-44.0,50,818.597853
-38.0,50,819.657559
-4.0,50,820.709688
7.0,50,821.768049
-17.0,50,822.826009
4.0,50,823.888448
15.0,50,824.965397
-38.0,50,826.012211
-5.0,50,827.074258
-38.0,50,828.130404
-38.0,50,829.167459
-15.0,50,830.203865
-38.0,50,831.239287
21.0,50,832.292569
11.0,50,833.361328
-38.0,50,834.402392
-6.0,50,835.45409
-44.0,50,836.428214
-13.0,50,837.433557
-44.0,50,837.599155
-12.0,50,837.781115
-44.0,50,837.956059
3.0,50,838.137025
14.0,50,838.31551
18.0,50,838.497072
16.0,50,838.675768
17.0,50,838.85126
11.0,50,839.019314
-16.0,50,839.195321
-7.0,50,840.242923
-38.0,50,841.279692
-21.0,50,842.334734
-5.0,50,843.388202
-16.0,50,844.433174
-38.0,50,845.476802
-10.0,50,846.509808
-38.0,50,847.554661
-38.0,50,848.580217
10.0,50,849.610527
-7.0,50,850.652813
-17.0,50,851.685207
-44.0,50,852.734461
9.0,50,853.782653
15.0,50,854.832321
-38.0,50,855.866754
20.0,50,856.917796
18.0,50,857.967985
0.0,50,858.998623
-8.0,50,860.054111
20.0,50,860.232651
12.0,50,860.405777
7.0,50,860.583852
17.0,50,860.763562
5.0,50,860.936244
-22.0,50,861.115887
1.0,50,861.293166
6.0,50,861.462609
11.0,50,861.635926
11.0,50,861.821023
-44.0,50,862.877098
-38.0,50,863.927822
14.0,50,864.977326
19.0,50,866.035067
-38.0,50,867.080003
-38.0,50,868.141116
14.0,50,869.189507
-44.0,50,870.182758
-16.0,50,871.184174
-38.0,50,872.185474
-38.0,50,873.184632
-38.0,50,874.197005
20.0,50,875.229686
-6.0,50,876.289059
5.0,50,877.363201
19.0,50,878.42317
17.0,50,879.470307
-16.0,50,880.518444
-38.0,50,881.556966
-38.0,50,882.590631
20.0,50,882.772483
2.0,50,882.947246
16.0,50,883.129919
17.0,50,883.303039
7.0,50,883.478217
10.0,50,883.649759
17.0,50,883.832683
5.0,50,883.99998
-8.0,50,884.178367
-38.0,50,884.340319
21.0,50,885.318126
-13.0,50,886.298378
-38.0,50,887.277964
-38.0,50,888.247711
-44.0,50,889.240104
-44.0,50,890.295354
-38.0,50,891.335663
18.0,50,892.375719
-7.0,50,893.416348
-38.0,50,894.461247
-50.0,50,895.523462
14.0,50,896.56052
-44.0,50,897.617403
-38.0,50,898.654272
-38.0,50,899.695654
-38.0,50,900.729557
-12.0,50,901.766875
18.0,50,902.797815
-38.0,50,903.845654
12.0,50,904.898855
-38.0,50,905.068485
14.0,50,905.247777
-13.0,50,905.427534
6.0,50,905.608585
15.0,50,905.791138
16.0,50,905.966152
16.0,50,906.148987
-38.0,50,906.333074
-38.0,50,906.514265
22.0,50,906.68482
-38.0,50,907.731425
-38.0,50,908.770119
6.0,50,909.823066
-38.0,50,910.876027
11.0,50,911.908077
-11.0,50,912.936862
21.0,50,913.974487
5.0,50,915.022649
-38.0,50,916.038966
1.0,50,917.07328
-17.0,50,918.104655
7.0,50,919.134382
-38.0,50,920.163834
-38.0,50,921.177862
-38.0,50,922.2146
-38.0,50,923.237349
6.0,50,924.267005
-2.0,50,925.30795
-44.0,50,926.353823
20.0,50,927.432826
-38.0,50,927.624374
23.0,50,927.802048
2.0,50,927.990641
13.0,50,928.189842
19.0,50,928.366763
-38.0,50,928.544659
20.0,50,928.726696
-10.0,50,928.938055
14.0,50,929.123533
9.0,50,929.299695
8.0,50,930.361235
14.0,50,931.424556
-44.0,50,932.45726
-5.0,50,933.496078
-44.0,50,934.532673
15.0,50,935.584924
-44.0,50,936.635412
-38.0,50,937.706844
14.0,50,938.762972
14.0,50,939.831332
19.0,50,940.899451
-44.0,50,941.956377
14.0,50,943.010957
-44.0,50,944.065278
16.0,50,945.12938
-38.0,50,946.192078
14.0,50,947.258261
-38.0,50,948.316576
20.0,50,949.385536
23.0,50,950.443065
6.0,50,950.62762
-44.0,50,950.825233
-38.0,50,950.992792
20.0,50,951.176691
13.0,50,951.350137
17.0,50,951.532778
20.0,50,951.726915
-38.0,50,951.897548
-14.0,50,952.076512
-38.0,50,952.251274
12.0,50,953.304862
-38.0,50,954.35456
11.0,50,955.392602
-20.0,50,956.44029
4.0,50,957.48053
-38.0,50,958.520956
14.0,50,959.594401
-38.0,50,960.638291
-7.0,50,961.695437
-38.0,50,962.735976
20.0,50,963.780545
-15.0,50,964.828956
-38.0,50,965.886405
8.0,50,966.931415
17.0,50,967.997412
-38.0,50,969.048715
-17.0,50,970.098148
-11.0,50,971.144396
-38.0,50,972.201534
3.0,50,973.207749
-10.0,50,973.390652
-38.0,50,973.565982
16.0,50,973.737916
-7.0,50,973.914427
-38.0,50,974.084565
14.0,50,974.268968
2.0,50,974.43645
15.0,50,974.60549
20.0,50,974.782291
3.0,50,974.96891
-6.0,50,976.026953
-1.0,50,977.076114
-38.0,50,978.125482
11.0,50,979.176775
-3.0,50,980.221977
0.0,50,981.254127
-38.0,50,982.293024
16.0,50,983.35304
-38.0,50,984.396862
-1.0,50,985.407907
-3.0,50,986.454707
-10.0,50,987.498701
-5.0,50,988.541056
-38.0,50,989.584729
-9.0,50,990.613046
24.0,50,991.665205
15.0,50,992.713827
-8.0,50,993.771404
12.0,50,994.825137
-38.0,50,995.882961
-5.0,50,996.052819
3.0,50,996.22586
9.0,50,996.391908
-38.0,50,996.569673
18.0,50,996.738421
20.0,50,996.928418
15.0,50,997.10811
-44.0,50,997.317523
20.0,50,997.528713
-7.0,50,997.71456
20.0,50,998.787744
-15.0,50,999.847059
-38.0,50,1000.907995
-38.0,50,1001.958292
16.0,50,1003.016611
13.0,50,1004.065635
-38.0,50,1005.119062
19.0,50,1006.18386
-44.0,50,1007.202806
16.0,50,1008.179599
20.0,50,1009.15346
-16.0,50,1010.140802
-38.0,50,1011.111266
-38.0,50,1012.082175
-38.0,50,1013.056088
-4.0,50,1014.035451
21.0,50,1015.016231
-10.0,50,1015.98912
12.0,50,1016.972862
19.0,50,1017.964161
-38.0,50,1018.13033
15.0,50,1018.302637
15.0,50,1018.482059
1.0,50,1018.677217
16.0,50,1018.867163
-38.0,50,1019.030004
13.0,50,1019.21328
21.0,50,1019.391973
20.0,50,1019.572449
-44.0,50,1019.750173
-38.0,50,1020.820002
-38.0,50,1021.868297
3.0,50,1022.926826
-2.0,50,1023.97605
-38.0,50,1025.026816
-21.0,50,1026.073157
-38.0,50,1027.125439
-38.0,50,1028.186465
-38.0,50,1029.231765
-6.0,50,1030.293646
-14.0,50,1031.334995
-17.0,50,1032.38357
9.0,50,1033.434675
18.0,50,1034.487017
15.0,50,1035.527162
3.0,50,1036.569305
17.0,50,1037.620801
-3.0,50,1038.691703
16.0,50,1039.748164
17.0,50,1040.80436
17.0,50,1040.982812
8.0,50,1041.166758
15.0,50,1041.337455
20.0,50,1041.50896
15.0,50,1041.688555
-38.0,50,1041.872025
13.0,50,1042.061452
-5.0,50,1042.256717
5.0,50,1042.430444
-38.0,50,1042.612417
17.0,50,1043.667176
-38.0,50,1044.722152
-1.0,50,1045.784512
12.0,50,1046.807155
-17.0,50,1047.849055
7.0,50,1048.903061
-44.0,50,1049.973132
-38.0,50,1051.038112
-44.0,50,1052.103142
-38.0,50,1053.156298
-38.0,50,1054.18933
2.0,50,1055.222359
22.0,50,1056.281706
20.0,50,1057.338502
10.0,50,1058.386133
-3.0,50,1059.429748
-7.0,50,1060.472641
18.0,50,1061.525082
-19.0,50,1062.553099
12.0,50,1063.601017
5.0,50,1063.780456
10.0,50,1063.972262
23.0,50,1064.159284
13.0,50,1064.335188
15.0,50,1064.516248
16.0,50,1064.714736
20.0,50,1064.901078
5.0,50,1065.071638
13.0,50,1065.245741
11.0,50,1065.421313
-14.0,50,1066.465366
-38.0,50,1067.524674
-3.0,50,1068.57626
-44.0,50,1069.636008
9.0,50,1070.684456
9.0,50,1071.733796
6.0,50,1072.778364
-1.0,50,1073.83281
17.0,50,1074.873816
-44.0,50,1075.950694
-38.0,50,1076.987546
-38.0,50,1077.976757
-44.0,50,1078.96393
-38.0,50,1080.021456
15.0,50,1081.06678
-10.0,50,1082.118726
2.0,50,1083.163885
-38.0,50,1084.208443
-44.0,50,1085.246817
17.0,50,1086.292163
20.0,50,1086.481812
-38.0,50,1086.653137
-44.0,50,1086.86331
26.0,50,1087.049427
23.0,50,1087.232163
18.0,50,1087.413286
7.0,50,1087.607214
17.0,50,1087.783246
6.0,50,1087.95991
-38.0,50,1088.130388
-8.0,50,1089.168236
-38.0,50,1090.212319
-12.0,50,1091.275243
19.0,50,1092.341591
7.0,50,1093.394978
13.0,50,1094.459677
5.0,50,1095.518861
-38.0,50,1096.576507
-38.0,50,1097.632302
3.0,50,1098.677983
-1.0,50,1099.737269
1.0,50,1100.787847
-6.0,50,1101.84113
-38.0,50,1102.895809
14.0,50,1103.947328
18.0,50,1105.009534
11.0,50,1106.05433
-38.0,50,1107.109315
12.0,50,1108.157364
13.0,50,1109.233138
20.0,50,1109.409053
20.0,50,1109.605031
14.0,50,1109.779662
18.0,50,1109.964581
-38.0,50,1110.143562
26.0,50,1110.322267
-38.0,50,1110.498074
25.0,50,1110.679518
19.0,50,1110.864475
13.0,50,1111.046293
11.0,50,1112.111266
-9.0,50,1113.176177
-11.0,50,1114.232654
-38.0,50,1115.28157
24.0,50,1116.333977
11.0,50,1117.382107
-38.0,50,1118.426213
-38.0,50,1119.459026
-38.0,50,1120.508074
-38.0,50,1121.554539
10.0,50,1122.588364
-15.0,50,1123.636176
5.0,50,1124.670393
2.0,50,1125.698769
-38.0,50,1126.726919
-17.0,50,1127.75476
15.0,50,1128.794943
8.0,50,1129.852578
-12.0,50,1130.902595
18.0,50,1131.964029
14.0,50,1132.132023
-38.0,50,1132.309098
-38.0,50,1132.48987
-13.0,50,1132.667697
16.0,50,1132.852352
22.0,50,1133.044956
4.0,50,1133.217726
16.0,50,1133.389234
-2.0,50,1133.582658
-38.0,50,1133.758027
-38.0,50,1134.807615
-44.0,50,1135.864523
20.0,50,1136.925226
5.0,50,1137.985585
-12.0,50,1139.057778
-38.0,50,1140.114839
15.0,50,1141.176991
-38.0,50,1142.210279
-1.0,50,1143.253166
23.0,50,1144.302207
-38.0,50,1145.364215
-38.0,50,1146.41341
6.0,50,1147.466352
-44.0,50,1148.528054
20.0,50,1149.594287
12.0,50,1150.664878
-38.0,50,1151.711157
8.0,50,1152.781952
-12.0,50,1153.836116
-44.0,50,1154.891025
19.0,50,1155.086486
22.0,50,1155.278293
19.0,50,1155.463707
15.0,50,1155.644757
9.0,50,1155.818983
-38.0,50,1156.01522
-44.0,50,1156.190009
17.0,50,1156.363678
12.0,50,1156.547851
10.0,50,1156.732291
16.0,50,1157.779525
-3.0,50,1158.830349
-18.0,50,1159.884679
14.0,50,1160.920914
-38.0,50,1161.964735
21.0,50,1162.997082
13.0,50,1164.03717
-38.0,50,1165.070962
-12.0,50,1166.108061
23.0,50,1167.148629
20.0,50,1168.176187
-38.0,50,1169.200145
-38.0,50,1170.235795
17.0,50,1171.29463
8.0,50,1172.339873
-44.0,50,1173.390961
-44.0,50,1174.446765
6.0,50,1175.512347
-7.0,50,1176.556144
6.0,50,1177.624608
-44.0,50,1177.800125
-1.0,50,1177.979299
17.0,50,1178.160922
-11.0,50,1178.343815
21.0,50,1178.524842
-38.0,50,1178.701172
-38.0,50,1178.881345
13.0,50,1179.060639
15.0,50,1179.256733
-2.0,50,1179.433375
12.0,50,1180.490129
-15.0,50,1181.552397
-44.0,50,1182.58989
-38.0,50,1183.641423
-38.0,50,1184.674443
-38.0,50,1185.724633
-15.0,50,1186.77425
0.0,50,1187.845364
4.0,50,1188.901791
17.0,50,1189.961277
9.0,50,1191.004194
17.0,50,1192.052867
-14.0,50,1193.091421
17.0,50,1194.135028
-44.0,50,1195.190779
21.0,50,1196.234756
-15.0,50,1197.284535
-44.0,50,1198.317432
-38.0,50,1199.364142
13.0,50,1200.426327
20.0,50,1200.617199
22.0,50,1200.794429
18.0,50,1200.976351
-50.0,50,1201.150043
-44.0,50,1201.339547
15.0,50,1201.516448
19.0,50,1201.695805
-14.0,50,1201.86498
5.0,50,1202.048176
-18.0,50,1202.220579
-15.0,50,1203.260856
-38.0,50,1204.307055
7.0,50,1205.3555
17.0,50,1206.402328
19.0,50,1207.460241
-44.0,50,1208.502873
-38.0,50,1209.552308
19.0,50,1210.603796
16.0,50,1211.651253
16.0,50,1212.690804
-38.0,50,1213.736016
-6.0,50,1214.776649
-2.0,50,1215.818182
18.0,50,1216.873049
18.0,50,1217.931421
-38.0,50,1218.967525
-15.0,50,1220.02069
-38.0,50,1221.064931
-1.0,50,1222.098523
16.0,50,1223.150534
15.0,50,1223.34326
15.0,50,1223.51526
13.0,50,1223.68963
22.0,50,1223.872415
11.0,50,1224.046125
23.0,50,1224.228515
15.0,50,1224.403016
2.0,50,1224.583284
-10.0,50,1224.786923
-38.0,50,1224.953615
-38.0,50,1225.929529
4.0,50,1226.906466
-38.0,50,1227.976826
-38.0,50,1229.036837
20.0,50,1230.087817
-38.0,50,1231.132432
14.0,50,1232.157288
11.0,50,1233.201593
2.0,50,1234.255839
-12.0,50,1235.314452
-38.0,50,1236.346806
15.0,50,1237.399715
-38.0,50,1238.441053
10.0,50,1239.487166
18.0,50,1240.527772
-14.0,50,1241.577979
-17.0,50,1242.620396
20.0,50,1243.678965
11.0,50,1244.725849
20.0,50,1245.793165
20.0,50,1245.984079
-38.0,50,1246.175343
19.0,50,1246.365358
21.0,50,1246.54465
16.0,50,1246.735449
-44.0,50,1246.947216
6.0,50,1247.140741
14.0,50,1247.313976
-25.0,50,1247.491283
3.0,50,1247.66521
-16.0,50,1248.692188
11.0,50,1249.752109
-38.0,50,1250.804723
20.0,50,1251.877285
7.0,50,1252.934863
17.0,50,1253.992715
19.0,50,1255.050302
4.0,50,1256.092289
-15.0,50,1257.129009
-15.0,50,1258.187979
9.0,50,1259.260144
-38.0,50,1260.307243
4.0,50,1261.359071
-7.0,50,1262.404724
23.0,50,1263.432914
-38.0,50,1264.483341
4.0,50,1265.511708
13.0,50,1266.542467
19.0,50,1267.602074
7.0,50,1268.685833
9.0,50,1268.869454
13.0,50,1269.04552
18.0,50,1269.239773
6.0,50,1269.416727
22.0,50,1269.604955
19.0,50,1269.804308
19.0,50,1269.98464
13.0,50,1270.180156
17.0,50,1270.378292
15.0,50,1270.556351
-38.0,50,1271.607032
-38.0,50,1272.66088
16.0,50,1273.724486
16.0,50,1274.784825
-38.0,50,1275.823847
-38.0,50,1276.888591
-16.0,50,1277.936476
9.0,50,1278.994028
21.0,50,1280.047568
2.0,50,1281.103592
7.0,50,1282.167994
-38.0,50,1283.208297
-9.0,50,1284.245325
11.0,50,1285.299316
-2.0,50,1286.352751
11.0,50,1287.402339
-38.0,50,1288.451453
-38.0,50,1289.605771
-38.0,50,1290.667638
16.0,50,1291.728216
24.0,50,1291.903247
8.0,50,1292.083594
25.0,50,1292.27239
20.0,50,1292.460294
22.0,50,1292.63101
-4.0,50,1292.822282
-8.0,50,1293.009989
22.0,50,1293.19025
23.0,50,1293.361312
13.0,50,1293.550291
3.0,50,1294.620837
24.0,50,1295.67494
-16.0,50,1296.721738
-8.0,50,1297.809087
14.0,50,1298.855226
-38.0,50,1299.910312
-16.0,50,1300.978184
15.0,50,1302.031831
-14.0,50,1303.09535
-44.0,50,1304.148514
9.0,50,1305.199771
-38.0,50,1306.264136
-5.0,50,1307.314813
18.0,50,1308.376545
-38.0,50,1309.439236
17.0,50,1310.497086
-38.0,50,1311.544741
-9.0,50,1312.59043
8.0,50,1313.642455
8.0,50,1314.695859
12.0,50,1314.877523
19.0,50,1315.060323
7.0,50,1315.234375
8.0,50,1315.422149
22.0,50,1315.597052
19.0,50,1315.780645
20.0,50,1315.97728
23.0,50,1316.182158
17.0,50,1316.356824
19.0,50,1316.531124
20.0,50,1317.569524
14.0,50,1318.612309
-50.0,50,1319.657213
10.0,50,1320.718057
-38.0,50,1321.772972
16.0,50,1322.834928
-10.0,50,1323.901496
1.0,50,1324.956857
-38.0,50,1326.02279
-1.0,50,1327.078161
9.0,50,1328.136261
21.0,50,1329.195469
-38.0,50,1330.246893
-38.0,50,1331.313111
-38.0,50,1332.361901
20.0,50,1333.424134
-38.0,50,1334.472623
-38.0,50,1335.535336
-38.0,50,1336.575
21.0,50,1337.65468
16.0,50,1337.838813
16.0,50,1338.015119
9.0,50,1338.214856
-3.0,50,1338.392884
20.0,50,1338.567655
-44.0,50,1338.744994
16.0,50,1338.921494
9.0,50,1339.105352
18.0,50,1339.280446
-14.0,50,1339.45271
0.0,50,1340.507753
4.0,50,1341.561099
16.0,50,1342.614248
-17.0,50,1343.678107
-44.0,50,1344.762723
18.0,50,1345.817708
19.0,50,1346.886149
-38.0,50,1347.942871
-44.0,50,1349.020597
-38.0,50,1350.078282
3.0,50,1351.13647
-4.0,50,1352.193461
13.0,50,1353.243171
18.0,50,1354.288879
-38.0,50,1355.344178
9.0,50,1356.393037
-38.0,50,1357.430882
-4.0,50,1358.468931
-38.0,50,1359.510082
-15.0,50,1360.56324
-44.0,50,1360.756084
22.0,50,1360.950456
22.0,50,1361.140392
15.0,50,1361.317336
8.0,50,1361.504001
20.0,50,1361.689386
12.0,50,1361.868505
16.0,50,1362.055742
-11.0,50,1362.232353
13.0,50,1362.409123
-38.0,50,1363.450338
-8.0,50,1364.497564
17.0,50,1365.560973
17.0,50,1366.617609
-38.0,50,1367.661459
-6.0,50,1368.724159
21.0,50,1369.784849
-38.0,50,1370.836146
0.0,50,1371.891085
14.0,50,1372.953026
-38.0,50,1374.008708
-44.0,50,1375.064996
-10.0,50,1376.123304
10.0,50,1377.187616
25.0,50,1378.243189
15.0,50,1379.319982
-38.0,50,1380.398852
21.0,50,1381.458643
-5.0,50,1382.492097
17.0,50,1383.565268
25.0,50,1383.749002
8.0,50,1383.928035
-38.0,50,1384.09828
-7.0,50,1384.276752
20.0,50,1384.459543
8.0,50,1384.661109
14.0,50,1384.844778
14.0,50,1385.022739
13.0,50,1385.204418
20.0,50,1385.389528
20.0,50,1386.438226
-44.0,50,1387.489875
-44.0,50,1388.591892
11.0,50,1389.649969
-8.0,50,1390.699856
-1.0,50,1391.676795
16.0,50,1392.664938
11.0,50,1393.643187
-23.0,50,1394.633161
16.0,50,1395.62957
20.0,50,1396.605406
-2.0,50,1397.585868
4.0,50,1398.569352
-15.0,50,1399.572017
14.0,50,1400.592024
-6.0,50,1401.63724
7.0,50,1402.688021
-17.0,50,1403.73769
19.0,50,1404.774924
-3.0,50,1405.841482
17.0,50,1406.021338
3.0,50,1406.193145
0.0,50,1406.373574
19.0,50,1406.54238
16.0,50,1406.725149
20.0,50,1406.903153
24.0,50,1407.080724
19.0,50,1407.277957
16.0,50,1407.463446
7.0,50,1407.635627
-44.0,50,1408.697612
-10.0,50,1409.730724
5.0,50,1410.774862
-38.0,50,1411.832915
-38.0,50,1412.879829
-1.0,50,1413.914311
-38.0,50,1414.968244
-38.0,50,1415.999939
-15.0,50,1417.002825
-2.0,50,1417.996962
-38.0,50,1418.972362
23.0,50,1419.946848
6.0,50,1420.922189
-38.0,50,1421.896612
0.0,50,1422.881144
3.0,50,1423.84883
-16.0,50,1424.828029
-15.0,50,1425.797803
18.0,50,1426.779871
15.0,50,1427.857724
-20.0,50,1428.029606
26.0,50,1428.206237
-6.0,50,1428.383063
11.0,50,1428.572993
14.0,50,1428.745919
11.0,50,1428.929008
15.0,50,1429.122398
15.0,50,1429.310351
17.0,50,1429.483472
21.0,50,1429.663286
10.0,50,1430.734691
-5.0,50,1431.785208
12.0,50,1432.839005
20.0,50,1433.893941
-9.0,50,1434.964488
-4.0,50,1436.043705
8.0,50,1437.138644
15.0,50,1438.201086
-8.0,50,1439.256843
-7.0,50,1440.301474
-12.0,50,1441.333381
-38.0,50,1442.372116
21.0,50,1443.421245
-1.0,50,1444.46484
12.0,50,1445.514618
4.0,50,1446.591848
-44.0,50,1447.644196
18.0,50,1448.701534
-16.0,50,1449.746756
18.0,50,1450.805532
20.0,50,1450.980558
15.0,50,1451.166287
17.0,50,1451.357723
21.0,50,1451.537182
17.0,50,1451.720057
-38.0,50,1451.908353
15.0,50,1452.078413
22.0,50,1452.257123
15.0,50,1452.437493
14.0,50,1452.613214
-15.0,50,1453.671184
-38.0,50,1454.712704
-15.0,50,1455.755339
26.0,50,1456.797305
5.0,50,1457.849424
14.0,50,1458.891098
15.0,50,1459.950605
-17.0,50,1460.991908
-44.0,50,1462.03038
-9.0,50,1463.08559
-17.0,50,1464.14369
15.0,50,1465.200599
23.0,50,1466.253043
14.0,50,1467.303041
-44.0,50,1468.338084
-16.0,50,1469.386351
-18.0,50,1470.436145
20.0,50,1471.485473
-1.0,50,1472.546516
15.0,50,1473.604265
12.0,50,1473.786697
-7.0,50,1473.976889
18.0,50,1474.168183
26.0,50,1474.354607
22.0,50,1474.543361
20.0,50,1474.721253
16.0,50,1474.908821
24.0,50,1475.081554
-6.0,50,1475.274248
24.0,50,1475.466473
12.0,50,1476.518809
-5.0,50,1477.593624
5.0,50,1478.646493
10.0,50,1479.698037
-44.0,50,1480.752494
14.0,50,1481.807847
6.0,50,1482.858047
-3.0,50,1483.928391
-11.0,50,1484.974395
-38.0,50,1486.044695
5.0,50,1487.105111
1.0,50,1488.170622
-15.0,50,1489.211353
12.0,50,1490.256438
11.0,50,1491.295806
-38.0,50,1492.36698
-9.0,50,1493.361056
20.0,50,1494.408334
11.0,50,1495.467039
-3.0,50,1496.616962
-16.0,50,1496.838888
22.0,50,1497.08064
10.0,50,1497.267864
22.0,50,1497.451753
19.0,50,1497.63642
23.0,50,1497.822939
21.0,50,1497.986182
25.0,50,1498.15957
10.0,50,1498.334596
-3.0,50,1498.498979
19.0,50,1499.559928
-13.0,50,1500.606388
-38.0,50,1501.666676
20.0,50,1502.73099
-38.0,50,1503.8011
-38.0,50,1504.851317
4.0,50,1505.900014
21.0,50,1506.947456
24.0,50,1508.006212
16.0,50,1509.052428
19.0,50,1510.106738
6.0,50,1511.153341
-38.0,50,1512.207936
-11.0,50,1513.248862
7.0,50,1514.301744
-16.0,50,1515.362611
8.0,50,1516.406957
6.0,50,1517.456351
-12.0,50,1518.495052
21.0,50,1519.546792
21.0,50,1519.724296
18.0,50,1519.904692
25.0,50,1520.07004
14.0,50,1520.245507
26.0,50,1520.429579
7.0,50,1520.607427
22.0,50,1520.785304
23.0,50,1520.976737
20.0,50,1521.16545
22.0,50,1521.344286
20.0,50,1522.366423
7.0,50,1523.39989
-44.0,50,1524.472764
18.0,50,1525.536554
13.0,50,1526.604303
7.0,50,1527.664602
-13.0,50,1528.734745
-3.0,50,1529.788992
-3.0,50,1530.844272
-14.0,50,1531.906079
-8.0,50,1532.964755
13.0,50,1534.015445
18.0,50,1535.054786
21.0,50,1536.091253
-5.0,50,1537.133606
-16.0,50,1538.19517
-13.0,50,1539.266006
5.0,50,1540.334242
6.0,50,1541.386208
22.0,50,1542.455607
22.0,50,1542.649171
17.0,50,1542.829657
19.0,50,1543.013115
21.0,50,1543.196643
21.0,50,1543.383045
23.0,50,1543.564881
20.0,50,1543.744634
-44.0,50,1543.931825
10.0,50,1544.111495
15.0,50,1544.294418
15.0,50,1545.337925
-11.0,50,1546.382618
23.0,50,1547.450936
-38.0,50,1548.494304
-11.0,50,1549.546666
17.0,50,1550.610663
-38.0,50,1551.671288
-38.0,50,1552.723406
13.0,50,1553.778145
6.0,50,1554.845439
14.0,50,1555.904292
-13.0,50,1556.956546
3.0,50,1558.007052
19.0,50,1559.06422
9.0,50,1560.122374
-2.0,50,1561.161407
20.0,50,1562.204013
-12.0,50,1563.249855
12.0,50,1564.321304
20.0,50,1565.381655
16.0,50,1565.577786
24.0,50,1565.761916
22.0,50,1565.942885
19.0,50,1566.146302
14.0,50,1566.328921
23.0,50,1566.50513
-2.0,50,1566.685397
21.0,50,1566.888441
22.0,50,1567.063152
3.0,50,1567.235053
22.0,50,1568.295604
-5.0,50,1569.372572
-4.0,50,1570.421466
-1.0,50,1571.48806
21.0,50,1572.539684
23.0,50,1573.59582
-38.0,50,1574.647901
-44.0,50,1575.699015
-2.0,50,1576.753672
-8.0,50,1577.827111
-44.0,50,1578.87577
-12.0,50,1579.930491
-8.0,50,1581.016675
-38.0,50,1582.071495
22.0,50,1583.119967
-15.0,50,1584.172388
16.0,50,1585.230979
6.0,50,1586.274916
20.0,50,1587.339794
-17.0,50,1588.392836
-44.0,50,1588.565656
20.0,50,1588.753494
-38.0,50,1588.948521
20.0,50,1589.133583
19.0,50,1589.317182
17.0,50,1589.509105
18.0,50,1589.693966
20.0,50,1589.874161
26.0,50,1590.074366
22.0,50,1590.249155
-15.0,50,1591.299038
-38.0,50,1592.362793
16.0,50,1593.417994
23.0,50,1594.483832
10.0,50,1595.550568
23.0,50,1596.588889
11.0,50,1597.655876
23.0,50,1598.727525
5.0,50,1599.735165
-4.0,50,1600.741715
-38.0,50,1601.740221
10.0,50,1602.753642
5.0,50,1603.797064
-38.0,50,1604.850427
3.0,50,1605.895471
-5.0,50,1606.946917
17.0,50,1607.985161
-8.0,50,1609.015882
-44.0,50,1610.067541
8.0,50,1611.150161
19.0,50,1611.331536
24.0,50,1611.504673
-38.0,50,1611.682298
3.0,50,1611.863239
17.0,50,1612.035006
18.0,50,1612.218623
24.0,50,1612.39344
22.0,50,1612.573589
3.0,50,1612.75536
-8.0,50,1612.94196
11.0,50,1613.992267
-38.0,50,1615.053937
18.0,50,1616.118286
13.0,50,1617.173723
12.0,50,1618.226546
14.0,50,1619.281635
0.0,50,1620.326265
-11.0,50,1621.380444
17.0,50,1622.43855
23.0,50,1623.495256
-38.0,50,1624.542643
13.0,50,1625.603599
20.0,50,1626.649432
2.0,50,1627.699055
-38.0,50,1628.757448
-38.0,50,1629.796709
9.0,50,1630.851325
-9.0,50,1631.899979
-38.0,50,1632.951663
21.0,50,1634.020825
-38.0,50,1634.186877
-6.0,50,1634.355932
18.0,50,1634.523347
13.0,50,1634.695282
5.0,50,1634.871491
-11.0,50,1635.084897
20.0,50,1635.270692
21.0,50,1635.441604
20.0,50,1635.615945
-14.0,50,1635.786488
9.0,50,1636.842189
-10.0,50,1637.897889
20.0,50,1638.947325
-12.0,50,1640.023917
11.0,50,1641.080875
14.0,50,1642.134602
8.0,50,1643.193254
6.0,50,1644.263414
-38.0,50,1645.327898
10.0,50,1646.395956
-38.0,50,1647.442926
-16.0,50,1648.498921
22.0,50,1649.565168
13.0,50,1650.632172
-11.0,50,1651.693418
18.0,50,1652.725945
-38.0,50,1653.736317
-44.0,50,1654.735675
-5.0,50,1655.738675
22.0,50,1656.744043
20.0,50,1656.916601
0.0,50,1657.092669
14.0,50,1657.288409
2.0,50,1657.456287
23.0,50,1657.636065
14.0,50,1657.809314
17.0,50,1657.984053
19.0,50,1658.156219
9.0,50,1658.325139
20.0,50,1658.494983
-16.0,50,1659.556376
-38.0,50,1660.59441
-15.0,50,1661.668466
-7.0,50,1662.718778
4.0,50,1663.777139
-2.0,50,1664.818004
-5.0,50,1665.860929
-12.0,50,1666.921335
-6.0,50,1667.968973
18.0,50,1669.028567
18.0,50,1670.093262
-11.0,50,1671.158569
-44.0,50,1672.18885
-12.0,50,1673.240561
-38.0,50,1674.303659
14.0,50,1675.36288
7.0,50,1676.385839
19.0,50,1677.460362
6.0,50,1678.493313
27.0,50,1679.553893
15.0,50,1679.729029
21.0,50,1679.914978
19.0,50,1680.106722
19.0,50,1680.308332
21.0,50,1680.495401
15.0,50,1680.68127
-2.0,50,1680.878601
20.0,50,1681.056853
18.0,50,1681.241293
13.0,50,1681.416883
-38.0,50,1682.480069
4.0,50,1683.534397
7.0,50,1684.589706
17.0,50,1685.65767
9.0,50,1686.715983
20.0,50,1687.785685
13.0,50,1688.850843
17.0,50,1689.919969
17.0,50,1690.97601
4.0,50,1692.049427
-44.0,50,1693.114221
-8.0,50,1694.167397
-2.0,50,1695.226655
19.0,50,1696.281111
6.0,50,1697.339537
-2.0,50,1698.391777
-38.0,50,1699.457789
-6.0,50,1700.515903
18.0,50,1701.561353
3.0,50,1702.612921
12.0,50,1702.793907
22.0,50,1702.980649
11.0,50,1703.15875
20.0,50,1703.338785
17.0,50,1703.515115
-44.0,50,1703.687732
-9.0,50,1703.85986
19.0,50,1704.058848
15.0,50,1704.243603
-38.0,50,1704.411054
-20.0,50,1705.474902
15.0,50,1706.536737
-12.0,50,1707.594351
-19.0,50,1708.638685
-4.0,50,1709.710882
1.0,50,1710.769682
-3.0,50,1711.829744
21.0,50,1712.892475
22.0,50,1713.964925
13.0,50,1715.019247
15.0,50,1716.071876
-13.0,50,1717.11374
-12.0,50,1718.176013
-38.0,50,1719.229881
19.0,50,1720.282685
15.0,50,1721.350603
1.0,50,1722.398966
13.0,50,1723.455135
-38.0,50,1724.503629
22.0,50,1725.572479
17.0,50,1725.778156
21.0,50,1725.95629
10.0,50,1726.12889
23.0,50,1726.302784
17.0,50,1726.481723
21.0,50,1726.66401
17.0,50,1726.834593
-38.0,50,1727.009089
17.0,50,1727.190051
21.0,50,1727.36414
-38.0,50,1728.421223
-7.0,50,1729.497197
3.0,50,1730.550593
9.0,50,1731.600827
7.0,50,1732.657116
12.0,50,1733.720581
-38.0,50,1734.77147
12.0,50,1735.835548
15.0,50,1736.899111
20.0,50,1737.958039
-7.0,50,1739.008167
-2.0,50,1740.064561
-38.0,50,1741.112807
-38.0,50,1742.173277
11.0,50,1743.22492
8.0,50,1744.278865
-6.0,50,1745.335316
19.0,50,1746.387738
10.0,50,1747.443871
-2.0,50,1748.521786
22.0,50,1748.703295
10.0,50,1748.898427
25.0,50,1749.078403
23.0,50,1749.248502
25.0,50,1749.420305
18.0,50,1749.605289
24.0,50,1749.78422
19.0,50,1749.969404
19.0,50,1750.168828
-3.0,50,1750.348584
18.0,50,1751.415181
-14.0,50,1752.48654
17.0,50,1753.542588
4.0,50,1754.614196
17.0,50,1755.673542
5.0,50,1756.755461
-6.0,50,1757.819587
17.0,50,1758.876051
-19.0,50,1759.936432
21.0,50,1761.000889
22.0,50,1762.060657
1.0,50,1763.116981
26.0,50,1764.134211
8.0,50,1765.133142
-38.0,50,1766.213478
18.0,50,1767.262067
-6.0,50,1768.297324
4.0,50,1769.331652
19.0,50,1770.375402
-38.0,50,1771.441152
21.0,50,1771.616642
18.0,50,1771.792041
19.0,50,1771.971706
17.0,50,1772.163495
24.0,50,1772.343884
23.0,50,1772.530274
21.0,50,1772.711708
21.0,50,1772.891655
20.0,50,1773.063587
-38.0,50,1773.241417
10.0,50,1774.304097
8.0,50,1775.374542
15.0,50,1776.435961
1.0,50,1777.49026
14.0,50,1778.552512
16.0,50,1779.605713
12.0,50,1780.65059
-38.0,50,1781.704876
-38.0,50,1782.781712
-38.0,50,1783.828473
15.0,50,1784.890796
-11.0,50,1785.946533
20.0,50,1787.00324
-12.0,50,1788.056205
21.0,50,1789.105145
7.0,50,1790.16341
-38.0,50,1791.217946
15.0,50,1792.281857
-44.0,50,1793.333113
17.0,50,1794.390993
4.0,50,1794.561155
18.0,50,1794.736911
22.0,50,1794.913737
19.0,50,1795.085393
25.0,50,1795.273252
-10.0,50,1795.458084
10.0,50,1795.631635
-50.0,50,1795.80678
19.0,50,1795.993674
-14.0,50,1796.171819
-12.0,50,1797.238384
17.0,50,1798.298628
-15.0,50,1799.363254
7.0,50,1800.432816
17.0,50,1801.496608
-7.0,50,1802.559336
-38.0,50,1803.61693
16.0,50,1804.691251
19.0,50,1805.767544
18.0,50,1806.82505
24.0,50,1807.892671
24.0,50,1808.949916
-5.0,50,1810.027662
3.0,50,1811.090918
-1.0,50,1812.147669
10.0,50,1813.200717
-5.0,50,1814.263206
18.0,50,1815.317171
9.0,50,1816.367312
12.0,50,1817.432123
14.0,50,1817.613685
19.0,50,1817.805806
12.0,50,1817.99714
24.0,50,1818.172403
21.0,50,1818.350616
21.0,50,1818.548106
21.0,50,1818.71884
6.0,50,1818.906502
-38.0,50,1819.085422
-12.0,50,1819.263881
19.0,50,1820.338325
23.0,50,1821.400618
-11.0,50,1822.461124
17.0,50,1823.523858
-13.0,50,1824.585399
-13.0,50,1825.642931
-38.0,50,1826.694672
18.0,50,1827.759816
20.0,50,1828.8207
-38.0,50,1829.875868
20.0,50,1830.931265
-2.0,50,1831.989472
3.0,50,1833.043769
-38.0,50,1834.107954
24.0,50,1835.176976
7.0,50,1836.258748
-38.0,50,1837.331135
16.0,50,1838.405593
-17.0,50,1839.463708
25.0,50,1840.542674
16.0,50,1840.729819
11.0,50,1840.902864
8.0,50,1841.079746
16.0,50,1841.27656
18.0,50,1841.460936
9.0,50,1841.651894
18.0,50,1841.840018
16.0,50,1842.020773
24.0,50,1842.195707
2.0,50,1842.368402
-38.0,50,1843.415857
-2.0,50,1844.442652
16.0,50,1845.469632
-14.0,50,1846.495814
20.0,50,1847.520485
-38.0,50,1848.529498
5.0,50,1849.546632
8.0,50,1850.573484
11.0,50,1851.619174
-2.0,50,1852.678805
24.0,50,1853.757755
-44.0,50,1854.828129
21.0,50,1855.900551
4.0,50,1856.966039
19.0,50,1858.030189
17.0,50,1859.09051
10.0,50,1860.159152
-38.0,50,1861.247757
17.0,50,1862.315663
24.0,50,1863.403707
24.0,50,1863.580284
12.0,50,1863.76032
17.0,50,1863.961012
24.0,50,1864.151797
23.0,50,1864.330703
20.0,50,1864.516777
-1.0,50,1864.715993
17.0,50,1864.904803
10.0,50,1865.081135
20.0,50,1865.260019
-8.0,50,1866.341648
16.0,50,1867.421458
20.0,50,1868.498866
-6.0,50,1869.562302
-38.0,50,1870.651262
8.0,50,1871.721355
-8.0,50,1872.810355
11.0,50,1873.893445
6.0,50,1874.969255
-5.0,50,1876.03752
17.0,50,1877.106394
24.0,50,1878.208648
22.0,50,1879.277065
17.0,50,1880.346175
14.0,50,1881.411952
-5.0,50,1882.470351
-6.0,50,1883.545576
-1.0,50,1884.617663
3.0,50,1885.703768
15.0,50,1886.804151
13.0,50,1886.990972
11.0,50,1887.181495
16.0,50,1887.373659
12.0,50,1887.548874
2.0,50,1887.736792
10.0,50,1887.910825
23.0,50,1888.094155
21.0,50,1888.277002
9.0,50,1888.452282
22.0,50,1888.630754
-38.0,50,1889.708059
-4.0,50,1890.780263
10.0,50,1891.845151
3.0,50,1892.844308
16.0,50,1893.844132
19.0,50,1894.848079
12.0,50,1895.847296
22.0,50,1896.841981
0.0,50,1897.933557
20.0,50,1899.012953
-2.0,50,1900.102397
20.0,50,1901.177821
12.0,50,1902.244568
-16.0,50,1903.325326
-38.0,50,1904.410307
8.0,50,1905.485682
1.0,50,1906.554279
7.0,50,1907.639323
-1.0,50,1908.719617
26.0,50,1909.80314
16.0,50,1909.982917
21.0,50,1910.157373
21.0,50,1910.32918
15.0,50,1910.51266
23.0,50,1910.682889
17.0,50,1910.864515
23.0,50,1911.043009
22.0,50,1911.223691
20.0,50,1911.403825
15.0,50,1911.581443
19.0,50,1912.675986
14.0,50,1913.765796
-38.0,50,1914.863617
7.0,50,1915.946724
17.0,50,1917.025519
15.0,50,1918.097585
-10.0,50,1919.245047
-14.0,50,1920.292373
20.0,50,1921.404748
9.0,50,1922.497444
-38.0,50,1923.579094
20.0,50,1924.639406
22.0,50,1925.731198
14.0,50,1926.818759
26.0,50,1927.918077
23.0,50,1929.002786
20.0,50,1930.08514
-38.0,50,1931.17102
11.0,50,1932.260074
1.0,50,1933.345042
16.0,50,1933.524602
12.0,50,1933.70613
10.0,50,1933.90272
18.0,50,1934.090567
15.0,50,1934.281104
20.0,50,1934.456332
-10.0,50,1934.655897
17.0,50,1934.842129
14.0,50,1935.015258
-10.0,50,1935.192725
5.0,50,1936.279636
-38.0,50,1937.374854
-2.0,50,1938.485485
-38.0,50,1939.576581
15.0,50,1940.680291
-1.0,50,1941.776425
5.0,50,1942.870421
10.0,50,1943.972621
13.0,50,1945.084925
18.0,50,1946.195664
2.0,50,1947.304519
1.0,50,1948.403172
-44.0,50,1949.489388
16.0,50,1950.57879
-13.0,50,1951.682722
10.0,50,1952.785553
-7.0,50,1953.880964
-38.0,50,1955.017407
-44.0,50,1956.102049
-12.0,50,1957.197238
11.0,50,1957.378347
17.0,50,1957.554956
15.0,50,1957.72707
20.0,50,1957.902979
3.0,50,1958.084872
22.0,50,1958.267711
16.0,50,1958.465829
-38.0,50,1958.646973
20.0,50,1958.831467
21.0,50,1958.998406
12.0,50,1960.038935
25.0,50,1961.062553
23.0,50,1962.095745
14.0,50,1963.123102
11.0,50,1964.15014
-38.0,50,1965.190325
-2.0,50,1966.226476
18.0,50,1967.26215
25.0,50,1968.36348
2.0,50,1969.45315
-9.0,50,1970.585755
0.0,50,1971.678268
11.0,50,1972.778789
21.0,50,1973.864049
0.0,50,1974.970223
16.0,50,1976.072223
-13.0,50,1977.179754
0.0,50,1978.292884
16.0,50,1979.409085
22.0,50,1980.526851
19.0,50,1980.691549
15.0,50,1980.873158
20.0,50,1981.05156
16.0,50,1981.233381
14.0,50,1981.434399
20.0,50,1981.617562
-50.0,50,1981.796009
16.0,50,1981.980377
22.0,50,1982.159461
-38.0,50,1982.33669
-5.0,50,1983.466442
17.0,50,1984.577845
-4.0,50,1985.69512
12.0,50,1986.79372
18.0,50,1987.911619
24.0,50,1989.021178
16.0,50,1990.143053
8.0,50,1991.284351
7.0,50,1992.394166
19.0,50,1993.509231
5.0,50,1994.61357
18.0,50,1995.72956
-38.0,50,1996.846097
2.0,50,1997.969396
16.0,50,1999.096081
-38.0,50,2000.208336
22.0,50,2001.306333
-16.0,50,2002.394648
15.0,50,2003.503742
-13.0,50,2004.636835
20.0,50,2004.815342
23.0,50,2005.003046
22.0,50,2005.19114
19.0,50,2005.37213
16.0,50,2005.545316
21.0,50,2005.719033
23.0,50,2005.891577
23.0,50,2006.067029
25.0,50,2006.245331
21.0,50,2006.414808
18.0,50,2007.542924
25.0,50,2008.668605
-38.0,50,2009.717205
15.0,50,2010.866359
-50.0,50,2011.977135
22.0,50,2013.097749
-38.0,50,2014.229607
5.0,50,2015.353959
17.0,50,2016.483934
-38.0,50,2017.613468
-13.0,50,2018.737713
-38.0,50,2019.856368
-12.0,50,2020.962486
4.0,50,2022.090599
5.0,50,2023.216357
-13.0,50,2024.352114
8.0,50,2025.47155
-44.0,50,2026.595276
-15.0,50,2027.716726
20.0,50,2028.855731
24.0,50,2029.036918
16.0,50,2029.205329
17.0,50,2029.391706
22.0,50,2029.579262
16.0,50,2029.763487
12.0,50,2029.947968
23.0,50,2030.129387
21.0,50,2030.309258
23.0,50,2030.492201
15.0,50,2030.667356
0.0,50,2031.784006
5.0,50,2032.896552
21.0,50,2034.012853
23.0,50,2035.121133
17.0,50,2036.247014
23.0,50,2037.366127
20.0,50,2038.489971
-7.0,50,2039.608939
-13.0,50,2040.729171
-17.0,50,2041.877387
5.0,50,2043.000576
16.0,50,2044.130443
-1.0,50,2045.248039
11.0,50,2046.387471
1.0,50,2047.520661
-12.0,50,2048.643545
-3.0,50,2049.767927
13.0,50,2050.893291
21.0,50,2052.022558
22.0,50,2053.157917
-11.0,50,2053.352064
-8.0,50,2053.537509
-14.0,50,2053.716143
8.0,50,2053.893431
20.0,50,2054.068145
25.0,50,2054.243477
20.0,50,2054.419148
22.0,50,2054.605509
17.0,50,2054.784087
17.0,50,2054.964201
20.0,50,2056.091861
-2.0,50,2057.231932
-13.0,50,2058.367422
8.0,50,2059.494129
-38.0,50,2060.629919
7.0,50,2061.782494
20.0,50,2062.918197
14.0,50,2064.054416
-16.0,50,2065.175977
9.0,50,2066.299248
24.0,50,2067.404602
-16.0,50,2068.542892
-38.0,50,2069.691255
14.0,50,2070.841894
-15.0,50,2071.985545
21.0,50,2073.107437
-11.0,50,2074.25272
13.0,50,2075.405384
15.0,50,2076.515307
-17.0,50,2077.676844
14.0,50,2077.849551
14.0,50,2078.021512
20.0,50,2078.202254
22.0,50,2078.380978
21.0,50,2078.556735
16.0,50,2078.736331
24.0,50,2078.920159
21.0,50,2079.099731
8.0,50,2079.275245
-2.0,50,2079.446497
15.0,50,2080.564504
7.0,50,2081.702863
2.0,50,2082.829797
18.0,50,2083.965885
-11.0,50,2085.09724
16.0,50,2086.264962
-1.0,50,2087.397352
-7.0,50,2088.546065
5.0,50,2089.681803
-38.0,50,2090.814813
-38.0,50,2091.936001
-38.0,50,2093.079778
-38.0,50,2094.213854
13.0,50,2095.337703
16.0,50,2096.480894
-38.0,50,2097.626053
11.0,50,2098.790463
14.0,50,2099.961623
20.0,50,2101.070881
-38.0,50,2102.24921
11.0,50,2102.429436
-17.0,50,2102.610558
11.0,50,2102.808723
22.0,50,2102.982218
21.0,50,2103.161127
-38.0,50,2103.345068
20.0,50,2103.518764
25.0,50,2103.697744
16.0,50,2103.884079
-44.0,50,2104.074265
14.0,50,2105.21424
16.0,50,2106.33723
-38.0,50,2107.474515
13.0,50,2108.521006
-8.0,50,2109.566692
20.0,50,2110.607758
22.0,50,2111.659258
7.0,50,2112.700798
6.0,50,2113.758344
22.0,50,2114.8099
-2.0,50,2115.851802
-9.0,50,2116.902509
18.0,50,2117.954752
-38.0,50,2118.995275
-38.0,50,2120.034956
-2.0,50,2121.074735
2.0,50,2122.124935
-4.0,50,2123.158448
-44.0,50,2124.195794
21.0,50,2125.252236
10.0,50,2125.42756
21.0,50,2125.594836
-23.0,50,2125.76078
20.0,50,2125.942096
18.0,50,2126.115423
21.0,50,2126.305149
20.0,50,2126.485582
19.0,50,2126.663841
14.0,50,2126.846144
-44.0,50,2127.02458
5.0,50,2128.19849
22.0,50,2129.351231
19.0,50,2130.507751
-10.0,50,2131.644042
14.0,50,2132.705194
21.0,50,2133.757329
-38.0,50,2134.825043
-3.0,50,2135.968861
15.0,50,2137.105469
10.0,50,2138.247013
16.0,50,2139.383902
-3.0,50,2140.547972
4.0,50,2141.673061
19.0,50,2142.789872
-1.0,50,2143.906849
24.0,50,2145.030301
16.0,50,2146.176742
20.0,50,2147.324684
13.0,50,2148.48783
14.0,50,2149.616575
20.0,50,2149.783788
13.0,50,2149.96143
26.0,50,2150.136306
17.0,50,2150.32268
18.0,50,2150.503952
19.0,50,2150.677524
23.0,50,2150.86092
22.0,50,2151.038721
20.0,50,2151.212819
20.0,50,2151.389831
5.0,50,2152.527139
3.0,50,2153.684275
-5.0,50,2154.840529
22.0,50,2155.991325
8.0,50,2157.138927
20.0,50,2158.293491
22.0,50,2159.47444
-38.0,50,2160.650788
14.0,50,2161.851021
21.0,50,2163.034871
2.0,50,2164.189898
-7.0,50,2165.330419
20.0,50,2166.456144
14.0,50,2167.602796
-4.0,50,2168.739251
6.0,50,2169.86107
13.0,50,2170.978889
5.0,50,2172.104882
0.0,50,2173.256167
19.0,50,2174.407041
22.0,50,2174.600305
18.0,50,2174.791335
24.0,50,2174.964942
20.0,50,2175.144582
20.0,50,2175.323329
22.0,50,2175.505359
25.0,50,2175.70368
19.0,50,2175.908314
21.0,50,2176.087711
20.0,50,2176.258554
13.0,50,2177.388314
6.0,50,2178.527303
-38.0,50,2179.667556
-12.0,50,2180.802565
11.0,50,2181.959911
20.0,50,2183.101251
17.0,50,2184.24063
-44.0,50,2185.381187
-5.0,50,2186.540068
2.0,50,2187.690633
-4.0,50,2188.847166
18.0,50,2189.986821
10.0,50,2191.143017
-14.0,50,2192.304956
15.0,50,2193.461498
17.0,50,2194.620035
18.0,50,2195.773063
15.0,50,2196.936065
-1.0,50,2198.107316
8.0,50,2199.25379
7.0,50,2199.427112
0.0,50,2199.600701
19.0,50,2199.777009
22.0,50,2199.948991
17.0,50,2200.134586
3.0,50,2200.320161
23.0,50,2200.494115
-38.0,50,2200.68276
21.0,50,2200.869515
18.0,50,2201.054328
10.0,50,2202.216764
19.0,50,2203.381874
5.0,50,2204.532463
9.0,50,2205.66245
6.0,50,2206.813476
-4.0,50,2207.95682
-38.0,50,2209.106553
13.0,50,2210.286552
16.0,50,2211.458862
5.0,50,2212.608969
2.0,50,2213.74792
-38.0,50,2214.904491
20.0,50,2216.056991
-12.0,50,2217.199157
10.0,50,2218.369898
-6.0,50,2219.537009
4.0,50,2220.688832
-16.0,50,2221.848141
-6.0,50,2222.985572
25.0,50,2224.12677
-38.0,50,2224.304464
15.0,50,2224.47925
24.0,50,2224.649546
17.0,50,2224.842222
25.0,50,2225.009134
20.0,50,2225.182601
14.0,50,2225.367626
23.0,50,2225.540793
18.0,50,2225.714686
25.0,50,2225.887628
-38.0,50,2227.0232
-13.0,50,2228.18302
12.0,50,2229.35049
3.0,50,2230.504782
16.0,50,2231.638689
12.0,50,2232.803821
-38.0,50,2233.998079
-38.0,50,2235.157108
15.0,50,2236.326895
2.0,50,2237.481856
16.0,50,2238.614099
19.0,50,2239.764674
-2.0,50,2240.905612
-44.0,50,2242.05438
5.0,50,2243.183595
-44.0,50,2244.326058
3.0,50,2245.45001
2.0,50,2246.601598
24.0,50,2247.750882
10.0,50,2248.899126
16.0,50,2249.077437
15.0,50,2249.271531
21.0,50,2249.450113
21.0,50,2249.624504
-15.0,50,2249.799437
11.0,50,2249.994249
12.0,50,2250.178402
18.0,50,2250.353057
16.0,50,2250.532798
-14.0,50,2250.703822
-6.0,50,2251.853966
4.0,50,2253.002856
24.0,50,2254.153186
-38.0,50,2255.304088
-1.0,50,2256.459049
-8.0,50,2257.603755
19.0,50,2258.745827
24.0,50,2259.928103
-38.0,50,2261.076501
20.0,50,2262.224405
8.0,50,2263.375399
21.0,50,2264.516725
21.0,50,2265.639899
12.0,50,2266.794975
21.0,50,2267.960121
17.0,50,2269.122958
-38.0,50,2270.288417
15.0,50,2271.429135
20.0,50,2272.585723
17.0,50,2273.755305
14.0,50,2273.924408
15.0,50,2274.086461
21.0,50,2274.252527
-8.0,50,2274.44391
22.0,50,2274.63531
24.0,50,2274.812423
22.0,50,2274.99869
18.0,50,2275.188641
18.0,50,2275.360965
