# {"t_start": 1587886970.5247314, "env_id": "FetchPickAndPlace-v1"} 
r,l,t
-7.67433,50,2.337905
-4.657357,50,3.554481
-10.917325,50,4.685616
-10.547828,50,5.808216
-8.566616,50,6.957524
-4.995488,50,8.112837
-8.604547,50,9.305256
-8.740285,50,10.507643
-7.766029,50,11.762098
-8.676303,50,12.971861
-5.82431,50,14.214317
-1.352826,50,15.527864
-10.184138,50,16.800728
-8.10776,50,18.081574
-4.562344,50,19.357462
-5.546991,50,20.646697
-6.951582,50,21.975498
-12.02833,50,23.33211
-5.100335,50,24.676289
-5.703834,50,26.0311
-5.02969,50,27.382011
0.012486,50,28.720873
-9.723632,50,30.04829
-5.938803,50,31.386039
-0.383928,50,32.750427
-5.030708,50,34.123794
-8.488938,50,35.49749
-5.330771,50,36.90256
0.015205,50,38.314913
-6.796641,50,39.709214
-7.821647,50,41.109462
-4.166148,50,42.545621
-5.767959,50,44.010474
-5.505716,50,45.481799
-8.076831,50,46.959998
2.841306,50,48.471683
-7.690173,50,49.966769
-9.068345,50,51.478354
-8.319615,50,53.006642
-7.301814,50,54.535214
-7.376149,50,56.07047
-2.056887,50,57.609223
-5.803382,50,59.17253
2.75062,50,60.767421
-3.682045,50,62.343892
-4.300311,50,63.950962
-9.390986,50,65.560212
-0.807444,50,67.162054
-5.018227,50,68.792831
-6.829824,50,70.444124
-3.81816,50,72.187437
-3.213197,50,72.369796
2.820365,50,72.549173
-1.082097,50,72.730261
-4.381798,50,72.916413
2.797762,50,73.091171
-0.393866,50,73.267897
-3.125686,50,73.453648
-4.283172,50,73.635625
-4.478262,50,73.81538
-0.589725,50,74.037015
-8.457049,50,75.783376
-3.246315,50,77.472891
-3.788547,50,79.171612
-5.1515,50,80.899695
-4.214648,50,82.634804
-4.819916,50,84.382294
-3.931459,50,86.127735
-4.443306,50,87.890269
-5.176923,50,89.682318
4.437681,50,91.479132
-4.38557,50,93.253199
3.924291,50,95.082438
-1.963322,50,96.938193
-1.840022,50,98.756546
0.887243,50,100.595055
-5.76097,50,102.457368
-0.170019,50,104.314397
3.00662,50,106.161548
-0.958802,50,108.030422
2.565719,50,109.974074
-4.862024,50,111.870533
-1.323918,50,113.781359
-3.519385,50,115.709027
-1.550371,50,117.639958
4.433636,50,119.601584
0.756524,50,121.546235
3.230755,50,123.519847
4.788392,50,125.510951
6.053658,50,127.498363
-0.565197,50,129.509468
-3.446278,50,131.555478
-3.454304,50,133.577234
0.074586,50,135.605565
-0.230285,50,137.669219
4.56861,50,139.723055
3.874238,50,141.811291
0.468146,50,143.892144
0.6305,50,145.982671
3.852758,50,148.062856
2.563895,50,150.189847
-2.166558,50,152.317514
6.690985,50,154.453189
4.512022,50,156.605412
3.523398,50,158.738469
1.488532,50,160.890725
-3.229123,50,163.051603
1.970876,50,165.248388
2.853803,50,167.443891
0.469248,50,169.648842
-2.35656,50,171.889887
-1.166817,50,172.084021
4.154669,50,172.274628
5.090398,50,172.457369
-0.471779,50,172.633795
5.036559,50,172.826621
1.771708,50,173.006219
6.030267,50,173.190217
2.031942,50,173.373011
4.373079,50,173.554781
4.368245,50,173.726713
-4.700194,50,175.928919
1.16022,50,178.149202
1.274932,50,180.387408
1.253089,50,182.638516
-4.862965,50,184.90156
0.036948,50,187.191024
3.660702,50,189.475091
5.144459,50,191.778028
-16.502109,50,194.065161
-0.600161,50,196.363729
2.355693,50,198.685446
-3.674972,50,201.01318
1.951988,50,203.336343
5.308354,50,205.666719
0.999494,50,208.014569
-2.037702,50,210.374212
2.700301,50,212.72701
6.223528,50,215.112657
-0.268805,50,217.491694
5.881471,50,219.882813
1.608517,50,222.284254
-0.699037,50,224.69785
-5.099391,50,227.124828
5.750863,50,229.569453
2.068579,50,232.006311
5.047757,50,234.486305
6.465245,50,236.930984
4.69288,50,239.397524
4.128177,50,241.873331
4.971674,50,244.384206
-0.262287,50,246.88091
-7.150581,50,249.380381
-4.239084,50,251.905018
0.869409,50,254.446586
-8.680226,50,256.988488
3.465878,50,259.526237
2.112658,50,262.075728
2.169068,50,264.658862
5.842772,50,267.226839
-3.807815,50,269.807328
5.181277,50,272.416799
0.284409,50,275.023769
-4.103362,50,277.62795
-0.770288,50,280.240104
2.979545,50,282.861811
2.789496,50,285.496956
-0.382763,50,288.131834
1.129488,50,290.777702
5.196589,50,293.449207
6.48347,50,296.148978
4.361993,50,296.35423
-0.900988,50,296.536684
-5.624817,50,296.740221
7.626384,50,296.934466
6.88135,50,297.11547
-1.448282,50,297.299863
1.744533,50,297.491237
8.379179,50,297.672529
4.915543,50,297.852717
5.256279,50,298.036283
3.32603,50,300.71512
-5.933945,50,303.415726
3.994448,50,306.110698
5.158629,50,308.811585
0.914041,50,311.514696
-1.89169,50,314.240329
1.161288,50,316.966118
-3.644487,50,319.72204
0.721028,50,322.472916
6.845553,50,325.268967
5.102971,50,328.049244
4.908733,50,330.831654
4.242168,50,333.617227
-2.170967,50,336.4289
0.781543,50,339.244468
4.597971,50,342.043728
1.621917,50,344.878493
1.787227,50,347.715733
2.501965,50,350.570103
4.241645,50,353.408031
1.455625,50,356.240568
1.402242,50,359.120019
1.015273,50,362.001091
2.099724,50,364.87894
3.417001,50,367.791247
3.476951,50,370.673604
-0.815177,50,373.5897
-4.117786,50,376.52123
5.843995,50,379.471305
2.374495,50,382.423117
1.527037,50,385.371735
5.531835,50,388.32508
5.3105,50,391.284229
3.268836,50,394.229592
-1.372567,50,397.237419
-3.494944,50,400.228472
3.598586,50,403.227351
2.717404,50,406.218923
2.635889,50,409.23946
0.671985,50,412.288345
3.93528,50,415.332058
0.532303,50,418.381979
2.031923,50,421.431461
-4.583235,50,424.489557
2.084416,50,427.549762
5.479834,50,430.634903
1.293047,50,433.711076
-0.646385,50,436.822849
-1.968083,50,439.941147
5.91256,50,443.052958
2.114773,50,443.264013
1.838952,50,443.456536
5.838559,50,443.657315
1.402398,50,443.846064
2.044269,50,444.031014
5.986248,50,444.21464
-0.961855,50,444.408173
4.671221,50,444.597215
4.827742,50,444.801421
3.170988,50,444.990315
5.981715,50,448.113391
3.417803,50,451.239197
1.652369,50,454.366392
4.838271,50,457.519762
1.729778,50,460.664722
-0.880292,50,463.811508
4.805643,50,466.973071
2.760185,50,470.148286
6.285685,50,473.323225
6.845955,50,476.526996
-4.100126,50,479.735067
-4.747272,50,482.929052
4.401014,50,486.160352
5.405974,50,489.363406
-3.853077,50,492.619756
1.286754,50,495.851226
-3.439132,50,499.072307
-2.70102,50,502.331262
-2.112137,50,505.61398
3.792612,50,508.895549
5.46803,50,512.176617
-4.124846,50,515.448328
-0.735381,50,518.742013
0.817523,50,522.056612
-0.181818,50,525.379481
1.872467,50,528.717403
2.816323,50,532.038226
5.134103,50,535.371991
3.828529,50,538.694048
1.685501,50,541.993274
6.283055,50,545.311452
-14.648997,50,548.667035
6.507366,50,552.046749
1.630201,50,555.451601
-2.313782,50,558.85253
0.527837,50,562.244926
4.437356,50,565.685608
5.681875,50,569.115903
3.990681,50,572.581791
1.159123,50,576.033294
3.804292,50,579.523362
-1.684604,50,582.973643
3.158644,50,586.426989
0.877151,50,589.90708
5.464701,50,593.414259
-0.214394,50,596.910392
1.68774,50,600.468618
0.883085,50,603.994753
1.202297,50,607.549182
6.523549,50,611.086065
5.009213,50,611.268542
2.358355,50,611.464396
2.81047,50,611.644083
8.728302,50,611.830598
-0.170303,50,612.005049
5.676956,50,612.187807
0.534275,50,612.377745
8.493038,50,612.564609
7.968347,50,612.754715
-1.055557,50,612.93285
3.047154,50,616.471592
0.11151,50,620.031672
3.543615,50,623.610835
3.060426,50,627.187469
7.701165,50,630.773248
3.641279,50,634.33162
-1.474592,50,637.960859
4.379352,50,641.54103
1.340913,50,645.146911
-4.868517,50,648.777345
3.77275,50,652.393881
3.048979,50,656.024569
-5.661266,50,659.677262
-2.332326,50,663.33408
-2.245558,50,666.974492
-1.112957,50,670.636438
-1.783413,50,674.31035
-1.306212,50,677.984628
4.076657,50,681.652457
1.166389,50,685.365797
5.886703,50,689.07304
1.311528,50,692.788699
2.103958,50,696.5147
1.60016,50,700.244373
5.419509,50,703.985804
2.127592,50,707.728378
2.445498,50,711.497747
-7.093801,50,715.267906
3.208432,50,719.04713
-6.255986,50,722.832384
-4.341963,50,726.632672
5.444948,50,730.424554
4.70482,50,734.227552
7.788576,50,738.029754
-2.581036,50,741.860363
2.202577,50,745.706195
7.891922,50,749.57021
5.1451,50,753.417529
7.726791,50,757.271329
-7.688027,50,761.110072
-3.799148,50,764.991573
-0.032873,50,768.86168
1.120218,50,772.756796
0.670194,50,776.675837
2.115827,50,780.606688
2.675383,50,784.555476
-3.418464,50,788.474376
-0.713905,50,792.391764
5.528807,50,796.302697
-2.768035,50,800.286388
6.550036,50,800.492134
3.326858,50,800.688702
-6.959534,50,800.874845
7.88632,50,801.071833
-1.847851,50,801.258079
7.060781,50,801.453003
6.715336,50,801.642605
5.553005,50,801.832302
8.474346,50,802.018832
0.980289,50,802.202231
2.397974,50,806.182229
-0.056437,50,810.147846
2.263808,50,814.099265
-0.342112,50,818.09447
-6.606016,50,822.074207
3.80366,50,826.086405
-3.704638,50,830.117871
3.845125,50,834.122799
2.946621,50,838.123214
-3.74377,50,842.17017
6.122251,50,846.221104
-0.783594,50,850.258662
-6.350126,50,854.299201
-1.321312,50,858.375455
2.608778,50,862.442567
-4.730972,50,866.504943
4.035311,50,870.575592
3.231286,50,874.666035
-0.855716,50,878.746351
-4.685972,50,882.870189
5.845059,50,887.011256
1.49773,50,891.124286
-0.452638,50,895.283341
-0.714251,50,899.452969
7.744594,50,903.602868
4.094141,50,907.764396
5.011398,50,911.930707
6.128851,50,916.125884
-4.565093,50,920.323787
-10.388318,50,924.550359
3.267552,50,928.763821
2.946246,50,932.985033
1.818859,50,937.218299
-4.03628,50,941.46019
3.838966,50,945.717338
1.415852,50,949.968375
-0.643248,50,954.200146
-2.601638,50,958.44354
2.491467,50,962.738579
5.629317,50,966.973229
-3.384654,50,971.276884
2.218783,50,975.555839
-2.503435,50,979.86562
1.866101,50,984.195854
-4.107137,50,988.510927
6.158013,50,992.851752
-0.477571,50,997.183438
0.231097,50,1001.536446
4.625422,50,1005.875378
4.303706,50,1010.2659
6.647419,50,1010.457805
7.68431,50,1010.643832
7.78003,50,1010.833122
1.625819,50,1011.016726
5.278629,50,1011.201672
3.322658,50,1011.395683
1.132723,50,1011.584531
0.201751,50,1011.764786
4.727504,50,1011.940636
5.158505,50,1012.141387
-1.247529,50,1016.531173
1.930532,50,1020.941606
3.716369,50,1025.33435
1.55971,50,1029.727985
-6.115869,50,1034.134648
6.432343,50,1038.551426
-5.413458,50,1042.967643
-2.096377,50,1047.461263
-2.785891,50,1051.894576
3.976264,50,1056.345782
2.755551,50,1060.786937
2.801848,50,1065.239982
0.173813,50,1069.724411
-2.927487,50,1074.22122
2.920801,50,1078.738318
2.708964,50,1083.253624
7.802115,50,1087.772287
-4.127025,50,1092.299913
3.023522,50,1096.819866
0.330553,50,1101.324886
-3.696703,50,1105.866839
6.880918,50,1110.42754
-5.574365,50,1114.988088
2.807535,50,1119.528777
-2.627786,50,1124.122815
-3.489295,50,1128.71135
-3.96756,50,1133.304938
1.776426,50,1137.844829
-0.501556,50,1142.433435
6.025412,50,1147.042906
4.664381,50,1151.685179
0.647557,50,1156.319931
1.746513,50,1160.947196
-0.1283,50,1165.595587
2.580514,50,1170.247989
4.839113,50,1174.923849
3.445632,50,1179.595723
4.687331,50,1184.304193
-1.211671,50,1189.021736
7.034385,50,1193.746613
2.717073,50,1198.497093
1.571079,50,1203.182067
-1.282829,50,1207.947171
1.808862,50,1212.682126
-2.170384,50,1217.4114
1.427714,50,1222.160083
2.318747,50,1226.93435
2.243537,50,1231.641418
-23.105699,50,1236.421025
2.464051,50,1241.203088
8.517509,50,1241.400106
4.533725,50,1241.594962
-4.013196,50,1241.782661
1.97162,50,1241.969224
6.424991,50,1242.167866
4.9837,50,1242.359407
0.024049,50,1242.54913
1.586987,50,1242.737038
4.767121,50,1242.930281
3.037098,50,1243.105628
3.341782,50,1247.962971
2.777639,50,1252.812902
1.55753,50,1257.613123
3.772594,50,1262.422971
-0.269009,50,1267.235348
2.462861,50,1272.068815
4.656876,50,1276.853169
6.06916,50,1281.675659
-5.6418,50,1286.532788
2.816119,50,1291.37675
3.569768,50,1296.269865
6.259953,50,1301.164919
8.0823,50,1306.024677
1.121716,50,1310.884302
2.673716,50,1315.759749
-1.308724,50,1320.686579
2.911244,50,1325.603239
5.487549,50,1330.567463
3.845263,50,1335.468958
-1.927527,50,1340.459782
6.022445,50,1345.384063
2.573275,50,1350.350003
2.197411,50,1355.31669
5.809097,50,1360.320285
-2.335583,50,1365.308444
2.11298,50,1370.246937
-2.057778,50,1375.182227
0.084471,50,1380.186503
0.081588,50,1385.250741
2.539907,50,1390.270408
4.672966,50,1395.296703
4.116379,50,1400.339694
-6.060057,50,1405.407303
3.481662,50,1410.474012
-6.45198,50,1415.550427
4.951393,50,1420.626581
-2.603368,50,1425.724715
3.406644,50,1430.84501
-4.657467,50,1435.930106
3.182861,50,1441.030324
2.837135,50,1446.117947
4.020053,50,1451.221382
3.171526,50,1456.352159
5.186007,50,1461.490491
2.076524,50,1466.658438
3.24549,50,1471.698154
-2.834415,50,1476.769412
-4.688073,50,1481.912878
4.552426,50,1487.160885
5.407562,50,1492.387242
4.41443,50,1492.58348
-5.825579,50,1492.779917
5.020743,50,1492.987166
0.157254,50,1493.170405
-0.797362,50,1493.360141
2.935841,50,1493.546236
8.642846,50,1493.740961
8.099857,50,1493.928675
-8.577657,50,1494.122353
-0.433767,50,1494.307523
-0.771533,50,1499.483683
7.986833,50,1504.679526
-0.476451,50,1509.869807
4.801129,50,1515.105192
3.612873,50,1520.274303
-3.83957,50,1525.612225
2.812451,50,1530.887823
5.022367,50,1536.160592
5.770429,50,1541.38194
4.464293,50,1546.622438
-0.674713,50,1551.867988
-0.018926,50,1557.068977
-5.474649,50,1562.343598
4.893314,50,1567.624562
-7.315007,50,1572.92429
-0.216717,50,1578.222207
-1.299105,50,1583.51575
-2.400147,50,1588.869535
5.256577,50,1594.147258
2.576846,50,1599.426456
2.609944,50,1604.723941
-3.715554,50,1610.015183
3.70794,50,1615.421026
-1.300853,50,1620.778043
-15.067653,50,1626.145537
-7.543159,50,1631.514781
-4.21656,50,1636.904073
5.532276,50,1642.306897
4.781942,50,1647.684632
-4.245738,50,1653.084338
2.335892,50,1658.493446
5.477794,50,1663.942276
0.615851,50,1669.384263
0.27981,50,1674.834849
-1.191194,50,1680.290353
-3.601025,50,1685.792044
3.457744,50,1691.260089
1.071163,50,1696.723607
-4.666011,50,1702.194106
0.501778,50,1707.6492
1.67134,50,1713.135039
2.819165,50,1718.647168
1.896817,50,1724.151392
-2.58079,50,1729.683892
5.32167,50,1735.228221
5.411143,50,1740.791342
0.426733,50,1746.357085
1.66343,50,1751.910362
-3.096544,50,1757.478723
-0.73509,50,1763.071408
9.015365,50,1763.288159
-2.038477,50,1763.47395
-3.747776,50,1763.682883
7.03157,50,1763.881131
2.150162,50,1764.091296
-0.908214,50,1764.28571
5.348835,50,1764.479905
1.159778,50,1764.679012
8.356962,50,1764.872686
1.965133,50,1765.055282
4.80724,50,1770.622395
0.341004,50,1776.250602
5.853853,50,1781.841797
5.822103,50,1787.424588
-5.120979,50,1793.001892
0.047735,50,1798.587042
-6.620214,50,1804.238169
1.848884,50,1809.817359
-5.012986,50,1815.403064
-5.964824,50,1820.983694
1.254697,50,1826.616122
3.73567,50,1832.267211
1.345565,50,1837.984395
-6.475675,50,1843.823061
-4.002771,50,1849.589967
1.587468,50,1855.329883
3.240202,50,1861.736181
-5.104539,50,1868.14405
3.779127,50,1873.877825
1.638578,50,1879.63631
8.039228,50,1885.378738
-6.059304,50,1891.159758
-7.715898,50,1896.914414
3.157746,50,1902.675277
0.334459,50,1908.472616
-2.587547,50,1914.269412
0.491811,50,1920.091775
5.638227,50,1925.911634
2.137908,50,1931.996307
-4.812188,50,1937.770871
-3.665863,50,1943.56394
-15.237985,50,1949.428388
-2.923427,50,1955.270125
2.833136,50,1961.120878
4.071969,50,1966.962506
2.995304,50,1972.816892
-5.983795,50,1978.662214
-3.588908,50,1984.575841
-0.470881,50,1990.450377
1.407604,50,1996.331732
3.333118,50,2002.225892
-3.931852,50,2008.126137
-1.109868,50,2014.046155
2.604196,50,2019.971492
0.237318,50,2025.930673
2.219876,50,2031.901205
-2.836239,50,2037.795996
-11.214184,50,2043.772852
3.868408,50,2049.740087
-0.419416,50,2055.682188
4.561343,50,2055.87472
8.0652,50,2056.074719
-5.209048,50,2056.250562
-0.45825,50,2056.423764
4.806763,50,2056.595372
1.187895,50,2056.768873
-5.338388,50,2056.979909
3.917248,50,2057.164968
6.187185,50,2057.350276
4.066306,50,2057.546991
0.866513,50,2063.513232
2.162341,50,2069.544263
-1.164123,50,2075.570163
-1.664124,50,2081.52552
0.301175,50,2087.492316
-3.195538,50,2093.537184
5.724677,50,2099.574782
-4.999556,50,2105.646462
3.627549,50,2111.698648
-0.459254,50,2117.770545
6.232666,50,2123.857277
2.052029,50,2129.874177
6.91867,50,2135.962142
-2.463051,50,2141.954639
5.499407,50,2148.003271
-1.265252,50,2154.126492
7.404314,50,2160.264081
0.642661,50,2166.369493
3.991346,50,2172.420329
0.897927,50,2178.539171
8.19929,50,2184.69122
-0.130016,50,2190.844774
2.299796,50,2196.963926
1.506073,50,2203.074223
3.792376,50,2209.187004
1.215726,50,2215.332248
4.169873,50,2221.518993
5.979872,50,2227.74002
5.726507,50,2233.897721
-11.888685,50,2240.078334
5.672512,50,2246.285204
-4.214652,50,2252.464622
-6.86331,50,2258.605508
0.983298,50,2264.745686
3.337075,50,2270.88107
0.508044,50,2277.055875
5.565673,50,2283.221638
3.234167,50,2289.397839
7.362303,50,2295.695576
1.669139,50,2301.959276
2.590568,50,2308.266178
6.90071,50,2314.590626
6.51721,50,2320.922549
3.956714,50,2327.222251
2.234029,50,2333.558052
-5.642239,50,2339.934903
2.086097,50,2346.27315
-1.544311,50,2352.632527
5.991023,50,2358.99247
2.361454,50,2365.371981
5.615978,50,2365.556359
0.362773,50,2365.747353
0.093906,50,2365.93724
1.399128,50,2366.110394
6.255342,50,2366.291378
-5.46109,50,2366.490544
-3.771622,50,2366.674451
-4.693977,50,2366.863723
4.249741,50,2367.04499
5.771431,50,2367.223685
0.283973,50,2373.646225
6.288481,50,2380.087188
2.605945,50,2386.52238
-3.081133,50,2392.909398
4.642662,50,2399.329005
0.661944,50,2405.740582
-15.222931,50,2412.148962
1.367965,50,2418.552235
6.366076,50,2424.994849
-1.962475,50,2431.461155
3.771069,50,2437.876701
-4.753683,50,2444.355759
-3.849081,50,2450.826499
-4.090476,50,2457.284883
4.375839,50,2463.772562
0.30038,50,2470.257491
-3.564511,50,2476.749387
2.68304,50,2483.251972
2.066751,50,2489.800324
3.361775,50,2496.304888
-1.585145,50,2502.74225
3.78238,50,2509.30442
5.914318,50,2515.867522
5.238256,50,2522.379786
7.127025,50,2528.914548
1.194574,50,2535.499272
-7.337866,50,2542.0706
3.612084,50,2548.647
2.537159,50,2555.224291
-2.957118,50,2561.792055
3.081614,50,2568.330938
4.737328,50,2574.914218
-0.20725,50,2581.590974
6.985048,50,2588.240132
-2.009234,50,2595.084347
2.253684,50,2601.716089
0.351378,50,2608.345244
4.806367,50,2615.05028
-3.829771,50,2621.773009
-0.949262,50,2628.459572
-3.926487,50,2635.070744
6.248216,50,2641.726522
-3.684527,50,2648.364417
-3.546586,50,2655.023079
-9.686407,50,2661.674982
6.868018,50,2668.442765
-5.590717,50,2675.169324
-7.267367,50,2681.845391
3.278578,50,2688.530737
-3.378119,50,2695.191684
2.975627,50,2695.369947
2.163634,50,2695.54581
6.977416,50,2695.724982
-3.154448,50,2695.902696
2.616769,50,2696.067379
0.963507,50,2696.245113
-0.182206,50,2696.427674
-2.539852,50,2696.609241
-0.642995,50,2696.801822
0.296394,50,2696.990487
3.600342,50,2703.747896
4.665193,50,2710.507938
1.748779,50,2717.243789
4.996202,50,2724.076439
2.709734,50,2730.85129
6.389286,50,2737.646829
-2.513614,50,2744.481987
2.424157,50,2751.255399
5.213332,50,2758.130229
-3.780929,50,2764.888527
1.637732,50,2771.717273
6.657889,50,2778.583171
6.11007,50,2785.441408
5.553999,50,2792.258362
-1.985723,50,2799.149866
1.976215,50,2806.031056
-1.57656,50,2812.924382
5.389117,50,2819.841362
3.527357,50,2826.709342
0.359276,50,2833.554448
5.524672,50,2840.485502
2.396892,50,2847.424846
-0.903333,50,2854.360217
7.599169,50,2861.334165
0.615529,50,2868.308787
3.610787,50,2875.259191
4.93028,50,2882.231186
-0.546193,50,2889.176497
-4.426989,50,2896.155571
-3.588161,50,2903.138955
7.738043,50,2910.119843
4.820376,50,2917.128624
2.568539,50,2924.151984
0.010027,50,2931.162718
6.471948,50,2938.236873
3.078416,50,2945.295002
6.715508,50,2952.35346
0.124576,50,2959.392583
-3.007159,50,2966.488106
5.223298,50,2973.54181
-5.561259,50,2980.65065
8.242332,50,2987.74321
-0.675245,50,2994.835669
0.784525,50,3001.922054
7.690461,50,3009.070801
5.626333,50,3016.158024
2.719555,50,3023.238296
5.885209,50,3030.348431
4.417157,50,3037.474668
8.645059,50,3044.642951
6.535819,50,3044.837656
1.25261,50,3045.02491
-2.083095,50,3045.216961
-3.192571,50,3045.403362
0.868724,50,3045.589362
7.875819,50,3045.781
3.972472,50,3045.970498
2.573092,50,3046.154136
-4.896638,50,3046.348387
-7.906663,50,3046.538749
1.877814,50,3053.580122
0.795265,50,3060.606623
-2.948949,50,3067.802442
4.864265,50,3074.98966
-4.87055,50,3082.236962
-11.556531,50,3089.416244
-0.49641,50,3096.652287
-3.328212,50,3103.858872
4.337393,50,3111.122611
2.617328,50,3118.372346
3.744368,50,3125.61393
2.875334,50,3132.882653
-3.300278,50,3140.088157
2.449113,50,3147.326562
5.955219,50,3154.543472
5.069213,50,3161.842114
0.470452,50,3169.081515
-4.246348,50,3176.375987
7.115797,50,3183.635569
1.801413,50,3190.929113
0.024825,50,3198.213632
6.377564,50,3205.52141
1.816569,50,3212.85189
3.954001,50,3220.134516
0.548723,50,3227.446643
-0.414963,50,3234.825248
5.252363,50,3242.145907
3.142473,50,3249.535875
-9.676614,50,3256.923821
2.590383,50,3264.284338
-2.199636,50,3271.67656
-1.037864,50,3279.081122
-3.492005,50,3286.477668
-4.693184,50,3293.885283
2.788154,50,3301.328991
1.656417,50,3308.805562
-2.281165,50,3316.280318
3.399459,50,3323.709273
0.747073,50,3331.117684
0.185562,50,3338.598044
5.934041,50,3346.08733
3.727734,50,3353.583123
2.965252,50,3361.019224
-3.4265,50,3368.508991
-4.080146,50,3375.969765
0.179167,50,3383.520299
3.786874,50,3390.967633
0.664767,50,3398.456867
-3.820632,50,3405.993572
1.412436,50,3413.549307
-6.236876,50,3413.741132
-3.197795,50,3413.937637
3.907169,50,3414.119018
-5.961002,50,3414.315802
7.621575,50,3414.511617
6.93893,50,3414.701992
-9.282947,50,3414.886529
-0.757956,50,3415.066079
7.827905,50,3415.259429
4.050365,50,3415.447709
5.19414,50,3423.04848
-1.84506,50,3430.632863
-4.254451,50,3438.237189
5.704491,50,3445.806683
3.241793,50,3453.405511
1.847933,50,3461.007841
7.166842,50,3468.645899
3.928417,50,3476.298252
2.25662,50,3483.915193
0.693511,50,3491.521914
6.192393,50,3499.112457
5.423811,50,3506.762245
4.794667,50,3514.410771
-0.332162,50,3522.067653
1.432891,50,3529.725879
4.597293,50,3537.415156
0.028694,50,3545.096912
-1.164486,50,3552.744104
5.422981,50,3560.461211
6.811005,50,3568.143929
-0.927258,50,3575.876587
1.79646,50,3583.601882
-0.055407,50,3591.330085
1.099759,50,3599.105979
-3.759895,50,3606.802028
-3.732807,50,3614.518903
0.917224,50,3622.216981
3.373888,50,3630.161394
6.549176,50,3637.988534
4.144732,50,3645.809721
-3.776145,50,3653.585054
4.84834,50,3661.445901
1.949941,50,3669.153076
3.015419,50,3676.871263
2.492827,50,3684.697507
5.394673,50,3692.507284
-3.655452,50,3700.313532
-2.919008,50,3708.110186
0.425345,50,3715.898604
3.106216,50,3723.785649
-8.523789,50,3731.666328
-0.489354,50,3739.505538
3.17918,50,3747.394134
-2.189589,50,3755.31592
4.693632,50,3763.212778
-2.282891,50,3771.079198
5.290607,50,3778.989451
2.463432,50,3786.917201
-3.602243,50,3794.840024
8.644839,50,3802.793779
-0.801556,50,3802.976362
3.894641,50,3803.169421
5.051799,50,3803.358201
-3.088681,50,3803.55166
-0.271227,50,3803.752894
-7.393374,50,3803.947305
0.098962,50,3804.141352
-1.995099,50,3804.341396
-1.438953,50,3804.53211
4.732443,50,3804.720515
-3.018261,50,3812.696749
5.072609,50,3820.679249
-0.741197,50,3828.636262
0.187536,50,3836.588236
5.44197,50,3844.554098
0.310084,50,3852.496012
6.601973,50,3860.473701
5.146056,50,3868.412052
3.863729,50,3876.441051
-1.744622,50,3884.450118
-16.978643,50,3892.485605
1.009637,50,3900.463043
1.547388,50,3908.491905
-1.888879,50,3916.544367
3.911554,50,3924.610169
1.597847,50,3932.704998
4.044189,50,3940.796174
-2.302168,50,3948.900934
1.12544,50,3957.031924
1.352596,50,3965.144716
-2.397499,50,3973.272541
3.449785,50,3981.432794
0.320746,50,3989.507153
0.166593,50,3997.653627
5.356231,50,4005.797204
3.741399,50,4013.889409
0.775064,50,4022.001761
1.650622,50,4030.169842
4.913891,50,4038.350771
-6.479753,50,4046.543727
1.981533,50,4054.798333
6.004961,50,4062.981751
-3.455414,50,4071.156099
3.315939,50,4079.414071
6.142765,50,4087.648868
-3.386365,50,4097.077808
2.756245,50,4105.316148
-0.957726,50,4113.651835
6.938342,50,4121.936201
4.411125,50,4130.161234
-8.59385,50,4138.404176
2.537486,50,4146.733965
1.954813,50,4155.018325
7.234032,50,4163.264401
-4.792872,50,4171.531893
5.256702,50,4179.76599
3.963354,50,4188.032353
-3.230635,50,4196.316178
1.627072,50,4204.616967
0.124605,50,4212.945133
-2.169281,50,4213.1437
-3.304444,50,4213.329152
6.250835,50,4213.527713
4.181577,50,4213.723918
7.072667,50,4213.911325
2.773017,50,4214.107751
6.742879,50,4214.309405
-3.108256,50,4214.501976
4.179624,50,4214.693342
3.44226,50,4214.887369
-4.411213,50,4223.254817
8.801736,50,4231.591782
1.335366,50,4239.97513
-0.434566,50,4248.32896
3.457888,50,4256.695162
0.132826,50,4265.104531
-8.896294,50,4273.49787
1.16618,50,4281.883832
4.21405,50,4290.284473
1.226252,50,4298.753103
6.744821,50,4307.13756
5.627384,50,4315.549517
0.732566,50,4324.065698
2.594869,50,4332.428521
4.98346,50,4340.879401
5.599226,50,4349.367009
-0.188306,50,4357.886657
1.389878,50,4366.325823
-3.321979,50,4374.821519
7.482189,50,4383.403526
-4.365744,50,4391.9166
8.850476,50,4400.433094
3.739035,50,4408.890532
4.264047,50,4417.37426
1.252216,50,4425.898408
3.499096,50,4434.443095
3.599861,50,4443.0047
1.824874,50,4451.62061
-8.035673,50,4460.146447
5.505274,50,4468.698292
-2.248525,50,4477.268155
1.729021,50,4485.847598
2.63709,50,4494.364733
0.391628,50,4502.862217
7.263835,50,4511.411506
4.947464,50,4519.962851
5.855894,50,4528.647936
1.654813,50,4537.131254
4.261833,50,4545.807036
-7.168706,50,4554.468108
1.251843,50,4563.138524
3.44803,50,4571.812408
0.554523,50,4580.458784
3.380974,50,4589.119793
1.54713,50,4597.824301
1.113219,50,4606.49798
-10.85947,50,4615.204041
-2.985697,50,4623.876709
0.4006,50,4632.608935
8.897542,50,4641.40296
5.309815,50,4641.615177
2.222689,50,4641.797141
7.551217,50,4641.983349
-3.706613,50,4642.160832
-0.869177,50,4642.363494
6.833042,50,4642.551884
-1.624459,50,4642.755894
0.979525,50,4642.941146
-4.515075,50,4643.117663
1.601089,50,4643.300452
4.399865,50,4652.017434
2.9795,50,4660.740278
-1.60203,50,4669.505624
3.687022,50,4678.286179
3.058817,50,4687.074229
0.485647,50,4695.87235
5.392367,50,4704.643572
4.012381,50,4713.397079
0.649726,50,4722.224062
5.911349,50,4731.038261
-0.318086,50,4739.708065
3.021536,50,4748.513425
-2.135679,50,4757.348345
3.808523,50,4766.196892
4.798859,50,4775.058722
0.709347,50,4783.837125
3.901574,50,4792.730455
-2.457945,50,4801.580893
2.291388,50,4810.603436
-2.496004,50,4819.496377
-2.815805,50,4828.443132
4.808685,50,4837.427102
5.121926,50,4846.277439
2.290952,50,4855.149108
1.112731,50,4864.054245
-0.245502,50,4872.966686
6.260706,50,4881.870768
-4.511966,50,4890.803248
1.184333,50,4899.719036
3.378317,50,4908.665972
-7.84827,50,4917.646398
-0.696548,50,4926.702934
-2.015009,50,4935.701148
2.250644,50,4944.712418
-3.318798,50,4953.679201
0.972485,50,4962.656674
0.094386,50,4971.690044
6.456499,50,4980.62008
-0.225533,50,4989.637823
0.349139,50,4998.633026
0.741759,50,5007.716766
-3.734766,50,5016.704406
4.729356,50,5025.716485
-4.330059,50,5034.699514
-0.777512,50,5043.787076
1.370384,50,5052.91653
-2.384043,50,5061.985666
3.76846,50,5071.135863
-5.213237,50,5080.252606
1.651554,50,5089.310804
5.691017,50,5089.506058
-3.940444,50,5089.695801
5.936568,50,5089.893189
-0.403762,50,5090.095411
-6.696159,50,5090.292943
-0.655842,50,5090.498365
8.68849,50,5090.684025
6.941212,50,5090.870124
8.148198,50,5091.050151
2.927276,50,5091.232239
-2.089669,50,5100.329159
-26.521137,50,5109.530526
4.056176,50,5118.634148
5.091391,50,5127.801769
-1.810983,50,5137.015046
2.68,50,5146.177946
1.967864,50,5155.365765
-4.093413,50,5164.584002
6.240244,50,5173.791743
0.070001,50,5182.962487
1.158037,50,5192.210452
1.335231,50,5201.370231
1.500677,50,5210.588983
6.155498,50,5219.672522
-2.807689,50,5228.901568
1.320712,50,5238.172174
4.597422,50,5247.421901
7.016902,50,5256.69547
2.650659,50,5266.011225
-14.656875,50,5275.3451
5.520395,50,5284.630531
1.923177,50,5293.901449
4.457534,50,5303.238744
5.301188,50,5312.599278
0.201131,50,5321.937379
5.819906,50,5331.308859
5.417398,50,5340.672475
0.303253,50,5350.010196
1.360703,50,5359.301473
-4.588423,50,5368.662068
-4.693298,50,5378.047732
-16.472797,50,5387.468558
3.405419,50,5396.799196
1.839845,50,5406.154646
-0.413671,50,5415.580997
1.620756,50,5425.016319
2.196987,50,5434.440017
-1.86367,50,5443.753317
5.878851,50,5453.087445
-3.111173,50,5462.544064
4.095531,50,5472.045816
7.542074,50,5481.532663
-3.94391,50,5490.996333
0.317612,50,5500.494476
4.765695,50,5509.90652
5.971057,50,5519.376865
2.910133,50,5528.895214
4.390149,50,5538.399119
-2.203888,50,5547.900977
-3.476828,50,5557.49379
-1.592947,50,5557.684214
-8.054505,50,5557.877926
0.238349,50,5558.067206
2.563993,50,5558.270166
-0.205936,50,5558.457531
6.392173,50,5558.647297
-0.511466,50,5558.826569
-1.141402,50,5559.006196
5.045572,50,5559.190874
1.793012,50,5559.381554
4.649184,50,5568.909757
-4.915482,50,5578.497865
2.587487,50,5588.069881
2.645662,50,5597.678184
3.309556,50,5607.285873
2.173086,50,5616.846839
2.326834,50,5626.444791
-3.519125,50,5636.058627
0.31883,50,5645.718077
3.63067,50,5655.328221
-0.188667,50,5664.920147
-11.085228,50,5674.475606
3.89341,50,5684.063555
5.274553,50,5693.670398
2.93828,50,5703.389492
4.297329,50,5713.042278
-2.883137,50,5722.696503
3.593849,50,5732.457295
4.238008,50,5742.051467
1.176685,50,5751.735846
4.941216,50,5761.390969
-0.919598,50,5771.161403
-5.883403,50,5780.854095
2.819563,50,5790.569401
8.157693,50,5800.297166
-1.563903,50,5809.984971
-10.355799,50,5819.745681
5.476362,50,5829.474901
1.90014,50,5839.174054
1.679589,50,5848.90012
5.232018,50,5858.624665
1.307094,50,5868.345797
6.697747,50,5878.044378
4.488674,50,5887.79343
3.821429,50,5897.587291
4.479446,50,5907.31136
0.400082,50,5916.935793
-1.884475,50,5926.670622
0.219004,50,5936.421991
5.181406,50,5946.237747
7.135039,50,5956.082136
4.643295,50,5965.944899
6.475329,50,5975.813
5.22874,50,5985.657248
-13.095041,50,5995.424307
0.755656,50,6005.225567
0.955408,50,6015.061563
-2.107598,50,6025.019822
3.602992,50,6034.954688
7.223093,50,6044.836782
5.480452,50,6045.044024
6.442551,50,6045.231908
0.096482,50,6045.429479
4.903553,50,6045.629258
8.236332,50,6045.832188
2.665869,50,6046.022805
8.52077,50,6046.20892
-3.783181,50,6046.408234
-2.81492,50,6046.59307
4.488743,50,6046.772789
6.031287,50,6056.648006
3.829565,50,6066.604569
5.960208,50,6076.591773
1.030091,50,6086.516745
-3.331642,50,6096.5138
-2.773491,50,6106.430258
2.75316,50,6116.408047
4.145326,50,6126.431836
-3.177576,50,6136.416664
5.943064,50,6146.358136
-4.430457,50,6156.321398
2.620029,50,6166.348502
4.168591,50,6176.27354
7.092347,50,6186.315456
6.421674,50,6196.40548
-2.739141,50,6206.472594
4.672102,50,6216.509072
2.376323,50,6226.559249
-2.282169,50,6236.686335
-1.245942,50,6246.760639
7.237424,50,6256.773327
4.695134,50,6266.887729
6.609454,50,6276.986922
1.969209,50,6287.170943
7.393032,50,6297.234543
1.924228,50,6307.264958
1.111384,50,6317.336156
2.967321,50,6327.505039
-1.098202,50,6337.570012
-4.378718,50,6347.684652
4.812804,50,6357.889379
-0.70829,50,6368.033932
3.137853,50,6378.1868
6.002726,50,6388.404214
3.331596,50,6398.628017
-3.321996,50,6408.857614
-4.018338,50,6419.077785
-4.157961,50,6429.286468
-0.188783,50,6439.508688
5.953078,50,6449.667132
2.210668,50,6459.810905
3.245062,50,6469.853039
0.928591,50,6480.139657
-4.898615,50,6490.360349
0.753299,50,6500.540544
1.467867,50,6510.752121
4.95117,50,6521.022561
1.760515,50,6531.324573
4.986677,50,6541.547786
7.635931,50,6551.743545
8.512834,50,6551.940076
-2.799706,50,6552.126534
-5.335741,50,6552.304668
-5.036755,50,6552.483373
4.957475,50,6552.655334
5.980888,50,6552.853922
4.974017,50,6553.044031
-2.445108,50,6553.22599
0.344725,50,6553.426223
2.232379,50,6553.612403
0.049185,50,6563.94422
5.463701,50,6574.194037
-4.025075,50,6584.547482
4.83702,50,6594.897996
-1.113093,50,6605.202175
4.408785,50,6615.516118
-0.752818,50,6625.872898
0.073276,50,6636.203834
1.954846,50,6646.48014
1.133953,50,6656.782349
-2.772875,50,6667.163119
4.819035,50,6677.594294
1.775107,50,6687.962373
-3.174346,50,6698.476293
2.249607,50,6708.904179
3.756535,50,6719.366053
0.324547,50,6729.835253
4.996749,50,6740.299795
1.797894,50,6750.69581
5.585053,50,6761.177277
0.234529,50,6771.587263
5.572475,50,6782.00117
2.70183,50,6792.503041
4.225268,50,6803.017273
1.029796,50,6813.476049
2.214155,50,6824.005468
3.76191,50,6834.480841
-0.008708,50,6845.009503
2.778778,50,6855.55567
1.12992,50,6866.113515
4.367493,50,6876.633035
4.509918,50,6887.166679
-1.685287,50,6897.683443
6.340186,50,6908.28471
0.015165,50,6918.896603
4.203664,50,6929.509479
-6.062076,50,6939.922647
7.695074,50,6950.541908
-1.703391,50,6961.15775
5.881623,50,6971.795915
4.897328,50,6982.465379
-0.131963,50,6993.070409
3.586426,50,7003.643942
-6.088707,50,7014.28537
3.603537,50,7024.929212
4.350273,50,7035.525578
-3.133648,50,7046.219843
4.932129,50,7056.909761
0.835942,50,7067.566545
7.57561,50,7078.272557
5.115592,50,7078.452992
1.966585,50,7078.644142
3.374367,50,7078.82447
1.714933,50,7079.013143
4.852342,50,7079.207547
-5.569813,50,7079.435488
-0.558987,50,7079.637517
0.063892,50,7079.830773
1.439358,50,7080.020709
1.475076,50,7080.209931
2.767363,50,7090.973097
-0.31767,50,7101.708723
0.425197,50,7112.43626
5.681666,50,7123.215899
-3.883686,50,7133.971441
2.7107,50,7144.710388
4.767974,50,7155.530208
3.360824,50,7166.269744
-0.796648,50,7177.02559
3.798922,50,7187.795085
3.889636,50,7198.524896
3.708606,50,7209.288086
1.498863,50,7219.871946
-1.467028,50,7230.624271
6.763059,50,7241.396329
2.157763,50,7252.259103
-4.104947,50,7263.099393
6.469615,50,7273.885043
-1.398811,50,7284.759586
4.501201,50,7295.623904
4.818869,50,7306.375252
4.01339,50,7317.220172
2.842125,50,7328.191607
3.460784,50,7339.198723
2.664136,50,7350.146323
5.714125,50,7361.039664
-5.821412,50,7371.928093
0.068396,50,7382.876806
-4.768486,50,7393.832394
-3.886107,50,7404.807668
2.877929,50,7415.667846
2.974538,50,7426.508151
1.062726,50,7437.379566
1.577859,50,7448.306565
4.255102,50,7459.326982
3.318304,50,7470.339598
0.043574,50,7481.325451
4.470327,50,7492.189794
1.035603,50,7503.168324
3.673978,50,7514.152395
3.382019,50,7525.182987
-0.845556,50,7536.172107
-2.03044,50,7547.116253
1.354826,50,7558.175966
-2.674485,50,7569.20027
3.995402,50,7580.246617
-5.763348,50,7591.286773
-2.241143,50,7602.447846
1.275586,50,7613.455023
-1.594307,50,7624.529237
0.537326,50,7624.721783
8.116803,50,7624.917174
-0.270939,50,7625.107774
0.495977,50,7625.309454
4.5468,50,7625.504062
5.994327,50,7625.695729
0.63677,50,7625.890958
6.28285,50,7626.081823
6.263243,50,7626.26502
5.886381,50,7626.451725
-5.785356,50,7637.624049
4.074879,50,7648.728091
-4.341355,50,7659.828819
4.042322,50,7670.950604
-4.120222,50,7682.064857
4.668004,50,7693.191067
5.394752,50,7704.295567
5.056092,50,7715.462566
5.641322,50,7726.54189
6.477629,50,7737.621889
-4.23654,50,7748.748398
4.298265,50,7759.842934
1.857568,50,7770.970186
2.033968,50,7782.110071
-3.619844,50,7793.342261
5.259172,50,7804.565257
-0.419411,50,7815.77088
-3.719369,50,7827.067318
-2.198948,50,7838.277025
5.18111,50,7849.54971
5.373716,50,7860.858744
-1.088329,50,7872.047663
3.324719,50,7883.289968
-2.491075,50,7894.53656
3.06655,50,7905.819605
6.677352,50,7917.215689
-7.668137,50,7928.592495
3.418255,50,7939.890183
-0.988037,50,7951.213288
5.595377,50,7962.558012
3.558498,50,7973.897503
-0.553808,50,7985.184136
4.897097,50,7996.491343
4.071765,50,8007.862098
4.899902,50,8019.285918
5.89455,50,8030.651779
-2.361618,50,8042.061307
5.114382,50,8053.544827
4.613203,50,8065.011495
4.157133,50,8076.30176
-2.070832,50,8087.674284
1.78225,50,8099.109522
3.892747,50,8110.590124
4.278339,50,8122.099658
1.409268,50,8133.575477
5.578724,50,8145.034177
-2.784218,50,8156.490092
2.300512,50,8167.890991
5.544019,50,8179.356152
3.941201,50,8190.842053
6.288667,50,8191.035295
-0.446598,50,8191.23075
8.442178,50,8191.42153
6.936049,50,8191.654205
7.318655,50,8191.863328
3.526031,50,8192.046777
3.454748,50,8192.229385
-3.820317,50,8192.425513
4.557522,50,8192.602156
2.387724,50,8192.787275
4.734745,50,8204.317594
1.274836,50,8215.811414
0.956445,50,8227.310441
1.934023,50,8238.909066
-0.069405,50,8250.453198
-4.044917,50,8262.020823
1.185203,50,8273.576232
0.688557,50,8285.155646
1.626569,50,8296.727047
1.155714,50,8308.456884
0.579785,50,8320.125135
4.915495,50,8331.810293
3.788243,50,8343.428351
-1.253551,50,8355.080354
1.794966,50,8366.663711
5.670136,50,8378.2659
0.425406,50,8389.873611
7.135686,50,8401.569864
2.574977,50,8413.300613
1.411317,50,8424.949576
2.096415,50,8436.617384
3.777342,50,8448.263789
0.745724,50,8459.949509
2.12201,50,8471.602643
4.083737,50,8483.312771
1.34379,50,8494.973686
3.425192,50,8506.619817
5.769516,50,8518.332445
5.053635,50,8530.005148
6.291565,50,8541.696063
0.853254,50,8553.41387
-3.929656,50,8565.20198
3.466732,50,8576.927755
-3.087991,50,8588.693405
1.003673,50,8600.490567
3.618442,50,8612.211775
4.66962,50,8624.06018
1.040191,50,8635.953011
1.822712,50,8647.875017
3.754822,50,8659.688373
-0.67756,50,8671.460088
6.470873,50,8683.312777
-0.666396,50,8695.188479
-24.900363,50,8707.083909
3.524832,50,8718.902356
5.043773,50,8730.715392
-0.748236,50,8742.511772
7.879657,50,8754.35699
-4.128919,50,8766.334154
7.025341,50,8778.220702
-1.09517,50,8778.408906
8.363541,50,8778.589553
-5.128567,50,8778.782603
8.723348,50,8778.96115
8.207832,50,8779.133974
7.352219,50,8779.31857
-0.783463,50,8779.510212
-4.552836,50,8779.686382
-2.836666,50,8779.860614
-7.311809,50,8780.031062
4.120843,50,8791.75573
-3.951573,50,8803.537775
2.636295,50,8815.396353
6.204608,50,8827.256937
3.504773,50,8839.096712
0.279686,50,8851.032446
5.40318,50,8862.914222
-2.789759,50,8874.952266
7.720472,50,8886.910182
6.498381,50,8898.835206
1.060723,50,8910.782197
-3.377732,50,8922.662256
-0.932517,50,8934.726651
3.63768,50,8946.697965
5.316994,50,8958.661554
-17.460875,50,8970.578672
-0.044068,50,8982.605524
4.553208,50,8994.521257
5.665084,50,9006.522554
5.708806,50,9018.60704
0.266507,50,9030.630712
0.805177,50,9042.602795
2.803887,50,9054.576399
0.065584,50,9066.609966
1.688128,50,9078.687765
0.176068,50,9090.712112
2.258873,50,9102.684703
3.787285,50,9114.741113
2.484377,50,9126.829117
-0.901497,50,9138.809159
-5.039812,50,9150.93201
5.496753,50,9163.091187
4.263536,50,9175.156398
-0.34862,50,9187.296806
3.235906,50,9199.411429
4.263967,50,9211.502676
-4.223483,50,9223.69575
-4.33937,50,9235.877094
-2.800988,50,9248.092613
5.407106,50,9260.197883
2.835748,50,9272.424527
-2.733119,50,9284.578973
0.344886,50,9296.839795
-0.269126,50,9309.061464
-4.592058,50,9321.289544
1.577197,50,9333.582436
4.851079,50,9345.751028
-2.543342,50,9358.05375
5.357386,50,9370.503322
-4.413525,50,9382.8872
1.19612,50,9383.073054
3.569071,50,9383.256315
-2.51483,50,9383.448931
6.101975,50,9383.637669
7.827843,50,9383.82914
8.464821,50,9384.027731
-0.368738,50,9384.21862
-5.327745,50,9384.421462
7.28141,50,9384.613916
-1.957166,50,9384.79721
-1.199704,50,9397.192835
1.49971,50,9409.578745
-1.994869,50,9421.996911
-0.257578,50,9434.22937
7.105983,50,9446.621908
-0.093913,50,9458.856736
3.416746,50,9471.082155
1.509083,50,9483.43037
0.281154,50,9495.799617
-0.054603,50,9508.132024
1.459284,50,9520.454773
3.820977,50,9532.800528
-4.309217,50,9545.134362
-4.11783,50,9557.450585
4.11453,50,9569.857604
6.883088,50,9582.24576
-2.292326,50,9594.633068
-16.365074,50,9607.080944
4.809747,50,9619.456165
6.027266,50,9631.881248
6.15872,50,9644.299536
2.525855,50,9656.632998
-6.186944,50,9669.015775
5.441219,50,9681.392904
4.871609,50,9693.842528
1.834773,50,9706.391006
1.245504,50,9718.902737
3.858833,50,9731.442
-3.219686,50,9743.972153
-2.276155,50,9756.4603
5.153617,50,9768.897338
-0.732602,50,9781.362618
5.641577,50,9794.00047
-4.907413,50,9806.587237
0.777643,50,9819.217149
-6.631143,50,9831.714465
2.174351,50,9844.364196
3.510221,50,9856.941755
2.947683,50,9869.510071
-6.53039,50,9882.095389
0.537917,50,9894.661322
5.695654,50,9907.279755
3.309506,50,9919.897644
1.907453,50,9932.591313
3.832898,50,9945.209504
-0.829216,50,9957.807068
5.394188,50,9970.451065
-0.172024,50,9983.004419
-2.961933,50,9995.676175
0.625498,50,10008.399332
8.153719,50,10008.586604
8.733378,50,10008.786635
-0.54289,50,10008.977054
-1.16597,50,10009.173063
-3.063869,50,10009.362116
-4.22604,50,10009.553987
7.049011,50,10009.753576
-7.573788,50,10009.941942
8.19436,50,10010.129053
0.187867,50,10010.320434
-0.338267,50,10023.042222
2.559833,50,10035.661755
-1.564944,50,10048.337965
-3.594878,50,10060.958275
-2.701124,50,10073.574176
4.181224,50,10086.222071
-12.481022,50,10099.022536
-1.505208,50,10111.72755
8.749757,50,10124.493972
3.542724,50,10137.203074
-5.885914,50,10149.913698
-1.656392,50,10162.485709
-1.602497,50,10175.18778
4.652945,50,10187.894322
-3.246442,50,10200.644161
-5.464978,50,10213.421051
4.333009,50,10226.305181
-4.476918,50,10239.029346
1.753879,50,10251.846023
-3.328536,50,10264.617029
7.22075,50,10277.420329
1.48663,50,10290.278884
4.178896,50,10303.117295
-2.075603,50,10315.943478
-1.103521,50,10328.773847
4.836534,50,10341.592776
-8.704834,50,10354.369677
0.35438,50,10367.132121
5.113716,50,10379.953711
7.966598,50,10392.816981
0.592409,50,10405.665716
-0.305906,50,10418.555046
-3.708993,50,10431.50049
1.39842,50,10444.408363
-0.07556,50,10457.231524
8.238399,50,10470.141633
1.948705,50,10483.030443
1.06413,50,10495.970338
-0.801503,50,10508.895558
6.834518,50,10521.952058
3.937879,50,10534.989052
1.726833,50,10547.954148
-2.781897,50,10560.929252
3.941678,50,10574.136006
0.476723,50,10587.821831
4.713666,50,10600.79317
-4.613227,50,10613.809249
2.238118,50,10626.921188
2.956881,50,10640.053046
8.669987,50,10653.218317
5.865255,50,10653.429742
-1.648496,50,10653.608603
7.810572,50,10653.801781
2.843085,50,10653.995033
0.349134,50,10654.181069
1.441967,50,10654.361125
-2.634968,50,10654.537517
6.819685,50,10654.737002
-6.341318,50,10654.917608
1.229809,50,10655.102105
4.158575,50,10668.097057
4.702697,50,10681.121519
1.378234,50,10694.251658
4.801356,50,10707.420658
4.312288,50,10720.458282
3.487642,50,10733.675677
-3.580332,50,10746.908824
3.878048,50,10760.119278
-2.85595,50,10773.120434
-2.238731,50,10786.22515
-3.872691,50,10799.324471
5.895179,50,10812.387679
-0.501709,50,10825.486717
4.458105,50,10838.607221
5.030285,50,10851.760722
1.499855,50,10864.947457
-1.002115,50,10878.111481
0.471232,50,10891.236477
8.285342,50,10904.388152
-4.772641,50,10917.568891
2.934158,50,10930.779186
-6.982686,50,10943.976209
5.462408,50,10957.087352
-4.037213,50,10970.282351
-3.564223,50,10983.537929
-6.998459,50,10996.751079
0.615825,50,11009.949799
-2.679947,50,11023.241374
-2.677306,50,11036.472786
5.481,50,11049.735767
-2.032193,50,11062.946832
-1.290552,50,11076.202732
2.754326,50,11089.611629
1.718642,50,11102.974217
2.533561,50,11116.11329
5.51651,50,11129.453741
-2.499093,50,11142.633082
3.580582,50,11155.878915
1.886337,50,11169.247278
4.563926,50,11182.572018
5.255415,50,11195.857587
-1.46444,50,11209.132883
3.741429,50,11222.557881
-0.551812,50,11236.0091
3.512262,50,11249.29607
4.480589,50,11262.795969
1.279361,50,11276.309209
1.284864,50,11289.543315
1.915887,50,11302.995041
-3.10569,50,11316.594382
-3.741333,50,11316.784102
5.296869,50,11316.971072
8.840097,50,11317.158526
8.182434,50,11317.353705
2.209899,50,11317.540442
2.152888,50,11317.728784
-0.149756,50,11317.912345
-2.842036,50,11318.091385
3.892404,50,11318.274426
-19.404401,50,11318.459246
-0.935219,50,11331.931839
5.642829,50,11345.277806
-5.561459,50,11358.508203
6.55417,50,11371.79966
-3.987228,50,11385.291261
0.039582,50,11398.76024
-5.05326,50,11412.212431
-3.646777,50,11425.717692
1.195776,50,11439.157538
0.342422,50,11452.591847
4.644503,50,11466.138379
3.480012,50,11479.672767
-1.223706,50,11493.193202
-0.989501,50,11506.665039
1.089319,50,11520.284066
-4.306066,50,11533.844355
-0.041962,50,11547.439088
4.78337,50,11561.071593
0.369389,50,11574.637283
-3.646168,50,11588.216187
-1.325116,50,11601.851015
-5.219597,50,11615.384695
0.45319,50,11628.950573
0.094146,50,11642.51014
5.166012,50,11656.214851
3.626258,50,11669.856066
-1.316262,50,11683.495415
5.311491,50,11697.139435
3.332066,50,11710.76683
-4.126001,50,11724.424418
-2.341994,50,11738.115292
3.816927,50,11751.875292
-18.447217,50,11766.317305
4.531646,50,11780.048159
0.84368,50,11793.761875
4.265957,50,11807.324456
-1.348371,50,11820.979377
2.809913,50,11834.731024
0.049433,50,11848.391077
5.7164,50,11862.169622
-3.059452,50,11875.961143
-7.297894,50,11889.728367
-5.106096,50,11903.485155
4.825958,50,11917.26603
-1.970736,50,11931.043358
3.675462,50,11944.858791
1.167397,50,11958.706341
4.277819,50,11972.44858
-5.282435,50,11986.261526
2.639366,50,12000.02246
4.218574,50,12000.213467
6.628175,50,12000.40879
5.792486,50,12000.599445
-6.304281,50,12000.787822
8.415912,50,12000.9802
6.361152,50,12001.167552
3.167928,50,12001.352464
7.163613,50,12001.546708
7.393489,50,12001.728795
2.171048,50,12001.908484
0.026026,50,12015.697058
6.124907,50,12029.731501
-3.643741,50,12043.617489
3.348013,50,12057.457799
-0.750696,50,12071.27548
1.895233,50,12085.144523
4.121663,50,12099.054115
-3.012932,50,12112.8945
-2.959127,50,12126.847001
2.759403,50,12140.902883
2.213654,50,12154.949278
3.512989,50,12168.93579
5.702963,50,12182.833442
5.813387,50,12196.725414
1.565317,50,12210.582573
0.352495,50,12224.536267
4.820941,50,12238.479787
1.006075,50,12252.414152
-2.464525,50,12266.333507
3.16072,50,12280.20294
4.962003,50,12294.160362
0.99765,50,12308.215973
2.769484,50,12322.231575
-3.829328,50,12336.268528
-6.586924,50,12350.342007
-4.641116,50,12364.341993
4.982221,50,12378.270351
-2.732983,50,12392.37587
2.868783,50,12406.416218
-0.701935,50,12420.495347
3.295069,50,12434.528568
3.151948,50,12448.684677
-2.085057,50,12462.803727
-0.487358,50,12476.887419
4.500301,50,12490.977752
-0.852341,50,12505.060205
5.831033,50,12519.253237
-5.258599,50,12533.3155
-9.40917,50,12547.689581
0.79672,50,12561.640351
3.450761,50,12575.681901
-1.760311,50,12589.829094
-4.646974,50,12603.883738
3.555489,50,12618.061866
1.978672,50,12632.231374
0.630099,50,12646.599074
3.623233,50,12660.808677
3.279002,50,12674.983232
1.879006,50,12689.148423
-5.814751,50,12703.359823
-4.998068,50,12703.559083
-8.83661,50,12703.755886
-0.653147,50,12703.955089
6.875295,50,12704.148216
7.709484,50,12704.344961
-1.70625,50,12704.52951
6.521088,50,12704.730104
7.928134,50,12704.917913
1.235981,50,12705.1296
4.893759,50,12705.315022
-2.68234,50,12719.438772
0.151924,50,12733.611199
4.663675,50,12747.911474
1.633615,50,12762.066928
-3.469433,50,12776.233579
-25.846877,50,12790.430596
3.387939,50,12804.860122
2.126381,50,12818.97596
-3.415519,50,12833.201953
-4.681011,50,12847.480485
-1.84498,50,12861.756442
2.080722,50,12875.945362
7.102125,50,12890.22691
1.774274,50,12904.494765
-2.72251,50,12918.74423
2.379878,50,12933.045116
-8.123793,50,12947.331643
-2.394966,50,12961.668841
4.912039,50,12975.925998
3.715965,50,12990.241573
0.82233,50,13004.497251
2.773921,50,13018.850848
1.329102,50,13033.218045
4.89345,50,13047.605466
-5.20526,50,13061.999502
-1.657606,50,13076.385785
-0.168807,50,13090.804231
2.342405,50,13105.165134
0.677992,50,13119.506841
3.19008,50,13133.964621
-4.75952,50,13148.34666
-1.180693,50,13162.805609
3.478406,50,13177.289728
0.518742,50,13191.791414
3.697297,50,13206.247027
4.451856,50,13220.679165
-0.987121,50,13235.147098
-7.123397,50,13249.63649
5.330651,50,13264.176988
0.229779,50,13278.745952
5.85136,50,13293.209991
-7.242621,50,13307.680688
3.134955,50,13322.168116
2.75259,50,13336.882014
5.087429,50,13351.417722
0.640412,50,13365.999911
-4.833142,50,13380.738282
-3.132384,50,13395.285398
6.382232,50,13409.917766
-2.261852,50,13424.622919
8.453838,50,13424.821503
5.331765,50,13425.009376
7.076917,50,13425.205805
6.267655,50,13425.407313
5.034707,50,13425.595464
6.928438,50,13425.798858
0.343256,50,13426.015219
7.771351,50,13426.203044
7.300649,50,13426.401686
1.04106,50,13426.587574
-9.170868,50,13441.325434
-3.847595,50,13456.022646
3.530841,50,13470.648092
-16.882156,50,13485.287707
0.889647,50,13499.952891
-1.083102,50,13514.507975
1.284981,50,13529.321833
3.617247,50,13543.962032
2.79371,50,13558.604772
2.590577,50,13573.368581
4.54588,50,13588.027197
-0.218885,50,13602.703823
-3.337049,50,13617.413923
-0.598373,50,13632.129592
-1.036751,50,13646.776625
6.384894,50,13661.485442
3.230527,50,13676.128233
5.552157,50,13691.019684
-6.571279,50,13705.785078
4.503314,50,13720.511789
-2.961489,50,13735.246276
1.222321,50,13750.029974
-3.932573,50,13764.809062
4.944366,50,13779.77539
-0.776375,50,13794.558277
3.167591,50,13809.527705
5.230612,50,13824.363692
6.412823,50,13839.156182
4.717478,50,13854.007354
1.681501,50,13869.044764
4.553946,50,13883.854
2.957036,50,13898.859833
4.891603,50,13913.850838
-1.981942,50,13928.742996
3.683162,50,13943.766224
-3.701259,50,13958.737073
-4.334417,50,13973.804963
-3.289256,50,13988.78735
4.045299,50,14003.663623
1.926541,50,14018.63395
4.792621,50,14033.664538
6.7166,50,14048.63436
-8.861167,50,14063.676387
4.971434,50,14078.683628
5.448474,50,14093.509646
3.59352,50,14108.5931
4.308944,50,14123.690368
5.161824,50,14138.770732
8.208818,50,14153.807923
-7.257085,50,14168.847785
1.390915,50,14169.047155
7.198368,50,14169.247294
5.614501,50,14169.497316
7.42391,50,14169.70551
-1.259265,50,14169.902462
5.029111,50,14170.105912
-8.406431,50,14170.293556
7.799649,50,14170.482571
2.347757,50,14170.681096
-8.282457,50,14170.871947
3.20182,50,14185.901371
-4.485408,50,14200.979167
-0.91301,50,14216.036755
5.608707,50,14231.117087
7.041137,50,14246.302981
-0.249611,50,14261.484336
-1.933237,50,14276.591353
-1.133271,50,14291.675664
3.379579,50,14306.80416
4.676019,50,14321.931228
6.520347,50,14337.153301
-0.575399,50,14352.268408
-4.037915,50,14367.449371
4.78179,50,14382.568204
2.445838,50,14397.821907
5.032865,50,14413.057455
0.006772,50,14428.208707
4.368477,50,14443.369789
0.471157,50,14458.680434
5.137167,50,14473.915723
0.108692,50,14489.133972
-8.10462,50,14504.29177
-3.755197,50,14519.516199
3.693932,50,14534.879013
-0.947846,50,14550.216595
0.747557,50,14565.391283
1.320262,50,14580.662709
0.355525,50,14595.937644
3.853568,50,14611.122922
-3.188949,50,14626.431701
-0.982906,50,14641.747285
-0.616078,50,14657.107967
2.05673,50,14672.683587
4.409946,50,14687.982455
-0.543733,50,14703.313682
-11.13413,50,14718.740068
-1.874076,50,14734.187274
4.018891,50,14749.558028
7.215297,50,14764.897095
3.965278,50,14780.334217
-2.385679,50,14795.720731
-0.88864,50,14811.046341
6.71309,50,14826.356853
-3.039162,50,14841.777288
2.479233,50,14857.216623
4.08826,50,14872.588012
-4.522705,50,14888.165164
0.723119,50,14903.639446
4.116751,50,14919.075687
5.289648,50,14934.445303
8.548623,50,14934.642277
4.650539,50,14934.874869
8.888047,50,14935.084138
9.04089,50,14935.280579
-4.188305,50,14935.476741
-0.207366,50,14935.678454
7.667526,50,14935.887331
2.207716,50,14936.092277
1.24312,50,14936.286499
0.445,50,14936.461595
4.041238,50,14951.924884
0.687098,50,14967.378296
1.527591,50,14982.849192
-7.845182,50,14998.292943
6.625206,50,15013.947695
3.803459,50,15029.447551
2.905121,50,15044.985852
3.46507,50,15060.507856
-6.921133,50,15076.131961
7.887444,50,15091.833643
4.717863,50,15107.258858
0.42464,50,15122.725167
-6.119508,50,15138.406226
4.007136,50,15154.021019
-0.321988,50,15169.627171
2.448618,50,15185.19923
-3.583592,50,15200.840013
-3.659927,50,15216.500897
-1.410989,50,15232.123093
-10.753186,50,15247.723119
-1.569801,50,15263.376213
-0.427317,50,15279.081271
4.403832,50,15294.90762
-3.322078,50,15310.682591
-3.114391,50,15326.342794
5.005584,50,15342.027606
7.994515,50,15357.718339
5.717281,50,15373.4872
0.851267,50,15389.190856
-4.890739,50,15404.723156
3.012423,50,15420.412227
2.480519,50,15436.141909
5.451199,50,15451.908018
7.280606,50,15467.580473
-4.441467,50,15483.32456
-0.570413,50,15499.217262
3.527691,50,15515.085465
5.290165,50,15530.928668
-3.374729,50,15546.698195
-1.036765,50,15562.506063
6.016409,50,15578.261164
2.707145,50,15594.184119
0.459556,50,15610.114829
-0.948813,50,15625.956604
4.133156,50,15641.781051
5.700526,50,15657.562896
-2.433963,50,15673.556005
-0.152167,50,15689.364228
4.769502,50,15705.116252
-5.53995,50,15721.121131
4.5101,50,15721.319825
3.747963,50,15721.508947
7.237723,50,15721.700432
-1.490517,50,15721.913708
-6.864653,50,15722.097904
-3.100889,50,15722.283
-8.387506,50,15722.46718
5.700695,50,15722.658934
1.62106,50,15722.867593
5.411451,50,15723.075693
4.573291,50,15738.850122
3.051361,50,15754.825218
7.904329,50,15770.729234
6.796515,50,15786.67482
-5.611385,50,15802.415638
3.987031,50,15818.307943
-0.695907,50,15834.163591
6.252727,50,15850.07951
7.543064,50,15865.947507
4.191175,50,15881.814441
1.048406,50,15897.725909
3.205768,50,15913.681709
0.220809,50,15929.7701
-26.167201,50,15945.676941
-0.892759,50,15961.565293
-4.002881,50,15977.46013
4.720501,50,15993.360464
-7.820546,50,16009.523306
-0.320354,50,16025.499318
-3.288876,50,16041.53474
-1.516132,50,16057.543059
6.727375,50,16073.498494
-1.743746,50,16089.553972
4.508344,50,16105.547324
-2.110356,50,16121.658963
-7.944716,50,16137.665552
-0.445972,50,16153.718097
-3.813837,50,16169.878415
5.303979,50,16186.069784
5.987081,50,16202.356147
-0.971242,50,16218.43031
0.552396,50,16234.764692
-0.192497,50,16250.906279
2.070724,50,16267.056378
-1.823554,50,16283.111671
4.317316,50,16299.301881
-0.014276,50,16315.378297
1.960038,50,16331.471915
3.481203,50,16347.554394
-4.107722,50,16363.794316
3.809118,50,16380.02347
-4.974727,50,16396.148882
1.062258,50,16412.34005
-0.840696,50,16428.432242
0.234771,50,16444.819387
6.78323,50,16461.226989
2.247133,50,16477.423841
7.073889,50,16493.640413
5.1826,50,16509.843441
2.321811,50,16526.111731
5.662732,50,16526.308655
4.65916,50,16526.505095
6.304582,50,16526.694397
1.937582,50,16526.892299
2.738743,50,16527.08381
4.836085,50,16527.280101
3.780211,50,16527.466014
8.089016,50,16527.65059
7.02572,50,16527.836962
1.410291,50,16528.024104
2.959191,50,16544.262781
-1.234818,50,16560.432083
-0.205381,50,16576.633982
-6.741759,50,16592.998857
-15.904111,50,16609.246108
7.964015,50,16625.683245
-4.118826,50,16641.928101
0.362208,50,16658.263422
3.190068,50,16674.585829
3.016831,50,16690.983584
-0.031962,50,16707.235378
-5.635973,50,16723.629809
-2.032532,50,16740.033783
-1.913455,50,16756.508909
-4.396135,50,16772.910881
5.9286,50,16789.336507
-5.303258,50,16805.852218
3.121979,50,16822.247252
-1.26382,50,16838.545825
0.722715,50,16855.011889
3.841408,50,16871.334403
7.876371,50,16887.648949
6.306182,50,16904.144586
4.162122,50,16920.650122
-3.055055,50,16937.162472
4.150523,50,16953.592671
-3.472831,50,16969.99695
3.763104,50,16986.528488
-0.801641,50,17003.065171
3.176924,50,17019.683208
5.391358,50,17036.240404
1.141412,50,17052.663299
-6.530981,50,17069.089892
1.390256,50,17085.492176
3.757616,50,17101.841231
-2.761083,50,17118.481816
-7.593715,50,17135.085142
0.089863,50,17151.625361
2.923502,50,17168.128669
0.973065,50,17184.449166
6.84553,50,17200.872932
5.53307,50,17217.606393
-3.787233,50,17234.068017
-5.053283,50,17250.837997
-0.447399,50,17267.375955
-4.456415,50,17283.959088
0.679756,50,17300.536553
6.90645,50,17317.180894
-2.593033,50,17333.808106
-5.392164,50,17350.523787
3.834953,50,17350.717774
0.038392,50,17350.919326
4.731932,50,17351.111648
-3.769086,50,17351.2879
3.881931,50,17351.495194
-2.58778,50,17351.696714
7.734531,50,17351.885333
0.331782,50,17352.071001
-4.314223,50,17352.26076
3.67353,50,17352.456433
-0.954062,50,17369.131671
4.247323,50,17385.866318
3.30083,50,17402.515552
7.330049,50,17419.18942
2.121724,50,17435.897512
-3.816307,50,17452.5599
-5.102511,50,17469.426237
0.907336,50,17486.139482
-0.289831,50,17502.820711
3.019234,50,17519.63189
0.605109,50,17536.364134
5.350135,50,17553.070652
0.123577,50,17569.820226
3.847974,50,17586.541806
0.327791,50,17603.188769
-5.176548,50,17619.96619
-6.142902,50,17636.657887
-1.732754,50,17653.424284
-6.185739,50,17670.1171
-5.781448,50,17686.97673
2.893937,50,17703.899626
2.524975,50,17720.715798
5.736113,50,17737.529569
2.263475,50,17754.370477
0.088752,50,17771.257667
-4.360412,50,17788.082783
2.480458,50,17804.835359
-5.148713,50,17821.660922
5.356344,50,17838.53691
0.895835,50,17855.506134
4.669035,50,17872.469789
-6.449689,50,17889.530435
3.004983,50,17906.455287
6.960199,50,17923.321916
4.915311,50,17940.121034
0.126,50,17957.086148
-4.857107,50,17974.027367
-0.647513,50,17990.985836
-0.964747,50,18008.0145
4.774777,50,18024.883803
0.026837,50,18041.826552
5.281326,50,18058.727166
3.311128,50,18075.488617
4.767764,50,18092.438658
0.055582,50,18109.546367
6.509496,50,18126.514442
6.863254,50,18143.357489
3.83883,50,18160.396445
1.480943,50,18177.418186
8.549567,50,18194.436352
3.735738,50,18194.660004
3.661808,50,18194.848646
3.83561,50,18195.040507
4.251751,50,18195.229809
6.108461,50,18195.419622
0.898099,50,18195.613361
4.467353,50,18195.80305
5.381918,50,18195.993641
4.104146,50,18196.178195
5.253313,50,18196.369172
3.480397,50,18213.371168
0.701932,50,18230.479375
-2.020737,50,18247.532746
2.324631,50,18264.607465
-2.362939,50,18281.834562
-4.730929,50,18298.941476
3.288621,50,18316.00767
3.327916,50,18333.258311
-0.698112,50,18350.455637
3.684226,50,18367.579704
4.120104,50,18384.681696
-5.22298,50,18401.82496
-0.95549,50,18418.964597
5.520702,50,18436.114017
5.264602,50,18453.41937
-3.396787,50,18470.515354
-16.065796,50,18487.775789
1.793498,50,18505.019604
3.43082,50,18522.261042
4.570529,50,18539.527482
4.442706,50,18556.763198
-2.260976,50,18574.120602
4.682626,50,18591.287868
0.12173,50,18608.489213
1.765461,50,18625.822056
-3.299182,50,18643.123734
0.371851,50,18660.377945
-3.738109,50,18677.662898
-3.640272,50,18694.932705
7.036134,50,18712.179751
-1.911618,50,18729.595819
0.315246,50,18746.95092
1.294586,50,18764.262087
3.137597,50,18781.480102
-3.116339,50,18798.890427
3.300459,50,18816.265544
-1.468204,50,18833.531098
6.244411,50,18850.8745
-4.671542,50,18868.270406
4.162861,50,18885.706967
1.665743,50,18903.156838
-3.761781,50,18920.567594
4.863593,50,18937.979783
1.461868,50,18955.40652
-2.578997,50,18972.796125
7.033515,50,18990.062742
5.646541,50,19007.416684
0.069332,50,19024.799448
0.858612,50,19042.184876
5.721682,50,19059.767943
7.081385,50,19059.968409
-5.585876,50,19060.162097
7.59946,50,19060.35397
6.849992,50,19060.53942
5.311026,50,19060.723822
4.919733,50,19060.900437
3.364951,50,19061.081207
6.150939,50,19061.272772
-3.343231,50,19061.47737
