# {"t_start": 1584897846.4114494, "env_id": "FetchPickAndPlace-v1"} 
r,l,t
-50.0,50,4.005124
-44.0,50,5.15208
-38.0,50,6.20867
-38.0,50,7.270485
-38.0,50,8.344877
-38.0,50,9.410795
-38.0,50,10.520194
-38.0,50,11.672634
-38.0,50,12.781318
-38.0,50,13.914516
-38.0,50,15.043856
-38.0,50,16.144055
-38.0,50,17.357176
-6.0,50,18.692999
-38.0,50,19.911649
-44.0,50,21.114842
-38.0,50,22.329809
-38.0,50,23.569372
-38.0,50,24.896118
-44.0,50,26.100586
-38.0,50,27.367343
11.0,50,27.608123
-38.0,50,27.807221
8.0,50,27.985173
1.0,50,28.172302
-38.0,50,28.348603
-38.0,50,28.531036
-38.0,50,28.721944
-16.0,50,28.9015
-38.0,50,29.124985
-2.0,50,29.344561
-3.0,50,30.509061
-14.0,50,31.744283
1.0,50,32.964433
-38.0,50,34.147647
-44.0,50,35.315728
-38.0,50,36.458885
-38.0,50,37.651895
-38.0,50,38.984419
-44.0,50,40.258612
-38.0,50,41.527535
-38.0,50,42.983566
-38.0,50,44.26017
-38.0,50,45.596317
9.0,50,47.037781
-38.0,50,48.311973
-38.0,50,49.591013
-38.0,50,50.938514
-38.0,50,52.260855
-38.0,50,53.558875
-38.0,50,54.815678
-38.0,50,54.991091
-38.0,50,55.157918
-38.0,50,55.341377
-38.0,50,55.515647
-38.0,50,55.688457
-38.0,50,55.864754
11.0,50,56.041665
-38.0,50,56.214323
-38.0,50,56.399726
-38.0,50,56.586977
-38.0,50,57.809733
-38.0,50,59.076656
-38.0,50,60.38458
-38.0,50,61.677123
-38.0,50,62.955199
-38.0,50,64.13361
-15.0,50,65.440355
-7.0,50,66.743634
-38.0,50,68.084786
-14.0,50,69.436002
-38.0,50,70.706447
-38.0,50,72.04137
-7.0,50,73.407681
-38.0,50,74.685303
-38.0,50,76.000047
-38.0,50,77.331357
-38.0,50,78.591118
-38.0,50,79.971891
-11.0,50,81.256668
-38.0,50,82.549175
-38.0,50,82.779324
-38.0,50,82.986205
3.0,50,83.161399
-38.0,50,83.361877
-38.0,50,83.561337
-38.0,50,83.784008
19.0,50,83.974079
-38.0,50,84.152474
-38.0,50,84.330073
-14.0,50,84.507614
-2.0,50,85.843889
-38.0,50,87.094316
-38.0,50,88.447581
-3.0,50,89.79506
-38.0,50,91.19382
-38.0,50,92.734761
-7.0,50,94.186705
-38.0,50,95.548618
-38.0,50,97.058694
-38.0,50,98.554652
-38.0,50,100.052009
-38.0,50,101.364067
-38.0,50,102.650773
-38.0,50,103.948174
-38.0,50,105.277289
-38.0,50,106.632343
-16.0,50,108.016757
-38.0,50,109.29894
-38.0,50,110.579628
-38.0,50,112.139998
-38.0,50,112.35207
13.0,50,112.571575
-12.0,50,112.800031
-38.0,50,113.02087
-38.0,50,113.229327
-38.0,50,113.40276
9.0,50,113.624007
-38.0,50,113.834583
2.0,50,114.048367
-38.0,50,114.258571
-38.0,50,115.657119
-38.0,50,116.980514
-38.0,50,118.297529
-38.0,50,119.714655
-38.0,50,121.137303
-38.0,50,122.63122
-38.0,50,124.028822
-38.0,50,125.432358
-38.0,50,126.828687
-38.0,50,128.181832
-38.0,50,129.506584
-38.0,50,130.836381
-17.0,50,132.207792
-38.0,50,133.542975
-38.0,50,134.904045
-38.0,50,136.267379
-38.0,50,137.629477
-38.0,50,138.998616
-38.0,50,140.428635
23.0,50,141.836307
-38.0,50,142.026377
-38.0,50,142.200278
-38.0,50,142.375704
16.0,50,142.582359
10.0,50,142.800441
10.0,50,142.97923
10.0,50,143.174752
12.0,50,143.394038
10.0,50,143.586742
-38.0,50,143.806756
-38.0,50,145.282594
-38.0,50,146.735685
-38.0,50,148.08157
-38.0,50,149.430187
-38.0,50,150.815456
-38.0,50,152.172403
3.0,50,153.502117
-38.0,50,154.970866
-38.0,50,156.482352
-38.0,50,158.001003
-38.0,50,159.583977
-38.0,50,161.066626
-38.0,50,162.574166
-38.0,50,164.040911
-38.0,50,165.478592
-38.0,50,166.892761
-38.0,50,168.388289
-38.0,50,169.966242
-38.0,50,171.467007
-38.0,50,172.913506
-38.0,50,173.096242
-38.0,50,173.272914
15.0,50,173.450275
-38.0,50,173.606075
-38.0,50,173.773724
-38.0,50,173.946262
-38.0,50,174.113132
20.0,50,174.312945
-38.0,50,174.564164
-38.0,50,174.749527
-38.0,50,176.265788
-38.0,50,177.829443
-38.0,50,179.268793
-38.0,50,180.740256
12.0,50,182.191335
-16.0,50,183.649051
-38.0,50,185.070007
-38.0,50,186.489262
-38.0,50,187.909261
-38.0,50,189.614244
-38.0,50,191.166791
-38.0,50,192.684363
-38.0,50,194.280018
-38.0,50,196.064926
-38.0,50,197.837713
-38.0,50,199.325971
-38.0,50,200.7949
-38.0,50,202.297307
-38.0,50,203.763629
-38.0,50,205.301273
-38.0,50,205.473952
-38.0,50,205.653007
-38.0,50,205.837654
-38.0,50,206.016378
-38.0,50,206.189188
-38.0,50,206.354439
-38.0,50,206.522886
-38.0,50,206.691163
-38.0,50,206.862252
-44.0,50,207.034763
-38.0,50,208.466039
-38.0,50,209.940166
-38.0,50,211.618405
-38.0,50,213.147796
-38.0,50,214.707183
-38.0,50,216.247323
-38.0,50,217.768571
-38.0,50,219.235243
-38.0,50,220.705718
-38.0,50,222.295762
-38.0,50,223.866539
-38.0,50,225.380776
-38.0,50,226.907376
-38.0,50,228.423393
-38.0,50,229.96133
-38.0,50,231.480306
-38.0,50,232.968214
-38.0,50,234.486646
-38.0,50,235.997902
-38.0,50,237.506945
-38.0,50,237.684053
-38.0,50,237.859548
-38.0,50,238.04749
-38.0,50,238.232975
25.0,50,238.427515
-38.0,50,238.607912
-38.0,50,238.796314
-38.0,50,238.988226
-38.0,50,239.17567
-38.0,50,239.366441
-38.0,50,240.881933
-38.0,50,242.449833
-38.0,50,244.025823
-38.0,50,245.608631
-38.0,50,247.237968
-38.0,50,248.872319
-38.0,50,250.489396
-38.0,50,252.082994
-38.0,50,253.722309
-38.0,50,255.351886
-38.0,50,256.953667
-38.0,50,258.57655
-44.0,50,260.177461
-38.0,50,261.911443
-38.0,50,263.537517
-38.0,50,265.205938
-38.0,50,266.82244
-38.0,50,268.495133
-38.0,50,270.261378
-38.0,50,271.87626
-15.0,50,272.083395
-38.0,50,272.261109
-38.0,50,272.450473
-38.0,50,272.636032
-38.0,50,272.821842
-38.0,50,272.99955
-38.0,50,273.163526
6.0,50,273.328659
-38.0,50,273.503741
-38.0,50,273.699136
-38.0,50,275.35605
-38.0,50,277.012467
-38.0,50,278.638828
-38.0,50,280.226097
-38.0,50,281.817234
-38.0,50,283.475396
-38.0,50,285.124327
-38.0,50,286.765751
-38.0,50,288.372434
-38.0,50,290.0247
-38.0,50,291.661097
-16.0,50,293.274732
-38.0,50,294.926234
-38.0,50,296.595688
-38.0,50,298.272609
-38.0,50,299.957746
-44.0,50,301.590317
-38.0,50,303.178073
-38.0,50,304.759466
-38.0,50,306.505281
-38.0,50,306.707478
-38.0,50,306.905601
-38.0,50,307.102606
14.0,50,307.321446
-38.0,50,307.542539
-38.0,50,307.738948
-38.0,50,307.95483
-38.0,50,308.143035
17.0,50,308.331382
-38.0,50,308.507621
-38.0,50,310.359241
-12.0,50,312.039939
-38.0,50,313.696254
-38.0,50,315.29235
23.0,50,316.899916
-38.0,50,318.504687
-38.0,50,320.095507
-38.0,50,321.743743
-38.0,50,323.396829
-38.0,50,324.99116
-38.0,50,326.609737
-38.0,50,328.201164
-38.0,50,329.842464
-38.0,50,331.475488
-38.0,50,333.080172
-38.0,50,334.719039
-38.0,50,336.333729
-38.0,50,337.965066
-38.0,50,339.595475
-38.0,50,341.247488
-38.0,50,341.402606
-38.0,50,341.565403
-38.0,50,341.715025
-38.0,50,341.868559
-38.0,50,342.040122
-38.0,50,342.208855
-38.0,50,342.370361
-38.0,50,342.536796
-38.0,50,342.711657
-44.0,50,342.903664
-44.0,50,344.532872
-38.0,50,346.170398
-38.0,50,347.850223
-38.0,50,349.522735
-16.0,50,351.182527
-38.0,50,352.799519
-38.0,50,354.447645
-38.0,50,356.087082
-38.0,50,357.782592
-38.0,50,359.457063
-38.0,50,361.124381
-38.0,50,362.827988
-38.0,50,364.488605
-38.0,50,366.15628
-38.0,50,367.799347
-50.0,50,369.432572
-38.0,50,371.05982
-50.0,50,372.74527
-38.0,50,374.426281
-38.0,50,376.131985
-38.0,50,376.308975
-38.0,50,376.459649
-38.0,50,376.626405
-38.0,50,376.788094
-12.0,50,376.954732
-38.0,50,377.119798
-38.0,50,377.295396
23.0,50,377.456243
-38.0,50,377.624563
-44.0,50,377.784968
-38.0,50,379.46702
-44.0,50,381.153475
-44.0,50,382.848994
-38.0,50,384.570692
-44.0,50,386.279398
-38.0,50,387.985097
-38.0,50,389.691622
-38.0,50,391.427191
-38.0,50,393.11725
-38.0,50,394.821941
-38.0,50,396.522758
-38.0,50,398.221657
-38.0,50,399.972769
-38.0,50,401.70584
-38.0,50,403.497649
-38.0,50,405.235127
-38.0,50,406.978939
-38.0,50,408.709706
-38.0,50,410.465719
-38.0,50,412.223693
-38.0,50,412.39075
20.0,50,412.570247
-38.0,50,412.728737
-38.0,50,412.883457
-38.0,50,413.058918
-38.0,50,413.246016
-38.0,50,413.41485
-38.0,50,413.583554
-38.0,50,413.74791
-38.0,50,413.917056
-38.0,50,415.656018
16.0,50,417.369148
-38.0,50,419.074056
-38.0,50,420.821023
-38.0,50,422.558079
-38.0,50,424.285959
-38.0,50,426.035984
18.0,50,427.779545
-38.0,50,429.529299
-38.0,50,431.264978
-38.0,50,432.999921
-38.0,50,434.75832
-38.0,50,436.514095
-38.0,50,438.300962
-38.0,50,440.059676
-38.0,50,441.827143
-38.0,50,443.611611
-38.0,50,445.387105
-44.0,50,447.192544
-38.0,50,448.991667
-44.0,50,449.166102
-38.0,50,449.333467
-38.0,50,449.52194
-44.0,50,449.6898
-44.0,50,449.856675
-38.0,50,450.009363
-38.0,50,450.175957
-38.0,50,450.338065
-38.0,50,450.503926
-38.0,50,450.669733
-44.0,50,452.422684
-38.0,50,454.170655
-38.0,50,455.941394
-38.0,50,457.743589
-38.0,50,459.573335
-38.0,50,461.377759
-38.0,50,463.190041
-38.0,50,464.984824
-38.0,50,466.839216
15.0,50,468.692852
-38.0,50,470.552325
-38.0,50,472.359818
-38.0,50,474.18839
-38.0,50,476.021654
-44.0,50,477.860441
-12.0,50,479.793967
22.0,50,481.708863
-38.0,50,483.52695
-44.0,50,485.361603
-14.0,50,487.253383
-38.0,50,487.419245
-38.0,50,487.585876
-38.0,50,487.756733
-38.0,50,487.929506
21.0,50,488.116349
-9.0,50,488.308403
18.0,50,488.492532
-38.0,50,488.648035
-38.0,50,488.805956
-38.0,50,488.979307
-38.0,50,490.820906
22.0,50,492.688379
-38.0,50,494.535447
-38.0,50,496.361909
-38.0,50,498.223305
-8.0,50,500.086931
22.0,50,501.987062
-38.0,50,503.905892
-38.0,50,505.800265
-38.0,50,507.667563
-38.0,50,509.513676
-38.0,50,511.340939
-16.0,50,513.186332
-38.0,50,515.05427
-38.0,50,516.924427
-38.0,50,518.836978
-38.0,50,520.697013
-38.0,50,522.560291
12.0,50,524.421713
22.0,50,526.315194
-38.0,50,526.479936
22.0,50,526.656193
-38.0,50,526.825969
-38.0,50,526.989263
-9.0,50,527.174897
-38.0,50,527.368817
-38.0,50,527.540236
17.0,50,527.715753
-38.0,50,527.892776
-44.0,50,528.062017
-38.0,50,529.972175
-38.0,50,531.850811
-38.0,50,533.767404
-6.0,50,535.679893
-38.0,50,537.599083
-38.0,50,539.498852
-38.0,50,541.411644
-38.0,50,543.348556
-38.0,50,545.276782
-38.0,50,547.201326
-38.0,50,549.140418
-38.0,50,551.105241
-38.0,50,553.064047
-7.0,50,554.962023
-38.0,50,556.86178
-38.0,50,558.778922
-38.0,50,560.697922
-38.0,50,562.656071
-38.0,50,564.572412
-38.0,50,566.524248
14.0,50,566.711398
19.0,50,566.891011
13.0,50,567.066576
13.0,50,567.240003
-38.0,50,567.406799
-38.0,50,567.575217
-38.0,50,567.752811
-38.0,50,567.930407
-44.0,50,568.107485
-38.0,50,568.281994
-38.0,50,570.218483
-38.0,50,572.180866
-38.0,50,574.265708
-16.0,50,576.383093
-38.0,50,578.849144
-38.0,50,580.967991
13.0,50,583.237494
-38.0,50,585.401534
-50.0,50,587.749979
-38.0,50,590.136075
-38.0,50,592.392154
-38.0,50,594.655807
-38.0,50,596.824192
-9.0,50,599.112279
-38.0,50,601.386362
-38.0,50,603.523311
-44.0,50,605.617797
-38.0,50,607.828214
-38.0,50,610.302363
-38.0,50,612.607353
-38.0,50,612.791176
-38.0,50,613.017655
-38.0,50,613.189563
-38.0,50,613.374492
-38.0,50,613.561407
-38.0,50,613.720816
19.0,50,613.878951
-38.0,50,614.050282
-38.0,50,614.230689
-38.0,50,614.439197
-38.0,50,616.422263
-38.0,50,618.438004
-38.0,50,620.464547
-38.0,50,622.500523
-38.0,50,624.516883
-50.0,50,626.516273
-38.0,50,628.558402
-38.0,50,630.928621
-38.0,50,633.124691
-44.0,50,635.207709
-44.0,50,637.248777
-38.0,50,639.291279
-38.0,50,641.32334
-38.0,50,643.36201
-38.0,50,645.398556
-38.0,50,647.494413
-38.0,50,649.573794
-38.0,50,651.624164
-44.0,50,653.67666
-38.0,50,656.227554
-38.0,50,656.408129
-38.0,50,656.588309
-38.0,50,656.766877
-38.0,50,656.932319
-38.0,50,657.106288
-38.0,50,657.276386
26.0,50,657.43947
-38.0,50,657.607766
-38.0,50,657.797534
-38.0,50,657.984189
-38.0,50,660.062806
-44.0,50,662.113384
-4.0,50,664.185819
-38.0,50,666.569874
-38.0,50,668.795935
-38.0,50,670.856314
20.0,50,672.956129
-16.0,50,675.075571
-38.0,50,677.196337
-38.0,50,679.262711
-38.0,50,681.297829
-38.0,50,683.426011
-38.0,50,685.533895
-38.0,50,687.632264
-38.0,50,689.77217
-38.0,50,691.843705
-44.0,50,693.92803
-38.0,50,696.022466
-38.0,50,698.152655
-38.0,50,700.839042
-38.0,50,701.012543
16.0,50,701.191309
-38.0,50,701.363326
-38.0,50,701.531769
-38.0,50,701.702474
-38.0,50,701.973281
-38.0,50,702.231627
-38.0,50,702.502586
-44.0,50,702.782514
-38.0,50,703.005592
-38.0,50,705.21577
-38.0,50,707.312467
-50.0,50,709.436119
16.0,50,711.533011
-38.0,50,713.96014
-38.0,50,716.069004
-38.0,50,718.184005
-38.0,50,720.319902
-38.0,50,722.446432
-38.0,50,724.861115
-38.0,50,727.002913
-38.0,50,729.106951
5.0,50,731.257189
-44.0,50,733.558919
-8.0,50,735.825991
-38.0,50,737.962321
-38.0,50,740.163896
-38.0,50,742.29938
-38.0,50,744.509385
-9.0,50,746.680293
-38.0,50,746.842852
-38.0,50,747.024867
-38.0,50,747.201006
-38.0,50,747.373841
-38.0,50,747.55172
-38.0,50,747.730784
22.0,50,747.897515
-38.0,50,748.067653
19.0,50,748.24552
-38.0,50,748.415272
-38.0,50,750.562886
-38.0,50,752.691906
-38.0,50,754.822752
-38.0,50,757.035697
-38.0,50,759.411903
-38.0,50,761.575411
-38.0,50,763.747224
-38.0,50,766.236745
-38.0,50,768.391832
-38.0,50,770.579026
-38.0,50,772.851918
-2.0,50,775.786539
25.0,50,778.300214
-38.0,50,780.474798
-38.0,50,782.633391
-38.0,50,784.801893
-38.0,50,786.994671
-38.0,50,789.175768
-44.0,50,791.366534
-38.0,50,793.571103
-44.0,50,793.742586
-38.0,50,793.910979
-38.0,50,794.095397
-38.0,50,794.268908
12.0,50,794.456485
-44.0,50,794.634634
-38.0,50,794.806683
5.0,50,794.991662
-44.0,50,795.171354
-38.0,50,795.346243
-38.0,50,797.540443
-38.0,50,799.735957
-38.0,50,801.961906
-38.0,50,804.165044
-38.0,50,806.409662
-13.0,50,808.634843
-38.0,50,810.877117
-38.0,50,813.098573
-38.0,50,815.322478
-38.0,50,817.518088
-38.0,50,819.748893
-38.0,50,821.98474
-38.0,50,824.214067
-38.0,50,826.441569
-38.0,50,828.677551
-44.0,50,830.93278
-38.0,50,833.166208
-38.0,50,835.406279
-38.0,50,837.6731
-38.0,50,839.934458
-38.0,50,840.101424
2.0,50,840.261603
-38.0,50,840.416859
-38.0,50,840.582249
-38.0,50,840.744117
24.0,50,840.903933
-38.0,50,841.06454
-38.0,50,841.230388
-38.0,50,841.389107
-38.0,50,841.555944
-38.0,50,843.851367
-38.0,50,846.073782
10.0,50,848.510813
14.0,50,851.116327
-38.0,50,853.535019
-5.0,50,856.047988
-38.0,50,858.707642
-38.0,50,861.042966
-38.0,50,863.376567
-15.0,50,865.635242
-38.0,50,867.943928
-38.0,50,870.23183
-38.0,50,872.51965
-38.0,50,874.780643
-38.0,50,877.059414
-38.0,50,879.412828
-38.0,50,882.181717
22.0,50,885.015981
-38.0,50,887.520945
-38.0,50,890.098472
-38.0,50,890.273345
-38.0,50,890.462285
-38.0,50,890.655764
-38.0,50,890.823799
-38.0,50,891.00842
-38.0,50,891.203685
-38.0,50,891.379699
-38.0,50,891.555202
-38.0,50,891.723095
22.0,50,891.908366
-38.0,50,894.466375
-38.0,50,896.978229
-38.0,50,899.553946
-44.0,50,902.14531
-38.0,50,904.839105
-13.0,50,907.395428
-15.0,50,909.923677
-10.0,50,912.424815
4.0,50,914.94913
-2.0,50,917.462612
-38.0,50,919.968046
-38.0,50,922.451838
-38.0,50,924.966115
-38.0,50,927.451637
-38.0,50,929.947996
-38.0,50,932.448961
24.0,50,934.967494
-38.0,50,937.46033
-38.0,50,939.97654
-38.0,50,942.543816
25.0,50,942.744987
-38.0,50,942.922891
-38.0,50,943.107584
24.0,50,943.289787
21.0,50,943.474968
-38.0,50,943.665217
-38.0,50,943.861987
26.0,50,944.032925
-14.0,50,944.215351
-38.0,50,944.395213
-38.0,50,946.936006
-38.0,50,949.756872
-38.0,50,952.500266
-13.0,50,955.047441
-8.0,50,957.565654
-38.0,50,960.102067
-38.0,50,962.616671
26.0,50,965.140346
-38.0,50,967.694464
-38.0,50,970.287383
-38.0,50,972.892903
-15.0,50,975.534838
-38.0,50,978.098631
-38.0,50,980.677863
-44.0,50,983.238454
-38.0,50,985.762429
-38.0,50,988.318388
4.0,50,990.912699
-38.0,50,993.483962
-38.0,50,996.08679
-38.0,50,996.25945
-38.0,50,996.437285
14.0,50,996.637644
-38.0,50,996.809921
-38.0,50,996.994042
-38.0,50,997.169312
-38.0,50,997.347831
-38.0,50,997.528533
23.0,50,997.707563
-38.0,50,997.896862
-38.0,50,1000.484715
-38.0,50,1003.083464
-38.0,50,1005.697176
-38.0,50,1008.316136
-38.0,50,1010.883888
-38.0,50,1013.464209
-38.0,50,1016.05386
23.0,50,1018.676856
-38.0,50,1021.263467
-8.0,50,1023.890054
-38.0,50,1026.500373
-38.0,50,1029.119599
21.0,50,1031.741577
-38.0,50,1034.354479
-38.0,50,1036.971582
-38.0,50,1039.601069
-13.0,50,1042.244278
-38.0,50,1044.877674
-38.0,50,1047.522622
-38.0,50,1050.173872
-38.0,50,1050.358128
9.0,50,1050.540125
-38.0,50,1050.722994
-38.0,50,1050.910772
5.0,50,1051.09383
-15.0,50,1051.281358
-38.0,50,1051.464124
3.0,50,1051.639394
-38.0,50,1051.815145
-8.0,50,1052.003271
-38.0,50,1054.639124
-38.0,50,1057.274132
25.0,50,1059.926486
-38.0,50,1062.622227
-38.0,50,1065.244218
10.0,50,1067.89248
-38.0,50,1070.569574
14.0,50,1073.268331
22.0,50,1075.906372
-38.0,50,1078.550413
-38.0,50,1081.197183
-38.0,50,1083.865699
15.0,50,1086.543494
-38.0,50,1089.216131
-38.0,50,1091.910577
-16.0,50,1094.585614
-38.0,50,1097.284001
-38.0,50,1099.993623
18.0,50,1102.72005
11.0,50,1105.427861
17.0,50,1105.609779
11.0,50,1105.807846
-38.0,50,1105.982428
-38.0,50,1106.177415
16.0,50,1106.355222
-38.0,50,1106.530683
-38.0,50,1106.712684
4.0,50,1106.896555
-38.0,50,1107.096593
19.0,50,1107.281236
-38.0,50,1109.97878
-38.0,50,1112.69777
-38.0,50,1115.396482
-38.0,50,1118.137189
-38.0,50,1120.868436
-38.0,50,1123.606076
23.0,50,1126.319587
-38.0,50,1129.040665
-38.0,50,1131.76724
-38.0,50,1134.491025
-38.0,50,1137.225631
4.0,50,1139.981485
18.0,50,1142.747538
-38.0,50,1145.46361
-38.0,50,1148.18988
12.0,50,1150.967372
26.0,50,1153.745618
-38.0,50,1156.466308
-38.0,50,1159.206195
-38.0,50,1161.942242
-38.0,50,1162.133736
25.0,50,1162.323237
17.0,50,1162.496763
-12.0,50,1162.674128
-44.0,50,1162.840217
-38.0,50,1163.019192
-38.0,50,1163.196404
24.0,50,1163.381845
-38.0,50,1163.56515
-38.0,50,1163.760232
-38.0,50,1166.457389
-38.0,50,1169.18726
-9.0,50,1171.920967
-38.0,50,1174.701214
-38.0,50,1177.434543
-38.0,50,1180.221254
-38.0,50,1183.002545
-6.0,50,1185.798841
-11.0,50,1188.709709
-38.0,50,1191.490863
-38.0,50,1194.279727
-38.0,50,1197.08226
-38.0,50,1199.879807
-38.0,50,1202.679703
0.0,50,1205.471897
10.0,50,1208.245483
-44.0,50,1211.052579
-38.0,50,1213.844414
-50.0,50,1216.631995
26.0,50,1219.436969
-38.0,50,1219.631397
-38.0,50,1219.812009
-38.0,50,1220.009802
17.0,50,1220.194479
-38.0,50,1220.375293
15.0,50,1220.574176
19.0,50,1220.756969
20.0,50,1220.953562
-38.0,50,1221.155342
-38.0,50,1221.340075
-38.0,50,1224.137699
-12.0,50,1226.95733
-38.0,50,1229.860156
24.0,50,1232.769985
22.0,50,1235.76109
-38.0,50,1238.800663
-38.0,50,1241.707824
-38.0,50,1244.567771
-38.0,50,1247.431851
-50.0,50,1250.54161
-10.0,50,1253.423842
-38.0,50,1256.146476
-38.0,50,1258.73905
22.0,50,1261.362381
21.0,50,1263.965384
-38.0,50,1266.61197
18.0,50,1269.347698
-38.0,50,1271.988231
20.0,50,1274.673875
-38.0,50,1277.376539
13.0,50,1277.558681
-6.0,50,1277.755728
22.0,50,1277.944197
-38.0,50,1278.116411
-38.0,50,1278.298009
20.0,50,1278.475376
25.0,50,1278.658457
21.0,50,1278.827017
18.0,50,1279.012664
-38.0,50,1279.186787
-38.0,50,1281.850261
-38.0,50,1284.491649
-38.0,50,1287.131586
-10.0,50,1289.75771
-5.0,50,1292.415502
-44.0,50,1295.045521
-13.0,50,1297.677675
-13.0,50,1300.323755
14.0,50,1302.971845
-38.0,50,1305.631593
-38.0,50,1308.272574
-38.0,50,1310.902303
-38.0,50,1313.560489
16.0,50,1316.233579
-38.0,50,1318.930721
3.0,50,1321.628531
-38.0,50,1324.336839
5.0,50,1327.006457
-38.0,50,1329.741216
16.0,50,1332.426306
-38.0,50,1332.594336
-9.0,50,1332.776091
21.0,50,1332.969521
22.0,50,1333.141765
-38.0,50,1333.319883
1.0,50,1333.499246
-38.0,50,1333.68545
-38.0,50,1333.856032
10.0,50,1334.040256
-12.0,50,1334.21587
26.0,50,1336.920521
9.0,50,1339.652457
7.0,50,1342.321368
-38.0,50,1344.988036
-38.0,50,1347.639104
-38.0,50,1350.338235
16.0,50,1353.015914
-38.0,50,1355.671121
-38.0,50,1358.373576
20.0,50,1361.091137
-44.0,50,1363.751512
-38.0,50,1366.425337
-38.0,50,1369.121575
-38.0,50,1371.787588
16.0,50,1374.500893
26.0,50,1377.192138
-38.0,50,1379.929621
-38.0,50,1382.611874
19.0,50,1385.33763
-38.0,50,1388.076561
-38.0,50,1388.251811
-15.0,50,1388.425053
27.0,50,1388.603042
-9.0,50,1388.793684
-38.0,50,1388.978623
14.0,50,1389.17061
22.0,50,1389.360291
-38.0,50,1389.53246
-38.0,50,1389.714947
-38.0,50,1389.900897
-38.0,50,1392.667684
-38.0,50,1395.401597
-38.0,50,1398.120696
20.0,50,1400.884979
-38.0,50,1403.592428
-38.0,50,1406.373896
-38.0,50,1409.1139
22.0,50,1411.870234
-3.0,50,1414.606481
-38.0,50,1417.34249
-38.0,50,1420.072486
-7.0,50,1422.818933
-38.0,50,1425.555274
-9.0,50,1428.333732
-38.0,50,1431.183627
25.0,50,1433.923572
4.0,50,1436.728446
-17.0,50,1439.554722
-38.0,50,1442.445682
-38.0,50,1445.273689
-38.0,50,1445.451758
-38.0,50,1445.648865
16.0,50,1445.842501
-5.0,50,1446.023151
21.0,50,1446.216438
13.0,50,1446.395474
-38.0,50,1446.574681
17.0,50,1446.760109
19.0,50,1446.951242
16.0,50,1447.142481
-38.0,50,1449.899405
-38.0,50,1452.666263
26.0,50,1455.452349
-4.0,50,1458.221741
-38.0,50,1460.989488
-38.0,50,1463.744969
-38.0,50,1466.555772
-16.0,50,1469.335361
-16.0,50,1472.133548
20.0,50,1474.933846
18.0,50,1477.763904
-38.0,50,1480.549163
24.0,50,1483.409887
10.0,50,1486.250926
-38.0,50,1489.076066
-17.0,50,1491.927429
-38.0,50,1494.707136
-16.0,50,1497.58054
21.0,50,1500.376955
21.0,50,1503.205803
23.0,50,1503.382268
-38.0,50,1503.548533
-11.0,50,1503.717266
-38.0,50,1503.890557
12.0,50,1504.078584
-38.0,50,1504.259756
21.0,50,1504.432794
-38.0,50,1504.608262
-38.0,50,1504.797443
-8.0,50,1504.980049
-7.0,50,1507.817978
-38.0,50,1510.627309
-38.0,50,1513.439089
-38.0,50,1516.245237
-2.0,50,1519.069188
-14.0,50,1521.874943
-1.0,50,1524.829389
-38.0,50,1527.761768
-9.0,50,1530.729275
8.0,50,1533.63484
-38.0,50,1536.505005
-38.0,50,1539.40772
-44.0,50,1542.24386
-38.0,50,1545.165608
-38.0,50,1548.061725
10.0,50,1550.976469
6.0,50,1553.826034
-13.0,50,1556.711279
-16.0,50,1559.600342
26.0,50,1562.543269
-38.0,50,1562.718429
-38.0,50,1562.899333
27.0,50,1563.080963
15.0,50,1563.26897
-38.0,50,1563.449177
-3.0,50,1563.626539
-38.0,50,1563.801713
-38.0,50,1563.992651
-38.0,50,1564.195312
-38.0,50,1564.354875
-38.0,50,1567.271348
-38.0,50,1570.166337
8.0,50,1573.077968
-38.0,50,1575.990603
28.0,50,1578.954229
-38.0,50,1581.877701
-10.0,50,1584.765115
-38.0,50,1587.671638
25.0,50,1590.640541
14.0,50,1593.557292
-38.0,50,1596.469818
-38.0,50,1599.357322
-10.0,50,1602.328751
-38.0,50,1605.300413
-38.0,50,1608.250471
-38.0,50,1611.196957
-38.0,50,1614.146187
-38.0,50,1617.130424
-38.0,50,1620.050083
14.0,50,1623.041827
-38.0,50,1623.218464
-38.0,50,1623.398211
-38.0,50,1623.570471
-38.0,50,1623.74806
-16.0,50,1623.924214
26.0,50,1624.097134
23.0,50,1624.284672
23.0,50,1624.472041
28.0,50,1624.683018
26.0,50,1624.868386
-38.0,50,1627.804544
-38.0,50,1630.825623
24.0,50,1633.740771
-7.0,50,1636.717311
-38.0,50,1639.676254
6.0,50,1642.64362
-4.0,50,1645.60086
-16.0,50,1648.563498
-1.0,50,1651.478344
-38.0,50,1654.380152
20.0,50,1657.326118
-38.0,50,1660.21714
-38.0,50,1663.134651
-38.0,50,1666.056906
23.0,50,1668.979782
-38.0,50,1672.000149
24.0,50,1674.961186
-5.0,50,1677.971692
24.0,50,1680.940365
12.0,50,1684.014989
22.0,50,1684.187251
23.0,50,1684.357066
27.0,50,1684.525329
-10.0,50,1684.70858
21.0,50,1684.894372
25.0,50,1685.075835
-38.0,50,1685.258954
16.0,50,1685.432913
20.0,50,1685.611581
-38.0,50,1685.787443
21.0,50,1688.82717
17.0,50,1691.882326
-38.0,50,1694.958369
-38.0,50,1697.982782
-38.0,50,1700.993154
-38.0,50,1704.032165
-38.0,50,1707.056247
-38.0,50,1710.0723
25.0,50,1713.078522
-16.0,50,1716.105874
0.0,50,1719.190844
-38.0,50,1722.28811
-44.0,50,1725.378219
21.0,50,1728.498652
-38.0,50,1731.503723
-6.0,50,1734.527362
-6.0,50,1738.01102
-4.0,50,1741.862312
-12.0,50,1745.276852
-38.0,50,1748.37626
-38.0,50,1748.542998
-38.0,50,1748.721184
-38.0,50,1748.9003
-38.0,50,1749.066468
-38.0,50,1749.247241
23.0,50,1749.412237
-15.0,50,1749.585262
-1.0,50,1749.774262
26.0,50,1749.953408
-11.0,50,1750.119436
-38.0,50,1753.170399
-38.0,50,1756.207185
-38.0,50,1759.267049
23.0,50,1762.280053
-38.0,50,1765.344633
-38.0,50,1768.49479
-38.0,50,1771.655353
9.0,50,1774.841662
-14.0,50,1778.264868
-6.0,50,1781.605797
-38.0,50,1784.906062
-38.0,50,1788.346324
-38.0,50,1792.059389
23.0,50,1795.292777
13.0,50,1798.717799
-38.0,50,1802.419296
-38.0,50,1806.078398
-38.0,50,1809.640239
2.0,50,1813.103879
13.0,50,1816.371448
21.0,50,1816.556364
-38.0,50,1816.738076
19.0,50,1816.925104
17.0,50,1817.099625
-38.0,50,1817.263358
-13.0,50,1817.442687
22.0,50,1817.621404
22.0,50,1817.794646
27.0,50,1817.97505
-38.0,50,1818.135314
9.0,50,1821.244156
-38.0,50,1824.288022
-38.0,50,1827.379598
25.0,50,1830.543196
-3.0,50,1833.661903
-38.0,50,1836.800649
-38.0,50,1839.923652
-38.0,50,1843.075526
-44.0,50,1846.19091
19.0,50,1849.278454
-38.0,50,1852.344652
-12.0,50,1855.478793
4.0,50,1858.638402
-38.0,50,1861.827269
-16.0,50,1865.045902
-13.0,50,1868.235388
-15.0,50,1871.358281
-44.0,50,1874.515186
-38.0,50,1877.694507
18.0,50,1880.87714
-38.0,50,1881.049467
-17.0,50,1881.239594
-16.0,50,1881.420957
-38.0,50,1881.600111
-16.0,50,1881.780158
20.0,50,1881.962366
18.0,50,1882.144972
-17.0,50,1882.330062
13.0,50,1882.500892
-17.0,50,1882.687089
-38.0,50,1885.886406
-15.0,50,1889.088306
-1.0,50,1892.297549
-38.0,50,1895.512087
-38.0,50,1898.726826
15.0,50,1901.959329
-8.0,50,1905.19061
-38.0,50,1908.379594
-38.0,50,1911.5597
-38.0,50,1914.773472
2.0,50,1917.931596
-38.0,50,1921.12752
3.0,50,1924.415992
-17.0,50,1927.640303
17.0,50,1930.830943
-16.0,50,1934.096059
-12.0,50,1937.352743
-12.0,50,1940.566062
-38.0,50,1943.726819
20.0,50,1946.87286
-15.0,50,1947.084843
-38.0,50,1947.249751
20.0,50,1947.421757
4.0,50,1947.605573
-38.0,50,1947.791618
-38.0,50,1947.9567
-38.0,50,1948.132711
-16.0,50,1948.320664
25.0,50,1948.496592
-7.0,50,1948.669813
-38.0,50,1951.912847
-38.0,50,1955.08623
0.0,50,1958.231675
-38.0,50,1961.396162
-38.0,50,1964.667397
15.0,50,1967.900559
-38.0,50,1971.158342
8.0,50,1974.36242
17.0,50,1977.631466
-38.0,50,1980.890819
20.0,50,1984.105006
1.0,50,1987.339189
-38.0,50,1990.578926
-38.0,50,1993.823927
-38.0,50,1997.116194
20.0,50,2000.386999
-16.0,50,2003.669611
-38.0,50,2006.962493
27.0,50,2010.236452
26.0,50,2013.483603
18.0,50,2013.666693
19.0,50,2013.85459
-11.0,50,2014.043718
14.0,50,2014.219793
19.0,50,2014.402212
25.0,50,2014.591333
21.0,50,2014.765809
23.0,50,2014.935358
21.0,50,2015.1004
-5.0,50,2015.272785
-38.0,50,2018.518963
-38.0,50,2021.829939
8.0,50,2025.129272
-38.0,50,2028.43627
-38.0,50,2031.777105
-38.0,50,2035.044504
-38.0,50,2038.390903
-38.0,50,2041.710296
17.0,50,2045.052267
-38.0,50,2048.393612
-38.0,50,2051.676427
-38.0,50,2055.014762
11.0,50,2058.561217
-38.0,50,2061.819231
-38.0,50,2065.340517
15.0,50,2068.971933
1.0,50,2072.644616
-38.0,50,2076.408153
-15.0,50,2079.843553
11.0,50,2084.001038
25.0,50,2084.202226
-38.0,50,2084.374669
20.0,50,2084.564788
25.0,50,2084.777694
-6.0,50,2084.968134
11.0,50,2085.164721
20.0,50,2085.385033
20.0,50,2085.609733
11.0,50,2085.814647
-38.0,50,2086.035838
-38.0,50,2089.496982
18.0,50,2092.79122
-38.0,50,2096.184427
-8.0,50,2099.824564
-38.0,50,2103.71753
23.0,50,2107.302315
21.0,50,2110.961122
-38.0,50,2114.244716
1.0,50,2117.581731
14.0,50,2121.18269
8.0,50,2125.09199
-38.0,50,2128.973269
17.0,50,2132.701421
14.0,50,2136.401057
-3.0,50,2139.724947
22.0,50,2143.33089
-38.0,50,2147.161636
-14.0,50,2150.912422
-38.0,50,2154.347366
17.0,50,2157.74325
11.0,50,2157.920128
-38.0,50,2158.085457
12.0,50,2158.271984
9.0,50,2158.44465
21.0,50,2158.622534
19.0,50,2158.799066
19.0,50,2158.97443
23.0,50,2159.160481
24.0,50,2159.339713
12.0,50,2159.516131
27.0,50,2163.212526
22.0,50,2166.939136
0.0,50,2170.646859
14.0,50,2174.280823
-38.0,50,2177.928796
-38.0,50,2181.662824
6.0,50,2185.392801
14.0,50,2189.060938
-38.0,50,2192.660648
14.0,50,2196.56815
18.0,50,2200.598292
-38.0,50,2204.547376
-38.0,50,2208.703209
-38.0,50,2212.470571
-38.0,50,2216.39452
-38.0,50,2220.187269
23.0,50,2224.393844
-17.0,50,2228.514516
-12.0,50,2232.176463
-3.0,50,2235.567657
20.0,50,2235.764923
17.0,50,2235.993884
17.0,50,2236.203357
16.0,50,2236.392516
-38.0,50,2236.608524
-38.0,50,2236.824988
23.0,50,2237.025982
9.0,50,2237.290844
16.0,50,2237.503673
-44.0,50,2237.684124
-1.0,50,2241.317733
5.0,50,2244.806652
16.0,50,2248.248206
18.0,50,2251.695613
-38.0,50,2255.087825
-38.0,50,2258.822211
22.0,50,2262.36231
-38.0,50,2265.807866
19.0,50,2269.279227
9.0,50,2272.752763
15.0,50,2276.188291
23.0,50,2279.618402
-38.0,50,2283.093876
24.0,50,2286.524463
-38.0,50,2289.966979
-38.0,50,2293.401479
22.0,50,2296.857714
-38.0,50,2300.354823
-4.0,50,2303.856827
21.0,50,2307.366467
22.0,50,2307.547709
-38.0,50,2307.757858
24.0,50,2307.935625
16.0,50,2308.118492
15.0,50,2308.303822
17.0,50,2308.499698
-38.0,50,2308.66887
19.0,50,2308.849002
14.0,50,2309.021369
24.0,50,2309.199103
21.0,50,2312.684785
6.0,50,2316.149031
12.0,50,2319.591216
9.0,50,2323.068816
-38.0,50,2326.510219
10.0,50,2329.973276
16.0,50,2333.493954
20.0,50,2336.966707
23.0,50,2340.446216
-1.0,50,2343.995997
14.0,50,2347.491989
-38.0,50,2350.948276
-12.0,50,2354.375767
-44.0,50,2357.814066
0.0,50,2361.271188
11.0,50,2364.732409
-38.0,50,2368.178108
17.0,50,2371.620947
4.0,50,2375.11618
23.0,50,2378.590011
13.0,50,2378.793195
-38.0,50,2378.979695
26.0,50,2379.166922
-38.0,50,2379.366076
21.0,50,2379.548764
-38.0,50,2379.729983
23.0,50,2379.921757
-38.0,50,2380.093099
20.0,50,2380.264296
-1.0,50,2380.4505
-7.0,50,2383.98264
24.0,50,2387.460171
10.0,50,2390.968523
-38.0,50,2394.467688
-38.0,50,2398.000858
-38.0,50,2401.465109
-38.0,50,2404.954358
-38.0,50,2408.469653
-38.0,50,2411.970305
-38.0,50,2415.487945
13.0,50,2418.99822
-38.0,50,2422.498015
-15.0,50,2426.035954
-38.0,50,2429.556511
-38.0,50,2433.357676
-38.0,50,2437.236049
-38.0,50,2441.224913
17.0,50,2444.940112
-38.0,50,2448.410684
16.0,50,2451.939171
20.0,50,2452.116493
-38.0,50,2452.312393
16.0,50,2452.480556
23.0,50,2452.662806
19.0,50,2452.827224
20.0,50,2453.000932
21.0,50,2453.194036
15.0,50,2453.376438
-38.0,50,2453.553629
-7.0,50,2453.745614
-38.0,50,2457.268519
5.0,50,2460.868155
12.0,50,2464.45786
20.0,50,2468.043961
18.0,50,2471.629172
6.0,50,2475.145063
7.0,50,2478.647658
8.0,50,2482.184229
7.0,50,2485.688177
6.0,50,2489.201764
-38.0,50,2492.764007
20.0,50,2496.323924
-14.0,50,2499.860107
-38.0,50,2503.439377
-38.0,50,2507.038711
-38.0,50,2510.584538
-6.0,50,2514.140863
-38.0,50,2517.673594
-38.0,50,2521.224859
-7.0,50,2524.788798
-38.0,50,2524.976081
-38.0,50,2525.159452
-38.0,50,2525.332031
-38.0,50,2525.504089
16.0,50,2525.687647
16.0,50,2525.863765
-38.0,50,2526.037252
16.0,50,2526.21756
-38.0,50,2526.402334
10.0,50,2526.580314
1.0,50,2530.248388
9.0,50,2533.819373
28.0,50,2537.416013
-38.0,50,2540.967959
-38.0,50,2544.545231
-38.0,50,2548.162685
17.0,50,2551.729547
-38.0,50,2555.377388
-38.0,50,2558.933021
-1.0,50,2562.511076
-38.0,50,2566.353133
15.0,50,2570.115714
-15.0,50,2573.753706
-38.0,50,2577.391356
2.0,50,2581.0406
-38.0,50,2584.671192
21.0,50,2588.313543
-38.0,50,2591.958064
20.0,50,2595.54585
21.0,50,2599.18135
-38.0,50,2599.348384
0.0,50,2599.536721
-11.0,50,2599.743664
-38.0,50,2599.910549
-38.0,50,2600.089763
20.0,50,2600.271898
23.0,50,2600.450422
22.0,50,2600.631236
18.0,50,2600.80706
-38.0,50,2600.992179
-38.0,50,2604.671723
13.0,50,2608.290473
-38.0,50,2611.853746
-13.0,50,2615.464265
21.0,50,2619.048929
16.0,50,2622.635214
-38.0,50,2626.252332
17.0,50,2629.873909
-38.0,50,2633.489537
19.0,50,2637.172769
20.0,50,2640.808576
1.0,50,2644.455531
1.0,50,2648.18189
-38.0,50,2651.835262
17.0,50,2655.511959
16.0,50,2659.176324
9.0,50,2662.839656
-2.0,50,2666.524167
-38.0,50,2670.157804
25.0,50,2673.875803
24.0,50,2674.058559
21.0,50,2674.238588
22.0,50,2674.412931
14.0,50,2674.581782
14.0,50,2674.772803
19.0,50,2674.96013
18.0,50,2675.141165
-38.0,50,2675.326101
17.0,50,2675.518817
-12.0,50,2675.692564
-38.0,50,2679.383673
-38.0,50,2683.187773
-38.0,50,2686.841714
-38.0,50,2690.537596
3.0,50,2694.230979
-38.0,50,2697.885345
-38.0,50,2701.577585
-12.0,50,2705.24718
-38.0,50,2708.970755
17.0,50,2712.669883
16.0,50,2716.366888
-38.0,50,2720.039969
11.0,50,2723.765241
-38.0,50,2727.463
-15.0,50,2731.122018
-38.0,50,2734.838784
19.0,50,2738.652287
23.0,50,2742.356436
19.0,50,2746.059191
16.0,50,2749.804995
18.0,50,2749.981072
21.0,50,2750.171805
20.0,50,2750.345714
23.0,50,2750.522706
24.0,50,2750.704332
-38.0,50,2750.886685
-38.0,50,2751.078856
13.0,50,2751.25235
14.0,50,2751.44015
23.0,50,2751.615437
-38.0,50,2755.348926
-38.0,50,2759.120493
-5.0,50,2762.813947
-9.0,50,2766.555126
-5.0,50,2770.318087
24.0,50,2774.084196
-38.0,50,2777.791989
8.0,50,2781.627009
-1.0,50,2785.424807
15.0,50,2789.200445
-13.0,50,2793.017359
-38.0,50,2796.892798
-38.0,50,2800.747266
20.0,50,2804.577969
-38.0,50,2808.295989
22.0,50,2812.111404
-38.0,50,2815.943875
-38.0,50,2819.741999
-38.0,50,2823.506815
22.0,50,2827.306317
22.0,50,2827.483194
20.0,50,2827.666859
21.0,50,2827.848547
19.0,50,2828.035691
18.0,50,2828.213966
12.0,50,2828.383083
10.0,50,2828.571344
13.0,50,2828.746471
18.0,50,2828.926841
10.0,50,2829.106329
-38.0,50,2832.873549
18.0,50,2836.668691
16.0,50,2840.39935
-11.0,50,2844.248728
-16.0,50,2848.011917
-15.0,50,2851.739829
-38.0,50,2855.510269
-38.0,50,2859.235734
-38.0,50,2863.020369
-38.0,50,2866.824584
13.0,50,2870.644126
1.0,50,2874.441189
-38.0,50,2878.302356
-38.0,50,2882.080021
-38.0,50,2885.943084
21.0,50,2889.755094
20.0,50,2893.550677
-38.0,50,2897.346655
-38.0,50,2901.150551
-38.0,50,2904.908451
21.0,50,2905.101164
22.0,50,2905.274369
20.0,50,2905.453153
10.0,50,2905.628725
24.0,50,2905.807077
22.0,50,2905.98682
16.0,50,2906.169474
20.0,50,2906.34902
25.0,50,2906.526706
-38.0,50,2906.695194
19.0,50,2910.486048
1.0,50,2914.251893
-38.0,50,2918.031791
-17.0,50,2921.785918
-17.0,50,2925.560425
-38.0,50,2929.346807
-38.0,50,2933.162437
-38.0,50,2936.991686
-6.0,50,2940.811481
-38.0,50,2944.676363
-38.0,50,2948.530459
-38.0,50,2952.486525
-38.0,50,2956.329618
-38.0,50,2960.148524
20.0,50,2964.05002
-9.0,50,2967.919203
-1.0,50,2971.77636
11.0,50,2975.623407
17.0,50,2979.634518
18.0,50,2983.637572
20.0,50,2983.814638
12.0,50,2983.990154
-38.0,50,2984.165375
18.0,50,2984.34701
-38.0,50,2984.539242
10.0,50,2984.712515
20.0,50,2984.890246
14.0,50,2985.072133
-38.0,50,2985.253674
-38.0,50,2985.427731
19.0,50,2989.356722
-38.0,50,2993.22226
-38.0,50,2997.095634
-2.0,50,3000.991359
20.0,50,3004.87692
-38.0,50,3008.787162
-38.0,50,3012.662733
14.0,50,3016.535055
-8.0,50,3020.416509
-38.0,50,3024.281249
16.0,50,3028.158173
17.0,50,3032.145507
-38.0,50,3036.1154
9.0,50,3040.051904
-38.0,50,3043.903543
10.0,50,3047.846942
19.0,50,3051.790011
-12.0,50,3055.742734
-4.0,50,3059.657869
23.0,50,3063.533793
18.0,50,3063.714235
17.0,50,3063.897996
24.0,50,3064.079023
17.0,50,3064.25827
22.0,50,3064.433198
24.0,50,3064.610436
24.0,50,3064.790601
-38.0,50,3064.980876
11.0,50,3065.161105
-38.0,50,3065.328654
3.0,50,3069.28539
23.0,50,3073.283667
-8.0,50,3077.318534
-38.0,50,3081.368845
-38.0,50,3085.337491
-38.0,50,3089.261819
-38.0,50,3093.194813
-38.0,50,3097.108005
-8.0,50,3101.041177
-38.0,50,3105.006036
-16.0,50,3109.075183
-38.0,50,3113.085282
-38.0,50,3117.18484
-38.0,50,3121.251575
-15.0,50,3125.301351
14.0,50,3129.394733
10.0,50,3133.42045
22.0,50,3137.454346
12.0,50,3141.495037
15.0,50,3145.61918
20.0,50,3145.799518
19.0,50,3145.974954
8.0,50,3146.150852
8.0,50,3146.338549
22.0,50,3146.523088
22.0,50,3146.704927
16.0,50,3146.874654
24.0,50,3147.064175
23.0,50,3147.247263
-9.0,50,3147.424222
-9.0,50,3151.413309
-38.0,50,3155.391136
13.0,50,3159.383204
-17.0,50,3163.326107
13.0,50,3167.336042
26.0,50,3171.320406
-38.0,50,3175.319371
-38.0,50,3179.451065
-14.0,50,3183.607261
-38.0,50,3187.703185
-38.0,50,3191.826014
8.0,50,3195.900136
21.0,50,3199.909419
17.0,50,3203.94099
21.0,50,3207.936045
-38.0,50,3212.57794
17.0,50,3217.505221
17.0,50,3221.497112
-11.0,50,3225.502625
-3.0,50,3229.569744
23.0,50,3229.749107
23.0,50,3229.935633
12.0,50,3230.117596
23.0,50,3230.297849
19.0,50,3230.487453
17.0,50,3230.671304
-38.0,50,3230.855692
27.0,50,3231.040781
10.0,50,3231.219897
-38.0,50,3231.397485
0.0,50,3235.472013
-38.0,50,3239.527697
-6.0,50,3243.580037
-11.0,50,3247.707189
23.0,50,3251.766369
-14.0,50,3255.843281
-9.0,50,3259.951157
0.0,50,3264.048343
-38.0,50,3268.158438
-10.0,50,3272.491822
-14.0,50,3277.280875
20.0,50,3282.162265
8.0,50,3287.429558
-1.0,50,3292.011774
-16.0,50,3296.124827
0.0,50,3300.298018
-14.0,50,3304.459631
-15.0,50,3308.654697
-38.0,50,3312.715889
14.0,50,3316.803138
21.0,50,3316.988161
22.0,50,3317.159214
19.0,50,3317.337251
25.0,50,3317.510359
18.0,50,3317.694359
8.0,50,3317.869238
18.0,50,3318.059427
15.0,50,3318.238126
7.0,50,3318.413381
-38.0,50,3318.58025
14.0,50,3322.731693
24.0,50,3326.816723
-9.0,50,3330.889936
5.0,50,3335.064347
-38.0,50,3339.244378
-38.0,50,3343.359263
-14.0,50,3347.493093
-38.0,50,3351.573728
-38.0,50,3355.657271
-38.0,50,3359.856483
28.0,50,3364.044318
22.0,50,3368.266493
1.0,50,3372.396925
15.0,50,3376.628135
19.0,50,3380.816001
-38.0,50,3384.998198
22.0,50,3389.193277
-13.0,50,3393.292087
1.0,50,3397.506778
24.0,50,3401.693875
15.0,50,3401.876182
19.0,50,3402.066893
17.0,50,3402.257754
19.0,50,3402.433633
-3.0,50,3402.6246
10.0,50,3402.803664
21.0,50,3402.990037
25.0,50,3403.162242
7.0,50,3403.350735
2.0,50,3403.528687
-38.0,50,3407.696789
-38.0,50,3411.891389
-5.0,50,3416.135355
18.0,50,3420.576315
-38.0,50,3425.351641
2.0,50,3430.091601
-12.0,50,3434.936886
-38.0,50,3439.597629
-11.0,50,3444.111765
-38.0,50,3448.303131
-38.0,50,3452.467091
17.0,50,3456.626507
-44.0,50,3460.764261
-38.0,50,3464.982813
1.0,50,3469.235161
-15.0,50,3473.467451
-38.0,50,3477.70022
19.0,50,3481.916476
-38.0,50,3486.16488
-38.0,50,3490.453593
12.0,50,3490.623821
16.0,50,3490.795868
-38.0,50,3490.992908
16.0,50,3491.166097
-38.0,50,3491.365322
21.0,50,3491.546864
24.0,50,3491.727224
24.0,50,3491.902995
11.0,50,3492.071765
-44.0,50,3492.241024
5.0,50,3496.520939
9.0,50,3500.825163
-38.0,50,3505.06727
25.0,50,3509.312428
-38.0,50,3513.584162
-38.0,50,3517.826459
20.0,50,3522.097303
-38.0,50,3526.391085
19.0,50,3530.583578
18.0,50,3534.793927
-38.0,50,3538.93902
-11.0,50,3543.155023
8.0,50,3547.410943
6.0,50,3551.592396
25.0,50,3555.774935
-38.0,50,3560.029666
17.0,50,3564.225721
21.0,50,3568.45983
1.0,50,3572.695516
17.0,50,3576.929035
26.0,50,3577.111119
23.0,50,3577.285935
14.0,50,3577.461526
16.0,50,3577.64417
24.0,50,3577.818521
17.0,50,3578.007476
22.0,50,3578.195606
5.0,50,3578.382782
18.0,50,3578.562492
-1.0,50,3578.736275
-38.0,50,3583.129183
19.0,50,3587.342867
-38.0,50,3591.656098
-38.0,50,3595.920374
8.0,50,3600.222972
-38.0,50,3604.507691
-38.0,50,3608.741615
3.0,50,3612.949947
-38.0,50,3617.215863
-10.0,50,3621.511631
17.0,50,3625.79617
21.0,50,3630.119904
16.0,50,3634.441532
-38.0,50,3638.785832
-2.0,50,3643.052632
17.0,50,3647.318631
14.0,50,3651.584533
2.0,50,3655.879596
0.0,50,3660.135134
17.0,50,3664.506263
14.0,50,3664.692088
22.0,50,3664.863222
17.0,50,3665.040363
-11.0,50,3665.229947
17.0,50,3665.411845
9.0,50,3665.590074
15.0,50,3665.77905
21.0,50,3665.959413
23.0,50,3666.13179
8.0,50,3666.306128
-38.0,50,3670.658057
-14.0,50,3674.9557
-10.0,50,3679.308358
5.0,50,3683.62374
23.0,50,3687.974457
25.0,50,3692.285353
-38.0,50,3696.606027
-38.0,50,3700.970794
-38.0,50,3705.21237
-38.0,50,3709.531182
12.0,50,3713.853468
-38.0,50,3718.18101
-38.0,50,3722.500113
-38.0,50,3726.764111
-38.0,50,3731.143083
23.0,50,3735.429211
23.0,50,3739.698653
9.0,50,3744.005233
-38.0,50,3748.334869
26.0,50,3752.711915
17.0,50,3752.883004
20.0,50,3753.062391
22.0,50,3753.248922
-38.0,50,3753.425189
22.0,50,3753.601631
20.0,50,3753.766176
23.0,50,3753.941368
12.0,50,3754.11632
22.0,50,3754.298596
1.0,50,3754.470104
-38.0,50,3758.849043
12.0,50,3763.19325
-44.0,50,3767.517654
15.0,50,3771.974391
-38.0,50,3776.364352
19.0,50,3780.813178
5.0,50,3785.153473
-16.0,50,3789.4819
6.0,50,3793.784517
11.0,50,3798.130306
-38.0,50,3802.501796
0.0,50,3806.899499
-38.0,50,3811.267134
-13.0,50,3815.656472
7.0,50,3820.051088
1.0,50,3824.426278
17.0,50,3828.795224
16.0,50,3833.174975
20.0,50,3837.531837
25.0,50,3841.954353
18.0,50,3842.129046
23.0,50,3842.301974
22.0,50,3842.482609
20.0,50,3842.667705
22.0,50,3842.845803
17.0,50,3843.022694
5.0,50,3843.20829
24.0,50,3843.386731
26.0,50,3843.582325
22.0,50,3843.771964
-4.0,50,3848.14669
21.0,50,3852.587937
-38.0,50,3856.93856
18.0,50,3861.303676
-1.0,50,3865.711375
17.0,50,3870.100355
-38.0,50,3874.454211
-16.0,50,3878.825525
-38.0,50,3883.32258
-38.0,50,3887.716986
-11.0,50,3892.201373
-38.0,50,3896.586193
-38.0,50,3900.988174
-10.0,50,3905.370627
-13.0,50,3909.753331
-38.0,50,3914.201844
-13.0,50,3918.613969
7.0,50,3923.035373
21.0,50,3927.913236
23.0,50,3932.490835
26.0,50,3932.673209
15.0,50,3932.852424
14.0,50,3933.039371
19.0,50,3933.22074
11.0,50,3933.399013
18.0,50,3933.574234
26.0,50,3933.75936
19.0,50,3933.953238
19.0,50,3934.146991
16.0,50,3934.32803
-38.0,50,3938.876879
-38.0,50,3943.366342
11.0,50,3947.779057
-15.0,50,3952.186666
-38.0,50,3956.564273
-38.0,50,3960.996512
-9.0,50,3965.526451
-38.0,50,3969.966291
-44.0,50,3974.394672
5.0,50,3978.829626
-11.0,50,3983.235228
-38.0,50,3987.708428
16.0,50,3992.10335
11.0,50,3996.474952
-38.0,50,4000.979788
-12.0,50,4005.404464
23.0,50,4009.803647
0.0,50,4014.229728
-38.0,50,4018.645336
12.0,50,4023.070853
8.0,50,4023.246457
19.0,50,4023.420295
19.0,50,4023.598395
18.0,50,4023.771993
19.0,50,4023.946502
22.0,50,4024.122448
24.0,50,4024.306683
-44.0,50,4024.485425
-4.0,50,4024.688936
-38.0,50,4024.868337
17.0,50,4029.602031
14.0,50,4034.345787
17.0,50,4038.800773
7.0,50,4043.25875
24.0,50,4047.7156
9.0,50,4052.213874
20.0,50,4056.704449
-38.0,50,4061.219525
-1.0,50,4065.687194
8.0,50,4070.173383
-1.0,50,4074.665446
-38.0,50,4079.103779
21.0,50,4083.58447
-38.0,50,4088.095083
-2.0,50,4092.54136
-38.0,50,4097.018243
21.0,50,4101.494789
-6.0,50,4105.981479
-38.0,50,4110.447294
-38.0,50,4114.935922
23.0,50,4115.115243
24.0,50,4115.292741
27.0,50,4115.47805
14.0,50,4115.665373
12.0,50,4115.835867
11.0,50,4116.021181
20.0,50,4116.200635
22.0,50,4116.377197
22.0,50,4116.557798
-9.0,50,4116.740454
17.0,50,4121.349335
-6.0,50,4125.859483
6.0,50,4130.337638
14.0,50,4134.814338
-38.0,50,4139.35264
-38.0,50,4144.032917
8.0,50,4148.752201
-3.0,50,4153.254707
20.0,50,4157.728557
-11.0,50,4162.343213
9.0,50,4166.993856
-15.0,50,4171.55024
-38.0,50,4176.076661
4.0,50,4180.637383
-38.0,50,4185.238483
-15.0,50,4190.476986
8.0,50,4195.081457
8.0,50,4199.670569
22.0,50,4204.18035
22.0,50,4208.720938
22.0,50,4208.920334
23.0,50,4209.094343
18.0,50,4209.277909
-4.0,50,4209.453674
14.0,50,4209.630648
-38.0,50,4209.820818
13.0,50,4209.995557
15.0,50,4210.188841
17.0,50,4210.371454
-12.0,50,4210.54334
-38.0,50,4215.14509
-8.0,50,4219.710816
14.0,50,4224.232151
18.0,50,4229.001726
-13.0,50,4233.751931
23.0,50,4238.395047
-38.0,50,4243.020023
10.0,50,4247.55577
4.0,50,4252.11707
14.0,50,4256.696777
19.0,50,4261.282645
-38.0,50,4265.931212
-38.0,50,4270.524617
-11.0,50,4275.238396
-38.0,50,4279.877848
24.0,50,4284.438841
3.0,50,4288.967798
13.0,50,4293.515389
-38.0,50,4298.109549
12.0,50,4302.685241
-38.0,50,4302.875652
13.0,50,4303.053674
21.0,50,4303.235543
-38.0,50,4303.403036
16.0,50,4303.586343
19.0,50,4303.775067
23.0,50,4303.952646
19.0,50,4304.125441
-14.0,50,4304.314848
14.0,50,4304.486588
-38.0,50,4309.070448
23.0,50,4313.652262
22.0,50,4318.246102
16.0,50,4322.866042
27.0,50,4327.551362
18.0,50,4332.229994
25.0,50,4336.873986
-38.0,50,4341.468446
26.0,50,4346.066713
-17.0,50,4350.641518
-38.0,50,4355.291271
19.0,50,4359.872868
-14.0,50,4364.595926
-38.0,50,4369.295984
21.0,50,4373.999538
21.0,50,4378.606558
16.0,50,4383.268244
13.0,50,4387.915403
16.0,50,4392.642627
8.0,50,4397.375036
8.0,50,4397.550334
16.0,50,4397.736315
5.0,50,4397.911693
19.0,50,4398.089132
14.0,50,4398.260689
-38.0,50,4398.452133
27.0,50,4398.638971
-38.0,50,4398.823751
-38.0,50,4399.003167
9.0,50,4399.170696
-2.0,50,4403.875467
-38.0,50,4408.648461
-11.0,50,4413.425051
-38.0,50,4418.114004
14.0,50,4422.792168
-13.0,50,4427.462074
0.0,50,4432.157978
-38.0,50,4436.796939
6.0,50,4441.91259
15.0,50,4446.582002
23.0,50,4451.239731
1.0,50,4456.04126
21.0,50,4460.804046
20.0,50,4465.518593
18.0,50,4470.208014
14.0,50,4474.916203
-15.0,50,4479.590356
-10.0,50,4484.379537
-15.0,50,4489.197108
8.0,50,4494.044698
17.0,50,4494.21533
22.0,50,4494.384564
6.0,50,4494.559278
9.0,50,4494.740084
-13.0,50,4494.926198
17.0,50,4495.097846
15.0,50,4495.272073
16.0,50,4495.447834
11.0,50,4495.623834
10.0,50,4495.812518
-38.0,50,4500.634229
-17.0,50,4505.435222
-4.0,50,4510.263996
-13.0,50,4515.104782
20.0,50,4519.914833
19.0,50,4524.71628
-13.0,50,4529.490334
23.0,50,4534.262344
21.0,50,4539.019855
-38.0,50,4543.792839
-38.0,50,4548.50923
18.0,50,4553.245808
11.0,50,4557.971858
-7.0,50,4562.787545
24.0,50,4567.670213
9.0,50,4573.25682
20.0,50,4578.581238
-38.0,50,4584.286266
-16.0,50,4589.979272
18.0,50,4595.24338
25.0,50,4595.442946
18.0,50,4595.643283
21.0,50,4595.826862
24.0,50,4596.009548
25.0,50,4596.190711
15.0,50,4596.358864
10.0,50,4596.534554
8.0,50,4596.730525
26.0,50,4596.915925
-38.0,50,4597.092749
-5.0,50,4601.897742
-38.0,50,4606.717038
16.0,50,4611.511636
8.0,50,4616.373014
-38.0,50,4621.22805
14.0,50,4625.998764
20.0,50,4630.786642
-38.0,50,4635.622133
-38.0,50,4640.437877
-38.0,50,4645.213624
-38.0,50,4650.044562
-2.0,50,4655.027704
-11.0,50,4659.874374
8.0,50,4664.694001
-38.0,50,4669.614069
-38.0,50,4674.526579
-38.0,50,4679.377593
10.0,50,4684.23273
18.0,50,4688.988361
10.0,50,4693.728981
20.0,50,4693.91107
20.0,50,4694.116221
22.0,50,4694.292348
18.0,50,4694.479265
17.0,50,4694.652547
-4.0,50,4694.838592
8.0,50,4695.028507
6.0,50,4695.197639
22.0,50,4695.358911
24.0,50,4695.538388
-38.0,50,4701.031546
23.0,50,4706.168816
13.0,50,4711.012725
26.0,50,4715.819643
-9.0,50,4720.767782
23.0,50,4725.523005
-38.0,50,4730.364688
-4.0,50,4735.166366
10.0,50,4739.947868
-38.0,50,4744.728223
2.0,50,4750.384
10.0,50,4755.508366
-13.0,50,4760.4871
2.0,50,4765.454198
-7.0,50,4770.3694
18.0,50,4775.531716
18.0,50,4781.324531
17.0,50,4786.425877
21.0,50,4791.65405
15.0,50,4797.075942
22.0,50,4797.274773
21.0,50,4797.528241
22.0,50,4797.798919
-38.0,50,4798.04513
6.0,50,4798.32516
16.0,50,4798.570267
14.0,50,4798.774065
18.0,50,4798.970551
20.0,50,4799.196891
16.0,50,4799.377561
-38.0,50,4805.34657
3.0,50,4810.656563
-44.0,50,4815.48465
-15.0,50,4820.626627
16.0,50,4826.484854
17.0,50,4831.500642
-38.0,50,4836.386277
-38.0,50,4841.302425
-38.0,50,4846.281762
6.0,50,4851.223078
-38.0,50,4856.100564
19.0,50,4861.09314
12.0,50,4866.004507
11.0,50,4870.9306
14.0,50,4875.848853
10.0,50,4880.737113
14.0,50,4885.618975
-38.0,50,4890.513007
20.0,50,4895.431657
13.0,50,4900.445153
21.0,50,4900.633424
22.0,50,4900.82346
21.0,50,4901.024184
-8.0,50,4901.213949
21.0,50,4901.397242
6.0,50,4901.59157
20.0,50,4901.769993
25.0,50,4901.949297
24.0,50,4902.129953
-13.0,50,4902.307066
12.0,50,4907.402903
19.0,50,4912.34656
16.0,50,4917.292111
-4.0,50,4922.309042
23.0,50,4927.364557
13.0,50,4932.319024
-17.0,50,4937.351
5.0,50,4942.371903
-38.0,50,4947.323814
20.0,50,4952.29075
23.0,50,4957.267617
11.0,50,4962.311186
11.0,50,4967.315501
2.0,50,4972.329289
-16.0,50,4977.344095
15.0,50,4982.411957
11.0,50,4987.473409
19.0,50,4992.443303
22.0,50,4997.412526
18.0,50,5002.400745
22.0,50,5002.589291
23.0,50,5002.77423
-4.0,50,5002.954487
4.0,50,5003.140196
16.0,50,5003.325482
23.0,50,5003.511044
19.0,50,5003.687604
14.0,50,5003.867948
-8.0,50,5004.061059
17.0,50,5004.23238
19.0,50,5009.20938
21.0,50,5014.15555
-38.0,50,5019.122616
9.0,50,5024.202645
-12.0,50,5029.23924
-38.0,50,5034.266338
-11.0,50,5039.276115
-38.0,50,5044.296861
-44.0,50,5049.421928
8.0,50,5054.613368
-11.0,50,5059.739232
-4.0,50,5064.814181
-14.0,50,5069.800547
15.0,50,5074.808013
14.0,50,5079.848115
-11.0,50,5084.910103
-38.0,50,5089.952551
6.0,50,5094.95448
-38.0,50,5099.950233
22.0,50,5105.005193
13.0,50,5105.185778
15.0,50,5105.357412
-8.0,50,5105.522781
19.0,50,5105.703991
17.0,50,5105.872164
16.0,50,5106.046325
15.0,50,5106.212394
18.0,50,5106.381068
-12.0,50,5106.553254
-38.0,50,5106.721129
11.0,50,5111.833332
-38.0,50,5116.896793
6.0,50,5122.007522
25.0,50,5127.043372
-38.0,50,5132.113414
19.0,50,5137.163831
-10.0,50,5142.232019
2.0,50,5147.305572
21.0,50,5152.961002
-1.0,50,5158.310532
-38.0,50,5164.006026
-13.0,50,5169.611445
9.0,50,5174.983289
8.0,50,5180.262681
-38.0,50,5186.032894
18.0,50,5191.558399
17.0,50,5196.549916
-38.0,50,5201.612495
7.0,50,5206.667308
22.0,50,5211.720746
17.0,50,5211.930013
-38.0,50,5212.131447
-38.0,50,5212.304698
17.0,50,5212.477755
12.0,50,5212.64566
22.0,50,5212.821753
23.0,50,5213.003906
-8.0,50,5213.17974
21.0,50,5213.354867
19.0,50,5213.532952
-38.0,50,5219.32196
-4.0,50,5224.405277
-38.0,50,5229.482291
8.0,50,5234.589885
-38.0,50,5239.784313
16.0,50,5244.91364
-5.0,50,5250.074499
22.0,50,5255.126713
-38.0,50,5260.211522
-10.0,50,5265.372952
16.0,50,5270.45248
-14.0,50,5275.568617
-38.0,50,5280.675973
-44.0,50,5285.733256
-38.0,50,5290.832357
13.0,50,5295.964154
-4.0,50,5301.42852
6.0,50,5306.923062
14.0,50,5312.512275
19.0,50,5317.66852
-15.0,50,5317.844197
26.0,50,5318.02408
23.0,50,5318.204198
23.0,50,5318.382368
-38.0,50,5318.555382
17.0,50,5318.739322
12.0,50,5318.936795
18.0,50,5319.110229
-12.0,50,5319.298046
17.0,50,5319.472864
-38.0,50,5324.659976
21.0,50,5329.896134
-38.0,50,5335.102849
5.0,50,5340.285406
8.0,50,5345.867571
16.0,50,5351.871226
21.0,50,5357.135289
-38.0,50,5362.310631
9.0,50,5367.501868
-4.0,50,5372.68502
10.0,50,5377.877916
20.0,50,5383.081297
-7.0,50,5388.244135
-38.0,50,5393.385127
-7.0,50,5398.546604
20.0,50,5403.714314
17.0,50,5408.903551
21.0,50,5414.079735
-4.0,50,5419.314035
25.0,50,5424.467867
13.0,50,5424.642849
23.0,50,5424.830927
26.0,50,5425.019453
25.0,50,5425.21035
14.0,50,5425.391393
25.0,50,5425.58456
-38.0,50,5425.767348
19.0,50,5425.937195
20.0,50,5426.10958
5.0,50,5426.281563
0.0,50,5431.439752
-15.0,50,5436.603039
-38.0,50,5441.770978
-38.0,50,5447.001508
12.0,50,5452.21644
10.0,50,5457.410387
-38.0,50,5462.601037
-11.0,50,5467.822922
23.0,50,5473.022034
12.0,50,5478.194857
18.0,50,5483.358452
12.0,50,5488.615221
18.0,50,5493.823052
26.0,50,5499.05606
24.0,50,5504.273539
-38.0,50,5509.507602
-38.0,50,5514.728207
-38.0,50,5519.900479
-38.0,50,5525.162007
19.0,50,5530.549973
18.0,50,5530.72007
25.0,50,5530.892578
22.0,50,5531.068286
23.0,50,5531.249497
25.0,50,5531.42235
15.0,50,5531.592213
-8.0,50,5531.762978
20.0,50,5531.936591
-38.0,50,5532.120824
13.0,50,5532.291648
21.0,50,5538.374805
5.0,50,5544.468009
12.0,50,5550.28894
15.0,50,5555.486351
-38.0,50,5560.866428
-38.0,50,5566.653317
-9.0,50,5571.953747
23.0,50,5577.682054
-1.0,50,5582.916382
-13.0,50,5588.203464
6.0,50,5593.466273
8.0,50,5600.108339
-6.0,50,5605.755681
18.0,50,5611.066697
12.0,50,5616.304536
14.0,50,5621.559952
-38.0,50,5626.844667
10.0,50,5632.130582
5.0,50,5637.474639
19.0,50,5642.686997
12.0,50,5642.872017
-38.0,50,5643.061968
18.0,50,5643.231895
22.0,50,5643.408142
16.0,50,5643.581701
14.0,50,5643.758351
26.0,50,5643.975749
21.0,50,5644.222723
18.0,50,5644.444155
18.0,50,5644.677968
-38.0,50,5651.218694
-17.0,50,5657.033297
-10.0,50,5662.279339
-9.0,50,5667.554024
-3.0,50,5672.814768
-16.0,50,5678.040313
13.0,50,5683.475233
19.0,50,5688.767028
-38.0,50,5694.044117
-38.0,50,5699.956596
5.0,50,5705.377961
-5.0,50,5710.746032
-38.0,50,5716.097425
17.0,50,5721.395197
-3.0,50,5726.730308
18.0,50,5732.101215
11.0,50,5737.401041
12.0,50,5742.746595
22.0,50,5748.067096
20.0,50,5753.380521
19.0,50,5753.567967
20.0,50,5753.758764
-38.0,50,5753.935091
13.0,50,5754.123856
0.0,50,5754.30511
18.0,50,5754.486841
23.0,50,5754.66592
25.0,50,5754.840567
13.0,50,5755.028581
13.0,50,5755.203122
7.0,50,5760.522611
-16.0,50,5765.812225
-38.0,50,5771.121286
-38.0,50,5776.377535
10.0,50,5781.662226
-3.0,50,5786.928762
-6.0,50,5792.322635
-38.0,50,5797.620194
-11.0,50,5802.963867
-38.0,50,5808.30196
-38.0,50,5813.727858
-3.0,50,5819.083799
14.0,50,5824.50039
-3.0,50,5829.855806
-9.0,50,5835.314347
-38.0,50,5840.87354
17.0,50,5846.399428
-38.0,50,5851.913259
16.0,50,5857.374389
-38.0,50,5862.797848
19.0,50,5862.975379
12.0,50,5863.163566
24.0,50,5863.348158
14.0,50,5863.551367
13.0,50,5863.724471
17.0,50,5863.902747
0.0,50,5864.093643
21.0,50,5864.26373
-38.0,50,5864.455359
-5.0,50,5864.634957
16.0,50,5870.094892
-13.0,50,5875.579003
-38.0,50,5881.116558
22.0,50,5886.524298
24.0,50,5891.927804
0.0,50,5897.329721
-16.0,50,5902.708173
-2.0,50,5908.163563
12.0,50,5913.596462
-7.0,50,5919.120501
-44.0,50,5924.717234
12.0,50,5930.373139
27.0,50,5936.153941
-38.0,50,5942.41497
-8.0,50,5948.739976
6.0,50,5954.739941
-16.0,50,5960.648155
23.0,50,5966.247556
18.0,50,5971.937722
19.0,50,5977.411848
11.0,50,5977.592058
19.0,50,5977.764004
20.0,50,5977.954663
22.0,50,5978.129281
12.0,50,5978.311181
19.0,50,5978.498601
20.0,50,5978.683651
20.0,50,5978.866828
20.0,50,5979.056705
-7.0,50,5979.230262
12.0,50,5984.752752
27.0,50,5990.240727
-38.0,50,5995.746749
25.0,50,6001.350922
-11.0,50,6006.946361
-11.0,50,6012.561706
20.0,50,6018.191892
-38.0,50,6023.694044
-38.0,50,6029.161227
-38.0,50,6034.673086
6.0,50,6040.294817
-38.0,50,6045.823006
22.0,50,6051.38508
8.0,50,6056.908246
-12.0,50,6062.445475
-7.0,50,6068.01112
-5.0,50,6073.663195
17.0,50,6079.239407
-1.0,50,6084.71166
20.0,50,6090.229161
-38.0,50,6090.398522
-38.0,50,6090.596153
19.0,50,6090.788821
20.0,50,6090.983344
-38.0,50,6091.163925
17.0,50,6091.350801
22.0,50,6091.537048
17.0,50,6091.718496
18.0,50,6091.923593
15.0,50,6092.104728
-10.0,50,6097.616419
-38.0,50,6103.128718
18.0,50,6108.659003
-4.0,50,6114.248853
-15.0,50,6119.789783
-5.0,50,6125.293472
25.0,50,6130.829739
23.0,50,6137.022619
14.0,50,6142.913512
13.0,50,6149.139798
-38.0,50,6155.620742
18.0,50,6162.221322
-12.0,50,6168.09734
20.0,50,6173.930284
4.0,50,6179.621594
-38.0,50,6185.202202
19.0,50,6190.847795
10.0,50,6196.453402
6.0,50,6202.108075
25.0,50,6207.831904
12.0,50,6208.00617
-38.0,50,6208.186716
18.0,50,6208.366849
22.0,50,6208.545094
18.0,50,6208.712972
19.0,50,6208.891003
-38.0,50,6209.067196
17.0,50,6209.253883
18.0,50,6209.435273
5.0,50,6209.617702
-38.0,50,6215.24403
-8.0,50,6220.8642
19.0,50,6226.510913
-15.0,50,6232.149802
23.0,50,6237.806123
-38.0,50,6243.367286
15.0,50,6249.054314
13.0,50,6254.834642
2.0,50,6260.449641
-5.0,50,6266.367373
19.0,50,6272.127812
19.0,50,6278.070934
15.0,50,6283.902892
22.0,50,6289.517271
10.0,50,6295.146214
-38.0,50,6300.785637
13.0,50,6306.524982
17.0,50,6312.173405
-2.0,50,6317.770686
24.0,50,6323.521106
18.0,50,6323.695356
16.0,50,6323.878646
22.0,50,6324.067892
-6.0,50,6324.252515
-38.0,50,6324.42985
21.0,50,6324.616676
16.0,50,6324.800506
21.0,50,6324.986251
22.0,50,6325.159225
-38.0,50,6325.328097
0.0,50,6330.896991
-15.0,50,6336.447428
18.0,50,6342.03007
27.0,50,6347.757304
2.0,50,6354.060609
6.0,50,6359.712478
8.0,50,6365.378034
14.0,50,6370.994124
-4.0,50,6376.648243
3.0,50,6382.493314
-38.0,50,6388.105359
-6.0,50,6393.734834
12.0,50,6399.347754
5.0,50,6405.062475
-38.0,50,6410.724757
14.0,50,6416.399016
-38.0,50,6421.986549
18.0,50,6427.748584
16.0,50,6433.501471
14.0,50,6439.741389
12.0,50,6439.932542
-38.0,50,6440.11631
4.0,50,6440.354762
22.0,50,6440.636046
19.0,50,6440.87908
26.0,50,6441.064603
17.0,50,6441.252561
23.0,50,6441.458207
17.0,50,6441.650195
21.0,50,6441.827457
12.0,50,6447.80336
-7.0,50,6453.495554
19.0,50,6459.28357
-17.0,50,6465.041588
-38.0,50,6471.022969
7.0,50,6476.826872
-12.0,50,6482.670637
-44.0,50,6488.417986
21.0,50,6494.184809
-38.0,50,6500.259166
7.0,50,6506.510569
15.0,50,6512.699962
-38.0,50,6518.750001
2.0,50,6524.451302
22.0,50,6530.226493
21.0,50,6535.958303
-38.0,50,6541.675994
20.0,50,6547.431572
17.0,50,6553.165879
11.0,50,6558.924221
21.0,50,6559.110723
21.0,50,6559.291924
21.0,50,6559.467609
-38.0,50,6559.639971
24.0,50,6559.816591
20.0,50,6559.994106
22.0,50,6560.180118
20.0,50,6560.360085
22.0,50,6560.538222
17.0,50,6560.714344
-38.0,50,6566.627786
-5.0,50,6572.487653
-38.0,50,6578.246415
-1.0,50,6584.097142
17.0,50,6589.868973
12.0,50,6595.59185
-38.0,50,6601.364839
24.0,50,6607.178988
-13.0,50,6612.967849
6.0,50,6618.669006
13.0,50,6624.359113
1.0,50,6630.094093
20.0,50,6635.767836
14.0,50,6641.530542
-7.0,50,6647.76289
2.0,50,6653.6473
6.0,50,6659.712901
19.0,50,6665.42058
20.0,50,6671.947357
24.0,50,6677.886109
27.0,50,6678.06719
24.0,50,6678.246864
21.0,50,6678.419483
-38.0,50,6678.586577
16.0,50,6678.772665
14.0,50,6678.95514
21.0,50,6679.139555
24.0,50,6679.317421
21.0,50,6679.519913
-38.0,50,6679.695927
12.0,50,6685.537747
18.0,50,6691.373796
5.0,50,6697.206217
19.0,50,6703.036747
1.0,50,6708.865658
-9.0,50,6714.683749
-1.0,50,6720.501942
15.0,50,6726.315749
9.0,50,6732.181034
-38.0,50,6738.048118
-4.0,50,6743.86931
-7.0,50,6749.680372
10.0,50,6755.472874
18.0,50,6761.265484
-13.0,50,6767.043307
20.0,50,6773.180605
17.0,50,6779.254237
-38.0,50,6785.122229
-38.0,50,6791.016513
23.0,50,6796.873568
21.0,50,6797.04649
10.0,50,6797.236883
21.0,50,6797.412226
21.0,50,6797.588726
23.0,50,6797.783198
15.0,50,6797.970614
19.0,50,6798.161337
22.0,50,6798.34288
15.0,50,6798.517386
19.0,50,6798.694715
-7.0,50,6804.463829
14.0,50,6810.812017
8.0,50,6816.766436
5.0,50,6822.75339
-38.0,50,6828.581308
-38.0,50,6834.48399
-2.0,50,6840.356546
6.0,50,6846.233286
18.0,50,6852.068393
18.0,50,6857.902242
-38.0,50,6863.701907
15.0,50,6869.579334
25.0,50,6875.416285
-38.0,50,6881.325553
-38.0,50,6887.285035
24.0,50,6893.183331
22.0,50,6898.981865
23.0,50,6904.756959
-16.0,50,6910.543355
21.0,50,6916.362609
-13.0,50,6916.530767
17.0,50,6916.715313
18.0,50,6916.901472
21.0,50,6917.077089
19.0,50,6917.250483
21.0,50,6917.424896
24.0,50,6917.60621
20.0,50,6917.779341
16.0,50,6917.957306
20.0,50,6918.130183
16.0,50,6923.971429
14.0,50,6929.76361
-13.0,50,6935.624335
15.0,50,6941.423244
16.0,50,6947.290119
4.0,50,6953.166535
-11.0,50,6959.178102
-14.0,50,6965.058941
-38.0,50,6970.939856
-4.0,50,6976.861854
-14.0,50,6982.705646
-38.0,50,6988.555005
18.0,50,6994.414335
20.0,50,7000.263098
11.0,50,7006.108614
0.0,50,7011.934288
16.0,50,7017.780684
-3.0,50,7023.646591
14.0,50,7029.47224
23.0,50,7035.315422
25.0,50,7035.495143
17.0,50,7035.66731
19.0,50,7035.840009
20.0,50,7036.031902
16.0,50,7036.197697
19.0,50,7036.393002
22.0,50,7036.578799
19.0,50,7036.768968
24.0,50,7036.963718
-14.0,50,7037.144424
3.0,50,7043.368355
25.0,50,7049.265389
-4.0,50,7055.257117
-38.0,50,7061.141036
15.0,50,7067.002094
11.0,50,7072.834291
-10.0,50,7078.650197
-8.0,50,7084.552351
19.0,50,7090.376623
17.0,50,7096.244902
20.0,50,7102.095769
-7.0,50,7107.947527
28.0,50,7113.832507
24.0,50,7119.731651
11.0,50,7125.573807
12.0,50,7131.39977
-14.0,50,7137.221413
20.0,50,7143.05799
17.0,50,7148.957165
22.0,50,7154.840573
22.0,50,7155.028163
22.0,50,7155.213075
21.0,50,7155.408013
14.0,50,7155.602514
23.0,50,7155.792068
19.0,50,7155.981087
15.0,50,7156.163718
21.0,50,7156.334959
14.0,50,7156.529296
5.0,50,7156.701899
21.0,50,7162.677722
14.0,50,7168.570885
7.0,50,7174.519331
22.0,50,7180.44744
-38.0,50,7186.496115
-38.0,50,7192.515507
-38.0,50,7199.084954
17.0,50,7205.904252
-12.0,50,7212.408745
-38.0,50,7218.720266
19.0,50,7225.003706
-14.0,50,7232.108993
-38.0,50,7238.384218
14.0,50,7244.966608
-6.0,50,7251.639757
-16.0,50,7258.189602
-38.0,50,7265.34462
26.0,50,7272.487986
-3.0,50,7278.748264
23.0,50,7284.852096
26.0,50,7285.02619
20.0,50,7285.216265
19.0,50,7285.399051
20.0,50,7285.585423
15.0,50,7285.766897
21.0,50,7285.949405
22.0,50,7286.127017
13.0,50,7286.321851
16.0,50,7286.508126
-9.0,50,7286.685395
23.0,50,7292.703574
-38.0,50,7298.853058
5.0,50,7305.039633
-38.0,50,7311.034425
27.0,50,7317.065019
16.0,50,7323.215623
19.0,50,7329.357862
-10.0,50,7335.55677
-7.0,50,7341.508177
21.0,50,7347.503741
0.0,50,7353.482765
-10.0,50,7359.501346
14.0,50,7366.069109
15.0,50,7373.28558
-9.0,50,7379.36695
8.0,50,7385.526307
-16.0,50,7391.69996
-16.0,50,7397.935921
-13.0,50,7404.027702
1.0,50,7410.091493
16.0,50,7410.274237
15.0,50,7410.45059
15.0,50,7410.628345
27.0,50,7410.816485
4.0,50,7411.00918
18.0,50,7411.215944
23.0,50,7411.400207
19.0,50,7411.586684
-38.0,50,7411.764464
12.0,50,7411.944873
-10.0,50,7418.233935
-38.0,50,7424.40442
-3.0,50,7430.541129
7.0,50,7436.811133
-38.0,50,7443.126757
19.0,50,7449.259031
-10.0,50,7455.373512
1.0,50,7461.464588
15.0,50,7467.556764
4.0,50,7473.616146
19.0,50,7479.878971
16.0,50,7486.230519
-38.0,50,7492.382067
14.0,50,7498.567611
21.0,50,7504.690755
-1.0,50,7510.914644
26.0,50,7517.21313
-12.0,50,7523.36275
12.0,50,7529.47422
22.0,50,7535.622643
24.0,50,7535.808423
22.0,50,7535.986563
21.0,50,7536.166119
19.0,50,7536.348917
18.0,50,7536.531554
20.0,50,7536.724216
21.0,50,7536.900923
19.0,50,7537.081059
14.0,50,7537.262351
