# {"t_start": 1586456897.4929287, "env_id": "FetchPickAndPlace-v1"} 
r,l,t
-50.0,50,2.77523
-50.0,50,3.725485
-50.0,50,4.572326
-50.0,50,5.653075
-50.0,50,6.688717
-50.0,50,7.558823
-50.0,50,8.392027
-50.0,50,9.241938
-50.0,50,10.095683
-50.0,50,10.886639
-50.0,50,11.713675
-44.0,50,12.551842
-50.0,50,13.378767
-50.0,50,14.22909
-50.0,50,15.095011
-50.0,50,15.950148
-50.0,50,16.883391
20.0,50,17.895923
-50.0,50,18.765913
-50.0,50,19.627482
-50.0,50,20.460797
-50.0,50,21.395571
-50.0,50,22.279998
-50.0,50,23.15893
-50.0,50,24.099451
20.0,50,25.084357
-50.0,50,26.079429
-50.0,50,27.052811
-50.0,50,27.903578
-50.0,50,28.747558
-50.0,50,29.608131
-50.0,50,30.651876
-50.0,50,31.490901
-50.0,50,32.43122
-50.0,50,33.409937
-50.0,50,34.421844
-50.0,50,35.459744
-50.0,50,36.430101
-50.0,50,37.456214
-44.0,50,38.593556
-50.0,50,39.589965
-50.0,50,40.506028
-50.0,50,41.375871
-50.0,50,42.253501
-50.0,50,43.115754
-50.0,50,44.054119
-50.0,50,45.016216
-50.0,50,46.06059
-50.0,50,47.104552
-50.0,50,48.007795
20.0,50,48.959935
-50.0,50,49.198727
-50.0,50,49.404402
-50.0,50,49.620874
-50.0,50,49.838358
-50.0,50,50.024557
-50.0,50,50.219857
-50.0,50,50.432219
-50.0,50,50.663148
-50.0,50,50.868892
-50.0,50,51.078083
-50.0,50,52.192385
-50.0,50,53.219276
-50.0,50,54.342968
-50.0,50,55.312867
-50.0,50,56.171884
-50.0,50,57.019224
-50.0,50,57.881244
-50.0,50,58.749842
-50.0,50,59.633018
-44.0,50,60.525482
-50.0,50,61.410333
-50.0,50,62.28146
-50.0,50,63.173534
-50.0,50,64.157125
-50.0,50,65.274284
-50.0,50,66.299623
-50.0,50,67.310646
-50.0,50,68.352332
-50.0,50,69.388818
-50.0,50,70.362848
-50.0,50,71.509894
-50.0,50,72.44835
-50.0,50,73.328017
-50.0,50,74.208262
-50.0,50,75.081643
-50.0,50,75.953774
-50.0,50,76.816482
-50.0,50,77.726991
-50.0,50,78.760617
-50.0,50,80.072309
-50.0,50,81.065368
-50.0,50,82.057671
-50.0,50,83.058954
-50.0,50,84.028303
20.0,50,84.972403
-50.0,50,85.975808
-50.0,50,86.895283
-50.0,50,87.791107
-50.0,50,88.687973
-50.0,50,89.583592
-50.0,50,90.504892
20.0,50,91.434008
-50.0,50,92.317936
-50.0,50,93.186927
-50.0,50,94.062584
-50.0,50,94.939311
-50.0,50,95.825437
-50.0,50,96.714391
-50.0,50,97.612205
-50.0,50,98.557697
-50.0,50,98.751984
-50.0,50,98.930196
-50.0,50,99.11638
-50.0,50,99.302404
-50.0,50,99.461939
-50.0,50,99.643198
-50.0,50,99.807008
-50.0,50,99.971303
-50.0,50,100.144585
-50.0,50,100.310456
-50.0,50,101.370047
-50.0,50,102.466172
-50.0,50,103.474966
-44.0,50,104.469501
-50.0,50,105.46682
-50.0,50,106.432722
-50.0,50,107.367955
-50.0,50,108.275087
-50.0,50,109.220005
-50.0,50,110.1302
-50.0,50,111.071965
-50.0,50,112.025266
-50.0,50,112.970486
-50.0,50,113.928979
-50.0,50,114.849643
-50.0,50,115.882819
-50.0,50,116.842545
-50.0,50,117.840097
-50.0,50,118.837936
-50.0,50,119.836938
-50.0,50,120.821514
-50.0,50,121.791625
-50.0,50,122.748637
-50.0,50,123.703642
-50.0,50,124.651051
-50.0,50,125.622645
-50.0,50,126.600188
-50.0,50,127.566513
-50.0,50,128.512437
-50.0,50,129.457824
20.0,50,130.392739
-50.0,50,131.323281
-50.0,50,132.301885
-50.0,50,133.400868
-50.0,50,134.420652
-50.0,50,135.406173
-44.0,50,136.467397
-50.0,50,137.480027
-50.0,50,138.462714
-50.0,50,139.444407
-50.0,50,140.438327
-44.0,50,141.414912
-50.0,50,142.42814
-50.0,50,143.426073
-50.0,50,144.501655
-50.0,50,145.72443
-50.0,50,146.722312
20.0,50,147.758119
-50.0,50,148.879206
-50.0,50,149.990563
-50.0,50,150.170034
-50.0,50,150.338545
-50.0,50,150.53112
-50.0,50,150.711374
-50.0,50,150.876846
-50.0,50,151.058481
-50.0,50,151.236303
-50.0,50,151.39029
20.0,50,151.551044
-50.0,50,151.729523
-50.0,50,152.699968
-50.0,50,153.712461
-50.0,50,154.929726
-50.0,50,156.123929
-50.0,50,157.204198
-50.0,50,158.414421
-50.0,50,159.58721
-50.0,50,160.862893
-50.0,50,162.31508
-50.0,50,163.690507
-50.0,50,165.036988
-50.0,50,166.361953
-50.0,50,167.63189
-50.0,50,168.950107
-50.0,50,170.183191
-50.0,50,171.442753
-50.0,50,172.724868
-38.0,50,174.051962
-50.0,50,175.337392
-50.0,50,176.643122
-38.0,50,177.950107
-50.0,50,179.158694
-50.0,50,180.371173
-50.0,50,181.682491
-50.0,50,182.948334
-50.0,50,184.20443
6.0,50,185.475065
20.0,50,186.735551
-44.0,50,188.00861
-50.0,50,189.312999
-50.0,50,190.586487
-50.0,50,191.867616
20.0,50,193.163904
-50.0,50,194.40796
-50.0,50,195.674296
-50.0,50,196.885717
-50.0,50,198.158831
-50.0,50,199.482872
-50.0,50,200.763006
-50.0,50,202.074917
-50.0,50,203.37566
-50.0,50,204.612748
-50.0,50,205.896595
-50.0,50,207.182314
-50.0,50,208.497649
-50.0,50,209.785264
2.0,50,211.089237
-50.0,50,212.522632
-50.0,50,213.833347
-50.0,50,215.154656
-50.0,50,215.384766
-50.0,50,215.60287
-50.0,50,215.862728
-50.0,50,216.107803
-50.0,50,216.343532
-50.0,50,216.62049
-50.0,50,216.865641
-50.0,50,217.103853
-50.0,50,217.342448
-50.0,50,217.551064
-50.0,50,218.811392
-50.0,50,220.07683
-50.0,50,221.409369
-50.0,50,222.74161
-50.0,50,224.042903
-50.0,50,225.375297
-50.0,50,226.688401
-50.0,50,227.994743
-50.0,50,229.279181
-50.0,50,230.602764
20.0,50,231.925006
20.0,50,233.202562
-50.0,50,234.470466
-50.0,50,235.771629
-50.0,50,237.056055
-50.0,50,238.317924
-50.0,50,239.66919
-50.0,50,241.007265
-50.0,50,242.381135
-50.0,50,243.719893
-50.0,50,245.025242
-50.0,50,246.344921
-50.0,50,247.616736
-50.0,50,248.928888
-50.0,50,250.218458
-44.0,50,251.593513
-50.0,50,252.882366
-50.0,50,254.156605
-50.0,50,255.474855
-50.0,50,256.82483
-44.0,50,258.131041
-50.0,50,259.428231
-38.0,50,260.77108
-44.0,50,262.368199
-38.0,50,263.800506
-50.0,50,265.040055
-50.0,50,266.321891
-44.0,50,267.610706
-50.0,50,268.897655
-44.0,50,270.315211
-44.0,50,271.642092
-50.0,50,272.974653
-50.0,50,274.305427
-50.0,50,275.651321
-50.0,50,276.936271
20.0,50,278.310823
2.0,50,279.625311
-50.0,50,280.920598
-50.0,50,282.217588
20.0,50,283.559612
-50.0,50,283.807241
-50.0,50,284.081038
-50.0,50,284.34841
-50.0,50,284.577851
-50.0,50,284.807814
-50.0,50,285.062771
-50.0,50,285.309222
-50.0,50,285.561913
-50.0,50,285.793261
-50.0,50,286.027983
-50.0,50,287.331125
-50.0,50,288.697648
-50.0,50,290.058689
20.0,50,291.413451
-50.0,50,292.774588
-50.0,50,294.174302
-50.0,50,295.479244
-50.0,50,296.760637
-50.0,50,298.043237
-50.0,50,299.405546
-50.0,50,300.721688
-50.0,50,302.077647
-50.0,50,303.335395
-50.0,50,304.614614
-50.0,50,305.903766
-50.0,50,307.317555
-50.0,50,308.627001
-50.0,50,310.031782
-50.0,50,311.435477
-50.0,50,312.910398
-50.0,50,314.224159
-50.0,50,315.643469
-50.0,50,316.989316
-50.0,50,318.303834
-44.0,50,319.613307
-50.0,50,320.979148
-44.0,50,322.329091
-50.0,50,323.674148
-50.0,50,324.980022
-50.0,50,326.307469
-50.0,50,327.664076
-50.0,50,328.952942
-50.0,50,330.327782
-44.0,50,331.602074
-50.0,50,332.99308
-50.0,50,334.289111
-44.0,50,335.67523
-50.0,50,337.050552
-50.0,50,338.42323
-50.0,50,339.777622
-50.0,50,341.174518
-50.0,50,342.524518
-50.0,50,343.805089
-50.0,50,345.203174
-50.0,50,346.551169
-50.0,50,347.84146
-50.0,50,349.220316
-50.0,50,350.553906
-38.0,50,351.903644
-50.0,50,353.241913
-50.0,50,353.465808
-50.0,50,353.727273
-50.0,50,354.010919
-50.0,50,354.225012
-50.0,50,354.447846
20.0,50,354.707173
-50.0,50,354.955437
-50.0,50,355.191386
-50.0,50,355.395128
-50.0,50,355.630246
-38.0,50,356.919371
-38.0,50,358.227328
-50.0,50,359.535407
-50.0,50,360.886318
-50.0,50,362.230403
-50.0,50,363.51549
-38.0,50,364.840142
-50.0,50,366.18105
-50.0,50,367.470201
-50.0,50,368.783385
-50.0,50,370.052801
-44.0,50,371.385934
-50.0,50,372.753697
-50.0,50,374.062956
-50.0,50,375.352485
-44.0,50,376.714096
-50.0,50,378.007547
-38.0,50,379.300753
-50.0,50,380.666136
-14.0,50,382.014818
-50.0,50,383.330435
-50.0,50,384.636973
-50.0,50,386.004944
-50.0,50,387.361556
-44.0,50,388.662971
-50.0,50,390.008788
-50.0,50,391.296287
-50.0,50,392.569351
20.0,50,393.945428
-50.0,50,395.275435
-50.0,50,396.575572
-50.0,50,397.921573
-50.0,50,399.335739
-50.0,50,400.749211
-50.0,50,402.086414
-50.0,50,403.48955
20.0,50,404.81248
-50.0,50,406.240677
-50.0,50,407.51432
-50.0,50,408.851361
20.0,50,410.203687
-50.0,50,411.502246
-50.0,50,412.843348
-50.0,50,414.207487
-50.0,50,415.505517
-50.0,50,416.840804
-50.0,50,418.241278
20.0,50,419.640914
-50.0,50,420.976959
-50.0,50,422.333275
-50.0,50,422.61174
-50.0,50,422.847536
-50.0,50,423.051992
-50.0,50,423.30107
-50.0,50,423.516204
20.0,50,423.758969
-50.0,50,423.98423
-50.0,50,424.199871
-50.0,50,424.472026
-50.0,50,424.692398
-50.0,50,426.037379
-50.0,50,427.492215
-50.0,50,428.969953
-50.0,50,430.279263
-50.0,50,431.425191
-50.0,50,432.542634
-50.0,50,433.797056
-44.0,50,434.975505
20.0,50,436.224024
20.0,50,437.472494
-50.0,50,438.78727
-50.0,50,440.227492
-50.0,50,441.721053
-50.0,50,443.201381
-50.0,50,444.627203
-44.0,50,445.954632
-50.0,50,447.334454
-50.0,50,448.688302
-50.0,50,450.048656
-50.0,50,451.426444
-50.0,50,452.797634
-50.0,50,454.177829
-50.0,50,455.571092
-50.0,50,456.974569
-50.0,50,458.424944
-44.0,50,459.76134
-50.0,50,461.13181
-50.0,50,462.549882
-50.0,50,463.953759
-50.0,50,465.325481
-50.0,50,466.729982
-50.0,50,468.146888
-50.0,50,469.594246
-50.0,50,470.944836
-44.0,50,472.29266
-38.0,50,473.675056
-50.0,50,475.06602
20.0,50,476.465912
-38.0,50,477.876534
-50.0,50,479.298603
-44.0,50,480.690424
-50.0,50,482.101189
-50.0,50,483.500106
-50.0,50,484.838458
-50.0,50,486.182281
-50.0,50,487.515527
-50.0,50,488.892308
-50.0,50,490.308543
-50.0,50,491.684993
-50.0,50,493.060297
-50.0,50,493.317299
-38.0,50,493.591505
-50.0,50,493.828968
-50.0,50,494.084716
-50.0,50,494.347596
-50.0,50,494.585861
-50.0,50,494.842352
-50.0,50,495.089622
-50.0,50,495.323698
-38.0,50,495.554381
20.0,50,496.903133
-50.0,50,498.258619
20.0,50,499.639207
-50.0,50,500.988918
-50.0,50,502.325468
-50.0,50,503.727742
-50.0,50,505.115636
-50.0,50,506.534224
-50.0,50,507.92254
-50.0,50,509.344749
-50.0,50,510.712265
-50.0,50,512.113042
-50.0,50,513.50949
-50.0,50,514.950551
-38.0,50,516.360591
-50.0,50,517.720313
-50.0,50,519.124921
-50.0,50,520.521683
-50.0,50,521.864677
-50.0,50,523.236996
-50.0,50,524.672215
-50.0,50,526.047053
-50.0,50,527.400394
-50.0,50,528.779191
-50.0,50,530.189498
-50.0,50,531.5945
-50.0,50,533.02569
-50.0,50,534.402792
-50.0,50,535.802917
-50.0,50,537.151239
-50.0,50,538.551189
-50.0,50,539.912166
-50.0,50,541.310474
-44.0,50,542.701899
-50.0,50,544.058983
-50.0,50,545.467024
-50.0,50,546.897476
-50.0,50,548.265913
-50.0,50,549.662509
-50.0,50,551.05796
-50.0,50,552.442295
-50.0,50,553.787531
-50.0,50,555.24062
-50.0,50,556.638474
-50.0,50,558.06093
-50.0,50,559.458314
-50.0,50,560.804423
20.0,50,562.171855
-44.0,50,563.591243
-50.0,50,564.982984
-50.0,50,565.205726
-50.0,50,565.44261
-50.0,50,565.684202
-50.0,50,565.929089
-50.0,50,566.16214
-50.0,50,566.382471
-50.0,50,566.620243
-50.0,50,566.841304
-50.0,50,567.086361
-50.0,50,567.308261
-38.0,50,568.727602
-50.0,50,570.132364
-50.0,50,571.541621
-50.0,50,572.90031
-50.0,50,574.312054
-50.0,50,575.648982
-50.0,50,577.011621
-44.0,50,578.342158
-50.0,50,579.773352
20.0,50,581.133691
-50.0,50,582.560283
20.0,50,583.899058
-38.0,50,585.320836
-50.0,50,586.717816
-50.0,50,588.151746
-50.0,50,589.519454
-50.0,50,590.904597
-50.0,50,592.249538
-50.0,50,593.583717
-50.0,50,594.956501
-44.0,50,596.318111
-50.0,50,597.669044
-50.0,50,599.023753
-22.0,50,600.343433
-50.0,50,601.69936
-50.0,50,603.089245
-50.0,50,604.448631
-50.0,50,605.868031
-50.0,50,607.213304
-50.0,50,608.581443
-50.0,50,610.003287
-50.0,50,611.375767
20.0,50,612.763742
-50.0,50,614.108694
-50.0,50,615.439075
-50.0,50,616.8113
-50.0,50,618.18824
-38.0,50,619.604963
-50.0,50,621.041254
-50.0,50,622.4218
-50.0,50,623.822307
-50.0,50,625.190954
-50.0,50,626.553123
-50.0,50,627.910497
-50.0,50,629.328765
-44.0,50,630.72186
-50.0,50,632.060921
-50.0,50,633.443006
-44.0,50,634.857668
-50.0,50,636.268006
-50.0,50,636.4969
-50.0,50,636.731809
-50.0,50,636.993556
-50.0,50,637.229976
-38.0,50,637.492693
-50.0,50,637.752442
-50.0,50,637.969265
-50.0,50,638.198519
-50.0,50,638.459531
-50.0,50,638.701208
-50.0,50,640.097002
-50.0,50,641.460215
-50.0,50,642.853524
-50.0,50,644.21297
-50.0,50,645.578915
-50.0,50,646.966518
-50.0,50,648.344277
-50.0,50,649.704952
-50.0,50,651.096471
-50.0,50,652.453489
-50.0,50,653.781063
20.0,50,655.159688
-50.0,50,656.529702
-50.0,50,657.948966
-50.0,50,659.279135
-50.0,50,660.667327
-50.0,50,662.043217
20.0,50,663.473573
-50.0,50,664.812433
-50.0,50,666.216068
-50.0,50,667.56354
20.0,50,668.879879
-50.0,50,670.309516
-50.0,50,671.688096
-50.0,50,673.059076
20.0,50,674.470442
-50.0,50,675.867025
-50.0,50,677.203944
-50.0,50,678.59661
-44.0,50,679.970385
-38.0,50,681.331762
-50.0,50,682.738659
-50.0,50,684.098745
-50.0,50,685.473485
-50.0,50,686.839204
-44.0,50,688.251967
-50.0,50,689.674694
-50.0,50,691.042746
-50.0,50,692.420181
-50.0,50,693.828151
-44.0,50,695.206987
-50.0,50,696.592892
-50.0,50,697.935564
-50.0,50,699.3005
-50.0,50,700.656466
-50.0,50,702.071993
-44.0,50,703.524544
-50.0,50,704.878206
-50.0,50,706.291852
-50.0,50,707.657686
-50.0,50,707.876632
-50.0,50,708.116406
-50.0,50,708.359385
-50.0,50,708.579879
-50.0,50,708.849555
-50.0,50,709.096028
-44.0,50,709.329365
-50.0,50,709.566263
-50.0,50,709.812967
-50.0,50,710.042789
-50.0,50,711.377406
-50.0,50,712.755255
-44.0,50,714.093413
-44.0,50,715.464169
-50.0,50,716.830067
-50.0,50,718.190873
-50.0,50,719.585703
-50.0,50,720.947061
-38.0,50,722.274186
-50.0,50,723.618596
-50.0,50,724.987001
-50.0,50,726.329378
-50.0,50,727.733577
-50.0,50,729.125185
-50.0,50,730.486101
-50.0,50,731.821321
-50.0,50,733.195067
-50.0,50,734.606121
-50.0,50,735.964889
-50.0,50,737.311444
-50.0,50,738.707266
-50.0,50,740.091882
-50.0,50,741.433001
-44.0,50,742.772231
-50.0,50,744.208338
-50.0,50,745.58312
-38.0,50,746.972688
-44.0,50,748.326196
-38.0,50,749.695014
-50.0,50,751.066525
-50.0,50,752.419833
-50.0,50,753.823173
-50.0,50,755.201334
-50.0,50,756.542554
-50.0,50,757.890888
-50.0,50,759.257261
-50.0,50,760.616819
-50.0,50,761.975123
-50.0,50,763.352289
-44.0,50,764.704652
-50.0,50,766.119907
-50.0,50,767.47862
-50.0,50,768.87508
-50.0,50,770.279991
-50.0,50,771.678539
-50.0,50,773.103176
-50.0,50,774.470741
-50.0,50,775.856582
-50.0,50,777.226762
-50.0,50,778.620893
-50.0,50,778.907885
-50.0,50,779.1294
-50.0,50,779.362848
-50.0,50,779.598351
-50.0,50,779.858275
-50.0,50,780.081526
-50.0,50,780.322755
-50.0,50,780.550321
-50.0,50,780.775018
-50.0,50,781.013085
-50.0,50,782.421912
-50.0,50,783.788617
-50.0,50,785.184066
-50.0,50,786.586658
-50.0,50,787.953709
-44.0,50,789.357389
-50.0,50,790.756861
-50.0,50,792.083747
-50.0,50,793.448152
-50.0,50,794.794484
-50.0,50,796.155552
-50.0,50,797.498795
-50.0,50,798.834242
-38.0,50,800.166919
-50.0,50,801.592244
-50.0,50,803.011462
-50.0,50,804.366081
-50.0,50,805.758225
-50.0,50,807.092897
-50.0,50,808.508335
-50.0,50,809.855602
-50.0,50,811.288763
-50.0,50,812.736668
-50.0,50,814.10282
10.0,50,815.409783
-38.0,50,816.798849
-44.0,50,818.160412
-50.0,50,819.516142
-50.0,50,820.921602
-50.0,50,822.302371
-50.0,50,823.659989
-50.0,50,825.01952
-50.0,50,826.365585
-38.0,50,827.776208
-50.0,50,829.149531
-50.0,50,830.48764
-50.0,50,831.855735
6.0,50,833.200092
-50.0,50,834.591694
-50.0,50,835.959103
-50.0,50,837.361646
-50.0,50,838.747128
-50.0,50,840.126278
-38.0,50,841.554434
-50.0,50,842.924828
-50.0,50,844.270493
-50.0,50,845.67499
-50.0,50,847.054003
-50.0,50,848.450872
-50.0,50,849.803994
-50.0,50,850.051159
-38.0,50,850.31158
-50.0,50,850.530223
-50.0,50,850.757422
-50.0,50,851.026144
-50.0,50,851.266672
-50.0,50,851.497255
-50.0,50,851.734101
-50.0,50,851.944176
-50.0,50,852.210396
-50.0,50,853.566834
-50.0,50,854.943135
-44.0,50,856.297672
-50.0,50,857.655692
-50.0,50,859.07266
-50.0,50,860.462399
-50.0,50,861.80713
-50.0,50,863.201899
-50.0,50,864.586418
-50.0,50,865.963826
-50.0,50,867.367317
-38.0,50,868.699636
-50.0,50,870.115977
-50.0,50,871.513401
-50.0,50,872.882897
-50.0,50,874.268568
-50.0,50,875.617801
-50.0,50,876.983716
-50.0,50,878.34437
-50.0,50,879.669194
-50.0,50,880.983198
-44.0,50,882.340403
-50.0,50,883.681999
-50.0,50,885.129996
-50.0,50,886.460047
-50.0,50,887.812549
-50.0,50,889.193421
-50.0,50,890.524837
-50.0,50,891.871823
-50.0,50,893.244213
-50.0,50,894.608638
-50.0,50,895.978777
-50.0,50,897.339285
-50.0,50,898.717988
-50.0,50,900.025479
-50.0,50,901.376828
-44.0,50,902.778531
-44.0,50,904.187779
-50.0,50,905.541997
-38.0,50,906.93589
-50.0,50,908.339436
-50.0,50,909.735063
-50.0,50,911.077576
-38.0,50,912.414268
-50.0,50,913.787859
-50.0,50,915.125928
-50.0,50,916.489432
-50.0,50,917.910352
-50.0,50,919.237594
-44.0,50,920.633706
-50.0,50,920.875154
-50.0,50,921.135985
-38.0,50,921.418182
-50.0,50,921.679827
-50.0,50,921.918871
-50.0,50,922.15367
-50.0,50,922.39644
-50.0,50,922.640554
-44.0,50,922.886125
-50.0,50,923.133782
-50.0,50,924.506239
-50.0,50,925.870857
-50.0,50,927.215554
-50.0,50,928.611072
-50.0,50,929.997482
-50.0,50,931.415591
-50.0,50,932.779691
-44.0,50,934.117438
-50.0,50,935.569918
-50.0,50,936.921093
-50.0,50,938.288033
-50.0,50,939.675162
-50.0,50,941.117201
-50.0,50,942.46121
-50.0,50,943.828267
-50.0,50,945.214608
-50.0,50,946.586436
-50.0,50,947.942159
-50.0,50,949.360611
-50.0,50,950.710368
-50.0,50,952.067789
-50.0,50,953.426781
-50.0,50,954.867357
-50.0,50,956.303386
-50.0,50,957.71356
-50.0,50,959.064859
-50.0,50,960.470251
-50.0,50,961.934157
-50.0,50,963.367239
-50.0,50,964.590397
-50.0,50,965.688736
-50.0,50,966.768436
-50.0,50,967.794702
-50.0,50,968.919673
20.0,50,969.968147
-50.0,50,971.058526
-50.0,50,972.286149
-50.0,50,973.515284
-50.0,50,974.561641
-50.0,50,975.704684
-50.0,50,976.794395
-50.0,50,977.83208
-50.0,50,979.022807
8.0,50,980.186317
-50.0,50,981.370697
-50.0,50,982.634159
-50.0,50,983.974646
-50.0,50,985.106221
-50.0,50,986.207074
20.0,50,987.48179
-50.0,50,987.716472
-50.0,50,987.925781
20.0,50,988.132226
-50.0,50,988.336796
-50.0,50,988.538502
20.0,50,988.760715
-38.0,50,988.999539
-50.0,50,989.254303
-50.0,50,989.454675
-50.0,50,989.656963
-50.0,50,990.934584
20.0,50,991.997646
-50.0,50,993.291226
-50.0,50,994.55662
-50.0,50,995.739509
-50.0,50,996.80754
-50.0,50,997.843531
-44.0,50,998.916434
-50.0,50,999.940862
-50.0,50,1001.007355
-50.0,50,1002.027267
-50.0,50,1003.088494
-50.0,50,1004.130228
20.0,50,1005.323074
-50.0,50,1006.428502
-50.0,50,1007.523888
-50.0,50,1008.649672
-50.0,50,1009.831811
-50.0,50,1010.980018
-50.0,50,1012.160517
-50.0,50,1013.257751
-50.0,50,1014.276866
-44.0,50,1015.281523
-50.0,50,1016.271276
-50.0,50,1017.530392
-50.0,50,1018.594083
-50.0,50,1019.687788
-50.0,50,1020.788113
-44.0,50,1021.935002
-22.0,50,1023.035628
-50.0,50,1024.131891
-50.0,50,1025.201213
-50.0,50,1026.260361
-38.0,50,1027.335513
-50.0,50,1028.36351
-50.0,50,1029.378118
-50.0,50,1030.395546
-50.0,50,1031.405184
-50.0,50,1032.423649
-50.0,50,1033.430517
-50.0,50,1034.454255
23.0,50,1035.47441
-50.0,50,1036.4812
-50.0,50,1037.496396
-50.0,50,1038.51352
-44.0,50,1039.538178
-50.0,50,1040.539644
-50.0,50,1041.56236
-44.0,50,1042.588719
-44.0,50,1043.614197
-38.0,50,1043.786948
-50.0,50,1043.938119
-50.0,50,1044.110527
-50.0,50,1044.272398
-50.0,50,1044.454119
-50.0,50,1044.619622
-50.0,50,1044.79158
-50.0,50,1044.944508
-50.0,50,1045.115427
-50.0,50,1045.281604
-44.0,50,1046.28228
-50.0,50,1047.286526
-50.0,50,1048.29026
-44.0,50,1049.298855
-50.0,50,1050.313755
-50.0,50,1051.316378
-50.0,50,1052.321392
-50.0,50,1053.37453
-50.0,50,1054.388393
-50.0,50,1055.393024
-50.0,50,1056.402966
-50.0,50,1057.458677
-50.0,50,1058.46859
-50.0,50,1059.476656
-50.0,50,1060.480726
-50.0,50,1061.486002
-50.0,50,1062.481446
-50.0,50,1063.496659
-50.0,50,1064.493691
-50.0,50,1065.507739
-38.0,50,1066.540243
-38.0,50,1067.560725
-50.0,50,1068.574554
-50.0,50,1069.599432
-50.0,50,1070.626256
20.0,50,1071.645027
-21.0,50,1072.619765
20.0,50,1073.604059
-50.0,50,1074.589685
-44.0,50,1075.60014
-50.0,50,1076.606299
-50.0,50,1077.575722
-50.0,50,1078.582707
-38.0,50,1079.593512
-50.0,50,1080.584283
-50.0,50,1081.609716
-50.0,50,1082.622813
-50.0,50,1083.650975
-50.0,50,1084.681363
-50.0,50,1085.698134
-50.0,50,1086.713109
-50.0,50,1087.749708
-50.0,50,1088.766544
-50.0,50,1089.800774
-50.0,50,1090.828366
-50.0,50,1091.874179
-50.0,50,1092.885761
-50.0,50,1093.925873
-50.0,50,1094.970293
-50.0,50,1096.007644
-50.0,50,1096.176394
-50.0,50,1096.354656
-50.0,50,1096.518583
-50.0,50,1096.680687
-50.0,50,1096.843241
-50.0,50,1097.005389
-50.0,50,1097.16504
-50.0,50,1097.31676
20.0,50,1097.468981
-50.0,50,1097.62348
-50.0,50,1098.649554
-50.0,50,1099.660368
-50.0,50,1100.699153
-50.0,50,1101.74125
20.0,50,1102.748725
-50.0,50,1103.76044
-38.0,50,1104.813534
-50.0,50,1105.836946
-50.0,50,1106.85979
-50.0,50,1107.874527
-50.0,50,1108.893024
-50.0,50,1109.908202
-50.0,50,1110.92911
-50.0,50,1111.962402
-50.0,50,1113.005551
-50.0,50,1114.038927
-50.0,50,1115.08082
-50.0,50,1116.128049
-50.0,50,1117.172121
-50.0,50,1118.128407
-38.0,50,1119.071928
-50.0,50,1120.013285
-50.0,50,1120.967248
-50.0,50,1122.001706
-50.0,50,1123.027847
-50.0,50,1124.044213
-50.0,50,1125.064737
-50.0,50,1126.080679
-50.0,50,1127.118495
-50.0,50,1128.138812
-50.0,50,1129.156935
-50.0,50,1130.175444
-50.0,50,1131.20035
-50.0,50,1132.228826
-50.0,50,1133.248623
-50.0,50,1134.276642
-50.0,50,1135.283907
-50.0,50,1136.313614
-50.0,50,1137.350315
-50.0,50,1138.370087
-44.0,50,1139.382787
-38.0,50,1140.377244
-50.0,50,1141.368482
16.0,50,1142.361366
-50.0,50,1143.374493
20.0,50,1144.373924
-50.0,50,1145.370013
-50.0,50,1146.378718
-50.0,50,1147.376787
-50.0,50,1148.373934
-50.0,50,1148.544647
-50.0,50,1148.719059
-50.0,50,1148.88792
-50.0,50,1149.060985
-50.0,50,1149.237479
-50.0,50,1149.397738
-50.0,50,1149.550308
-50.0,50,1149.716055
-50.0,50,1149.881263
-50.0,50,1150.043566
-50.0,50,1151.061814
-44.0,50,1152.077315
-50.0,50,1153.098698
-50.0,50,1154.10996
-38.0,50,1155.133382
-50.0,50,1156.158809
-38.0,50,1157.182947
-50.0,50,1158.167459
-50.0,50,1159.148793
-50.0,50,1160.133757
-50.0,50,1161.148894
-50.0,50,1162.163268
-50.0,50,1163.17167
-50.0,50,1164.169095
-50.0,50,1165.187301
-50.0,50,1166.187948
-50.0,50,1167.191617
-38.0,50,1168.216482
-50.0,50,1169.215217
-50.0,50,1170.207047
-50.0,50,1171.214984
-50.0,50,1172.232483
-50.0,50,1173.253529
-50.0,50,1174.266033
-44.0,50,1175.269335
-44.0,50,1176.260658
-50.0,50,1177.257605
-38.0,50,1178.255445
-50.0,50,1179.256856
-50.0,50,1180.281827
-50.0,50,1181.27082
-38.0,50,1182.316806
-44.0,50,1183.321064
-50.0,50,1184.315801
-50.0,50,1185.314955
-50.0,50,1186.30846
-50.0,50,1187.313794
-50.0,50,1188.303015
-50.0,50,1189.301804
-50.0,50,1190.295684
-50.0,50,1191.293243
-50.0,50,1192.298953
-50.0,50,1193.337292
-50.0,50,1194.338406
-50.0,50,1195.33219
-50.0,50,1196.32485
-50.0,50,1197.324831
-50.0,50,1198.322005
-50.0,50,1199.331
-50.0,50,1200.337037
-50.0,50,1200.494803
-50.0,50,1200.662034
-50.0,50,1200.847165
-50.0,50,1201.013231
-44.0,50,1201.178432
-50.0,50,1201.334399
-44.0,50,1201.496804
-50.0,50,1201.652967
-50.0,50,1201.847347
-50.0,50,1201.999919
-50.0,50,1203.020275
-50.0,50,1204.029977
-50.0,50,1205.038796
-50.0,50,1206.063032
-50.0,50,1207.095183
-44.0,50,1208.128816
-38.0,50,1209.145225
-50.0,50,1210.174379
-50.0,50,1211.179393
20.0,50,1212.19403
-50.0,50,1213.19265
-50.0,50,1214.191236
-44.0,50,1215.208953
-50.0,50,1216.206706
-50.0,50,1217.208108
-50.0,50,1218.217528
-50.0,50,1219.229233
-50.0,50,1220.231311
-50.0,50,1221.274297
-38.0,50,1222.308917
-23.0,50,1223.338773
-50.0,50,1224.346505
-50.0,50,1225.364478
-50.0,50,1226.476057
-23.0,50,1227.467776
-50.0,50,1228.494648
20.0,50,1229.533031
-50.0,50,1230.563709
-50.0,50,1231.582819
-50.0,50,1232.606334
-50.0,50,1233.633047
-44.0,50,1234.633611
-50.0,50,1235.63407
-50.0,50,1236.630096
-50.0,50,1237.661063
-44.0,50,1238.692839
-50.0,50,1239.709987
-50.0,50,1240.721204
-50.0,50,1241.730349
-50.0,50,1242.748862
-50.0,50,1243.765211
-50.0,50,1244.785977
-50.0,50,1245.797704
-50.0,50,1246.802267
-50.0,50,1247.805106
-50.0,50,1248.824249
-50.0,50,1249.839106
-50.0,50,1250.861803
-50.0,50,1251.8891
-50.0,50,1252.9005
-50.0,50,1253.075778
-50.0,50,1253.248518
-50.0,50,1253.423548
-50.0,50,1253.584275
-50.0,50,1253.749534
-50.0,50,1253.923435
-44.0,50,1254.102554
-50.0,50,1254.260795
-44.0,50,1254.425822
-50.0,50,1254.591164
-50.0,50,1255.604371
-50.0,50,1256.636341
-50.0,50,1257.642287
-50.0,50,1258.645869
-50.0,50,1259.65346
-50.0,50,1260.682649
-50.0,50,1261.701879
-50.0,50,1262.706949
-50.0,50,1263.717507
-50.0,50,1264.721472
-50.0,50,1265.735411
20.0,50,1266.736515
-38.0,50,1267.750835
-50.0,50,1268.774342
-50.0,50,1269.79524
-50.0,50,1270.814121
-50.0,50,1271.839641
-50.0,50,1272.855125
20.0,50,1273.866118
-50.0,50,1274.884885
-50.0,50,1275.910766
20.0,50,1276.924197
-50.0,50,1277.936084
-50.0,50,1278.983008
20.0,50,1280.018676
-50.0,50,1281.030066
-50.0,50,1282.053313
-50.0,50,1283.060211
-50.0,50,1284.084448
-50.0,50,1285.098228
-50.0,50,1286.10073
-50.0,50,1287.109678
-50.0,50,1288.068705
-50.0,50,1289.041327
-50.0,50,1290.000715
-44.0,50,1290.961923
-50.0,50,1291.916683
-50.0,50,1292.888183
-50.0,50,1293.851258
-50.0,50,1294.816725
-44.0,50,1295.797342
-50.0,50,1296.769436
-50.0,50,1297.774082
-50.0,50,1298.794929
-50.0,50,1299.824142
-50.0,50,1300.827666
-50.0,50,1301.824063
-50.0,50,1302.836586
-23.0,50,1303.852659
-50.0,50,1304.872273
-50.0,50,1305.025727
-50.0,50,1305.186065
20.0,50,1305.351435
-50.0,50,1305.536838
20.0,50,1305.688982
-50.0,50,1305.86691
-50.0,50,1306.044749
-50.0,50,1306.216747
-50.0,50,1306.400529
-44.0,50,1306.568447
-50.0,50,1307.585744
-44.0,50,1308.60252
-50.0,50,1309.630297
-50.0,50,1310.665416
-50.0,50,1311.682775
-50.0,50,1312.697494
-50.0,50,1313.72429
-50.0,50,1314.744972
-50.0,50,1315.759582
4.0,50,1316.765651
-50.0,50,1317.773501
-50.0,50,1318.782461
-50.0,50,1319.816
-38.0,50,1320.84299
-50.0,50,1321.861703
-50.0,50,1322.878512
-44.0,50,1323.890527
-44.0,50,1324.897205
-50.0,50,1325.934063
-50.0,50,1326.940695
-44.0,50,1327.954901
2.0,50,1328.964365
-50.0,50,1329.977754
-2.0,50,1330.97515
-50.0,50,1331.976035
-50.0,50,1332.985555
-50.0,50,1333.980825
-50.0,50,1335.070885
-50.0,50,1336.073332
-50.0,50,1337.073433
-50.0,50,1338.079075
-50.0,50,1339.158651
-50.0,50,1340.170948
-50.0,50,1341.186311
-50.0,50,1342.211742
-50.0,50,1343.232276
-50.0,50,1344.250878
-50.0,50,1345.264912
-50.0,50,1346.307194
-50.0,50,1347.352234
-50.0,50,1348.369606
-38.0,50,1349.397046
-50.0,50,1350.411853
-50.0,50,1351.432359
-50.0,50,1352.440128
-50.0,50,1353.462541
-50.0,50,1354.470385
-44.0,50,1355.487893
-50.0,50,1356.506635
-50.0,50,1357.521944
-38.0,50,1357.70619
-50.0,50,1357.891412
-50.0,50,1358.092818
20.0,50,1358.248686
-50.0,50,1358.402679
-50.0,50,1358.560367
-38.0,50,1358.733968
-50.0,50,1358.90248
-50.0,50,1359.083038
-50.0,50,1359.253381
-50.0,50,1360.262087
-50.0,50,1361.289967
-50.0,50,1362.308518
-50.0,50,1363.382828
-50.0,50,1364.393785
-50.0,50,1365.420919
-50.0,50,1366.439026
-50.0,50,1367.456886
-50.0,50,1368.472759
-50.0,50,1369.477573
-50.0,50,1370.487013
-50.0,50,1371.520476
-50.0,50,1372.550742
-38.0,50,1373.573523
-44.0,50,1374.585422
-50.0,50,1375.540565
-50.0,50,1376.499461
-50.0,50,1377.489951
-50.0,50,1378.503115
-44.0,50,1379.503148
-50.0,50,1380.508079
-38.0,50,1381.533994
-50.0,50,1382.558855
-50.0,50,1383.578309
-50.0,50,1384.567029
-50.0,50,1385.555668
-50.0,50,1386.55311
-44.0,50,1387.57358
20.0,50,1388.595597
-50.0,50,1389.602968
-50.0,50,1390.605714
-50.0,50,1391.606402
-50.0,50,1392.616283
-50.0,50,1393.619151
-50.0,50,1394.751606
-50.0,50,1395.768312
-50.0,50,1396.789677
-50.0,50,1397.808386
-50.0,50,1398.812722
-50.0,50,1399.815588
-50.0,50,1400.83088
-44.0,50,1401.83191
20.0,50,1402.826384
-50.0,50,1403.826919
-50.0,50,1404.838166
-50.0,50,1405.855304
-50.0,50,1406.872853
-50.0,50,1407.904531
-50.0,50,1408.921505
-50.0,50,1409.943714
-50.0,50,1410.117332
-44.0,50,1410.293376
-50.0,50,1410.458337
-44.0,50,1410.629715
-50.0,50,1410.78643
-50.0,50,1410.942445
-50.0,50,1411.112425
-50.0,50,1411.275331
-50.0,50,1411.441763
-50.0,50,1411.604558
-44.0,50,1412.620674
-50.0,50,1413.643589
-38.0,50,1414.689171
-50.0,50,1415.721292
-50.0,50,1416.753272
-50.0,50,1417.771643
-6.0,50,1418.806858
-50.0,50,1419.834489
-50.0,50,1420.848541
-50.0,50,1421.867532
-50.0,50,1422.885514
-50.0,50,1423.898839
-50.0,50,1424.906788
-50.0,50,1425.934077
-50.0,50,1426.990775
-50.0,50,1428.000074
-50.0,50,1429.010213
-50.0,50,1430.017848
-50.0,50,1431.035587
-50.0,50,1432.068318
-50.0,50,1433.07881
-50.0,50,1434.087964
-50.0,50,1435.10804
-50.0,50,1436.121938
-50.0,50,1437.171093
-44.0,50,1438.184059
-50.0,50,1439.186827
-50.0,50,1440.202659
-50.0,50,1441.204809
-38.0,50,1442.216656
-50.0,50,1443.228416
-44.0,50,1444.23469
-50.0,50,1445.243239
-50.0,50,1446.259172
-50.0,50,1447.268799
-50.0,50,1448.273644
-50.0,50,1449.290146
-50.0,50,1450.326247
-50.0,50,1451.33793
-50.0,50,1452.362613
-50.0,50,1453.383136
-50.0,50,1454.393828
-50.0,50,1455.39438
-50.0,50,1456.432565
-50.0,50,1457.433502
-50.0,50,1458.430599
-50.0,50,1459.430021
-50.0,50,1460.428464
-50.0,50,1461.437526
-50.0,50,1462.434976
-50.0,50,1462.59223
-50.0,50,1462.79828
-50.0,50,1462.969522
-50.0,50,1463.158329
-50.0,50,1463.336991
-50.0,50,1463.503278
-50.0,50,1463.658895
-50.0,50,1463.838988
-44.0,50,1464.008412
-50.0,50,1464.177677
-50.0,50,1465.192797
-50.0,50,1466.217963
20.0,50,1467.234795
-50.0,50,1468.252908
-44.0,50,1469.260234
-50.0,50,1470.261222
-50.0,50,1471.282886
-44.0,50,1472.299055
-50.0,50,1473.309861
-44.0,50,1474.310584
-50.0,50,1475.324417
-50.0,50,1476.336879
-38.0,50,1477.358253
-50.0,50,1478.39256
-50.0,50,1479.420887
-38.0,50,1480.467458
-50.0,50,1481.491464
-50.0,50,1482.494068
-44.0,50,1483.519063
-50.0,50,1484.546249
-50.0,50,1485.561738
-50.0,50,1486.565445
-38.0,50,1487.580136
-50.0,50,1488.606462
-50.0,50,1489.609705
-50.0,50,1490.619292
-50.0,50,1491.633089
-50.0,50,1492.650465
-38.0,50,1493.674696
-23.0,50,1494.68502
-50.0,50,1495.693569
-50.0,50,1496.686416
-50.0,50,1497.689324
-20.0,50,1498.687674
-50.0,50,1499.674615
-50.0,50,1500.68191
-50.0,50,1501.687991
-50.0,50,1502.703932
-50.0,50,1503.700409
-44.0,50,1504.690094
-50.0,50,1505.679667
-50.0,50,1506.689392
-50.0,50,1507.684372
-50.0,50,1508.684805
-50.0,50,1509.682884
-50.0,50,1510.69128
-50.0,50,1511.690368
-50.0,50,1512.722646
-50.0,50,1513.742204
-50.0,50,1514.788605
-50.0,50,1514.953725
-44.0,50,1515.116146
-50.0,50,1515.310973
-44.0,50,1515.475059
-38.0,50,1515.646111
-50.0,50,1515.835762
-50.0,50,1515.993042
-50.0,50,1516.165989
-44.0,50,1516.320886
-50.0,50,1516.481771
20.0,50,1517.445402
-38.0,50,1518.463809
-50.0,50,1519.457259
-50.0,50,1520.462122
-38.0,50,1521.490914
-50.0,50,1522.494137
-50.0,50,1523.489975
-50.0,50,1524.506093
-44.0,50,1525.519847
-50.0,50,1526.537459
-50.0,50,1527.571841
-50.0,50,1528.560842
-50.0,50,1529.512248
-50.0,50,1530.558411
-50.0,50,1531.567859
-50.0,50,1532.57814
-50.0,50,1533.593957
-50.0,50,1534.616264
-50.0,50,1535.63755
-38.0,50,1536.654891
-44.0,50,1537.679442
-50.0,50,1538.705548
-50.0,50,1539.747389
-50.0,50,1540.774307
-44.0,50,1541.813834
-50.0,50,1542.845611
-50.0,50,1543.8659
-50.0,50,1544.879289
-50.0,50,1545.906888
-50.0,50,1546.911752
-50.0,50,1547.932619
-44.0,50,1548.948085
-50.0,50,1549.954801
-50.0,50,1550.988092
-50.0,50,1551.997363
-50.0,50,1553.008321
-50.0,50,1554.01677
-50.0,50,1555.046006
-50.0,50,1556.054937
-50.0,50,1557.059978
-50.0,50,1558.069748
-44.0,50,1559.079754
-50.0,50,1560.078648
-50.0,50,1561.077562
-50.0,50,1562.073129
-50.0,50,1563.071656
-50.0,50,1564.067175
20.0,50,1565.050636
-50.0,50,1566.002603
-50.0,50,1566.958486
-44.0,50,1567.108716
-50.0,50,1567.287846
-50.0,50,1567.488897
-50.0,50,1567.642913
-50.0,50,1567.811814
-50.0,50,1568.011433
-38.0,50,1568.194421
-50.0,50,1568.349973
-50.0,50,1568.520074
-50.0,50,1568.687954
8.0,50,1569.703734
-50.0,50,1570.705999
-50.0,50,1571.713711
-13.0,50,1572.73532
-50.0,50,1573.761009
-50.0,50,1574.781832
-50.0,50,1575.807122
-44.0,50,1576.813625
-44.0,50,1577.852974
-50.0,50,1578.911129
-50.0,50,1579.926407
-50.0,50,1580.948811
-50.0,50,1581.943038
20.0,50,1582.955336
-44.0,50,1583.955483
-38.0,50,1584.96334
-50.0,50,1585.977583
-50.0,50,1586.983144
-50.0,50,1587.977824
-50.0,50,1588.998265
-50.0,50,1590.013441
-50.0,50,1591.032916
-50.0,50,1592.050771
-50.0,50,1593.076239
-50.0,50,1594.073679
-44.0,50,1595.09372
-50.0,50,1596.114531
-50.0,50,1597.116556
-50.0,50,1598.109173
-50.0,50,1599.078135
-50.0,50,1600.042581
-50.0,50,1601.040094
20.0,50,1602.042519
-50.0,50,1603.044595
-50.0,50,1604.06051
-50.0,50,1605.078668
-50.0,50,1606.104234
-50.0,50,1607.121547
-50.0,50,1608.152424
-50.0,50,1609.185937
-50.0,50,1610.195279
-50.0,50,1611.225993
-38.0,50,1612.26089
-50.0,50,1613.277985
-50.0,50,1614.287457
12.0,50,1615.294036
-44.0,50,1616.3058
-38.0,50,1617.263944
20.0,50,1618.198159
-50.0,50,1619.135076
-50.0,50,1619.2767
-50.0,50,1619.424923
-50.0,50,1619.570858
-50.0,50,1619.73004
-50.0,50,1619.887428
-50.0,50,1620.089834
-38.0,50,1620.249204
-50.0,50,1620.432636
-50.0,50,1620.581674
-38.0,50,1620.744311
-44.0,50,1621.740551
-50.0,50,1622.743425
-50.0,50,1623.759316
-50.0,50,1624.745091
-50.0,50,1625.747149
-44.0,50,1626.7617
-50.0,50,1627.77322
-50.0,50,1628.786488
-50.0,50,1629.765604
-44.0,50,1630.753749
-50.0,50,1631.765318
-44.0,50,1632.774916
-50.0,50,1633.789465
-50.0,50,1634.80336
-50.0,50,1635.824786
-50.0,50,1636.835493
-50.0,50,1637.86559
-50.0,50,1638.869506
-38.0,50,1639.870193
-50.0,50,1640.871932
-44.0,50,1641.891934
-50.0,50,1642.906421
-50.0,50,1643.910917
-50.0,50,1644.928522
-50.0,50,1645.928499
-50.0,50,1646.947399
-50.0,50,1647.951453
-50.0,50,1648.96399
-50.0,50,1649.969285
-50.0,50,1650.984485
-38.0,50,1651.982985
-50.0,50,1653.001501
-50.0,50,1654.012777
-50.0,50,1655.027293
-50.0,50,1656.045388
-50.0,50,1657.049038
-38.0,50,1658.061421
-38.0,50,1659.036871
-44.0,50,1659.99187
-50.0,50,1660.982331
20.0,50,1661.986117
-50.0,50,1662.988808
-50.0,50,1663.990237
-50.0,50,1664.996193
-50.0,50,1665.995264
-50.0,50,1666.999892
-50.0,50,1668.028044
-50.0,50,1669.034944
-50.0,50,1670.041331
-50.0,50,1671.047065
-17.0,50,1671.224228
-50.0,50,1671.383651
-44.0,50,1671.55618
-50.0,50,1671.709169
-50.0,50,1671.883521
-50.0,50,1672.054305
-50.0,50,1672.234495
-50.0,50,1672.387042
-50.0,50,1672.565265
-50.0,50,1672.739757
-50.0,50,1673.756377
-50.0,50,1674.800314
-50.0,50,1675.817977
-44.0,50,1676.83864
-38.0,50,1677.860414
-50.0,50,1678.868671
-50.0,50,1679.874152
-50.0,50,1680.877654
20.0,50,1681.904208
-50.0,50,1682.939891
-50.0,50,1683.970216
-50.0,50,1684.970384
-50.0,50,1685.975533
-50.0,50,1686.977366
-50.0,50,1687.981933
-50.0,50,1688.999827
-50.0,50,1690.011215
-50.0,50,1691.019076
-50.0,50,1692.02258
-50.0,50,1693.032538
-44.0,50,1694.061373
-50.0,50,1695.070851
-50.0,50,1696.083829
-50.0,50,1697.08602
-50.0,50,1698.10205
-50.0,50,1699.110435
-50.0,50,1700.117769
-50.0,50,1701.149958
-50.0,50,1702.163944
20.0,50,1703.169496
-50.0,50,1704.168875
-50.0,50,1705.17438
-50.0,50,1706.196662
-50.0,50,1707.194641
-50.0,50,1708.199162
-50.0,50,1709.225509
4.0,50,1710.239007
-44.0,50,1711.271014
20.0,50,1712.271988
-50.0,50,1713.320554
-38.0,50,1714.293059
-50.0,50,1715.265743
-50.0,50,1716.246068
-50.0,50,1717.21204
-50.0,50,1718.213372
-50.0,50,1719.23612
-50.0,50,1720.270316
-38.0,50,1721.281317
-50.0,50,1722.292223
-50.0,50,1723.32865
-50.0,50,1723.482888
-50.0,50,1723.635071
-50.0,50,1723.805099
-50.0,50,1723.963841
-50.0,50,1724.134
-50.0,50,1724.304532
-50.0,50,1724.461655
-50.0,50,1724.614075
-50.0,50,1724.771128
-50.0,50,1724.941652
-50.0,50,1725.966166
-50.0,50,1726.989967
-50.0,50,1728.002365
20.0,50,1729.00625
-50.0,50,1730.032938
-50.0,50,1731.045898
-50.0,50,1732.050647
-50.0,50,1733.065636
-50.0,50,1734.072524
-50.0,50,1735.083133
-50.0,50,1736.105172
-50.0,50,1737.113732
-8.0,50,1738.158225
-50.0,50,1739.170939
-50.0,50,1740.188596
-50.0,50,1741.190683
-50.0,50,1742.205074
-50.0,50,1743.223561
-50.0,50,1744.251227
-50.0,50,1745.259841
-50.0,50,1746.278958
-50.0,50,1747.30221
-38.0,50,1748.309719
-50.0,50,1749.333714
-50.0,50,1750.353135
-50.0,50,1751.35345
-38.0,50,1752.367389
-50.0,50,1753.405189
-50.0,50,1754.411171
-44.0,50,1755.442033
-50.0,50,1756.448035
-50.0,50,1757.440964
-50.0,50,1758.454896
-50.0,50,1759.476103
-50.0,50,1760.483851
-50.0,50,1761.495618
-44.0,50,1762.519764
-50.0,50,1763.521512
-50.0,50,1764.541572
-50.0,50,1765.582473
-50.0,50,1766.62233
-50.0,50,1767.649439
20.0,50,1768.650309
-50.0,50,1769.682318
-50.0,50,1770.70042
-50.0,50,1771.735218
21.0,50,1772.742251
-50.0,50,1773.749873
-50.0,50,1774.766029
-22.0,50,1775.797435
-50.0,50,1775.952241
-38.0,50,1776.151053
-23.0,50,1776.312285
-50.0,50,1776.491893
-44.0,50,1776.644739
-50.0,50,1776.821346
-50.0,50,1776.976793
-16.0,50,1777.140386
-50.0,50,1777.297173
-44.0,50,1777.462421
-50.0,50,1778.433718
-50.0,50,1779.397184
-50.0,50,1780.393589
-14.0,50,1781.36808
-50.0,50,1782.346997
20.0,50,1783.358383
-44.0,50,1784.381433
-38.0,50,1785.417897
-50.0,50,1786.445698
-50.0,50,1787.486903
-50.0,50,1788.517035
-50.0,50,1789.512828
-50.0,50,1790.530031
-50.0,50,1791.561041
-50.0,50,1792.582484
-50.0,50,1793.632148
-50.0,50,1794.646145
-50.0,50,1795.658203
-38.0,50,1796.697406
-38.0,50,1797.732527
-44.0,50,1798.761647
20.0,50,1799.772834
-50.0,50,1800.797858
-50.0,50,1801.833954
-50.0,50,1802.842613
20.0,50,1803.845404
-44.0,50,1804.83813
-50.0,50,1805.83532
-50.0,50,1806.848704
-50.0,50,1807.874141
-50.0,50,1808.896297
-50.0,50,1809.892133
-38.0,50,1810.897265
-50.0,50,1811.914634
-50.0,50,1812.947622
-44.0,50,1813.973283
-50.0,50,1814.989281
-50.0,50,1816.0194
-50.0,50,1817.050652
-50.0,50,1818.072842
-50.0,50,1819.096015
-38.0,50,1820.128285
-50.0,50,1821.223398
-24.0,50,1822.245994
-50.0,50,1823.271754
-50.0,50,1824.312737
-50.0,50,1825.367416
-50.0,50,1826.399796
-50.0,50,1827.438326
-50.0,50,1828.482783
-50.0,50,1828.675148
-50.0,50,1828.846687
-50.0,50,1829.021778
-50.0,50,1829.184197
-44.0,50,1829.349561
-50.0,50,1829.559147
20.0,50,1829.723188
-50.0,50,1829.890847
-50.0,50,1830.053436
-50.0,50,1830.218968
-50.0,50,1831.227774
-50.0,50,1832.254727
-50.0,50,1833.29405
-50.0,50,1834.299811
-50.0,50,1835.32677
-50.0,50,1836.352756
20.0,50,1837.373036
-50.0,50,1838.395916
-50.0,50,1839.44347
-44.0,50,1840.466401
-50.0,50,1841.498286
-38.0,50,1842.551255
-50.0,50,1843.566963
-50.0,50,1844.575563
-44.0,50,1845.585961
-50.0,50,1846.598798
-50.0,50,1847.620801
-50.0,50,1848.653329
-50.0,50,1849.67373
-50.0,50,1850.701127
-50.0,50,1851.720045
-38.0,50,1852.750946
-50.0,50,1853.76974
-38.0,50,1854.797617
20.0,50,1855.819544
-50.0,50,1856.869217
-44.0,50,1857.892509
-50.0,50,1858.908834
-50.0,50,1859.927984
-50.0,50,1860.949889
-50.0,50,1861.961101
-50.0,50,1862.992464
-50.0,50,1864.038992
-50.0,50,1865.071678
-50.0,50,1866.104035
-50.0,50,1867.148748
-44.0,50,1868.20026
20.0,50,1869.219275
-44.0,50,1870.272388
-44.0,50,1871.315041
-50.0,50,1872.358019
-38.0,50,1873.407742
-50.0,50,1874.435259
-50.0,50,1875.467166
-50.0,50,1876.499743
-50.0,50,1877.529509
-50.0,50,1878.565394
-44.0,50,1879.59627
-50.0,50,1880.640725
-50.0,50,1881.689816
-44.0,50,1881.853534
-50.0,50,1882.012461
-50.0,50,1882.198148
-50.0,50,1882.34662
-50.0,50,1882.544788
-50.0,50,1882.735156
-50.0,50,1882.929453
20.0,50,1883.088064
-50.0,50,1883.254587
-44.0,50,1883.446812
-50.0,50,1884.479637
-44.0,50,1885.501041
-50.0,50,1886.52028
-50.0,50,1887.543228
-50.0,50,1888.555619
20.0,50,1889.562397
-50.0,50,1890.578226
-50.0,50,1891.596415
-44.0,50,1892.626777
-50.0,50,1893.653621
-50.0,50,1894.671931
-50.0,50,1895.687391
-50.0,50,1896.697997
-50.0,50,1897.71435
-50.0,50,1898.718236
-50.0,50,1899.740489
-38.0,50,1900.783653
-50.0,50,1901.804113
-50.0,50,1902.852331
-50.0,50,1903.872666
-50.0,50,1904.93139
-50.0,50,1905.992829
-50.0,50,1907.043019
-50.0,50,1908.088317
-50.0,50,1909.118169
-13.0,50,1910.159784
-50.0,50,1911.211031
-50.0,50,1912.253864
20.0,50,1913.299223
-50.0,50,1914.342617
-44.0,50,1915.381935
-50.0,50,1916.42855
-50.0,50,1917.472837
-50.0,50,1918.518235
-50.0,50,1919.5616
-44.0,50,1920.626752
-50.0,50,1921.679052
20.0,50,1922.727328
-44.0,50,1923.777917
-50.0,50,1924.832999
-50.0,50,1925.883234
-50.0,50,1926.892774
-38.0,50,1927.946724
-50.0,50,1929.004456
-38.0,50,1930.080905
-50.0,50,1931.133523
-50.0,50,1932.188525
-50.0,50,1933.25387
20.0,50,1934.305976
-50.0,50,1935.361876
-50.0,50,1935.514095
-50.0,50,1935.677382
-50.0,50,1935.833842
-50.0,50,1935.98632
-50.0,50,1936.158679
-50.0,50,1936.316301
-50.0,50,1936.471163
-50.0,50,1936.637687
-50.0,50,1936.801023
-50.0,50,1936.965823
20.0,50,1938.012153
-50.0,50,1939.063261
-50.0,50,1940.097536
-50.0,50,1941.159297
-50.0,50,1942.222393
20.0,50,1943.290131
-50.0,50,1944.355129
-50.0,50,1945.41786
-38.0,50,1946.468519
-50.0,50,1947.53936
-50.0,50,1948.582606
-50.0,50,1949.632764
20.0,50,1950.678877
-50.0,50,1951.729033
-50.0,50,1952.78694
-50.0,50,1953.879732
-50.0,50,1954.923579
-50.0,50,1955.971632
-50.0,50,1957.030087
-50.0,50,1958.084947
20.0,50,1959.154856
-50.0,50,1960.220116
-44.0,50,1961.305614
-50.0,50,1962.359846
-50.0,50,1963.471783
-50.0,50,1964.563709
-50.0,50,1965.647929
-50.0,50,1966.650411
-50.0,50,1967.646223
-50.0,50,1968.73832
-50.0,50,1969.823867
-50.0,50,1970.918579
-50.0,50,1972.01229
-50.0,50,1973.104782
20.0,50,1974.178624
-50.0,50,1975.249094
0.0,50,1976.309978
-50.0,50,1977.369056
-50.0,50,1978.446663
-50.0,50,1979.531699
-50.0,50,1980.604736
-44.0,50,1981.698841
-50.0,50,1982.776641
-50.0,50,1983.87745
-50.0,50,1984.947326
-50.0,50,1986.0304
-50.0,50,1987.137631
-44.0,50,1988.225412
-50.0,50,1989.313978
19.0,50,1990.404848
-50.0,50,1990.553872
-50.0,50,1990.713902
-50.0,50,1990.884344
-50.0,50,1991.034494
-50.0,50,1991.211236
-50.0,50,1991.386664
-50.0,50,1991.535442
-44.0,50,1991.708097
-28.0,50,1991.855337
-50.0,50,1992.014023
-50.0,50,1993.109609
-50.0,50,1994.222416
-50.0,50,1995.323353
-50.0,50,1996.417589
-50.0,50,1997.537553
-50.0,50,1998.643427
-50.0,50,1999.755972
-50.0,50,2000.894391
-50.0,50,2001.999648
20.0,50,2003.096353
-50.0,50,2004.183445
-50.0,50,2005.301039
-50.0,50,2006.375461
-50.0,50,2007.47405
-50.0,50,2008.605553
-50.0,50,2009.736518
-50.0,50,2010.843011
-50.0,50,2011.928064
-50.0,50,2013.030396
-50.0,50,2014.132471
-50.0,50,2015.229498
-50.0,50,2016.328065
-50.0,50,2017.421811
-50.0,50,2018.501023
-50.0,50,2019.584488
-50.0,50,2020.668266
-23.0,50,2021.760884
-50.0,50,2022.88358
-50.0,50,2023.972665
-50.0,50,2025.080614
-44.0,50,2026.1674
-44.0,50,2027.252537
-50.0,50,2028.360388
-50.0,50,2029.46985
-50.0,50,2030.550994
-50.0,50,2031.645337
-50.0,50,2032.777081
-50.0,50,2033.891955
-7.0,50,2035.001335
-50.0,50,2036.097575
-50.0,50,2037.210651
20.0,50,2038.311136
-50.0,50,2039.408359
-50.0,50,2040.501679
-44.0,50,2041.632071
10.0,50,2042.770632
-50.0,50,2043.909011
-50.0,50,2045.059386
-44.0,50,2046.203781
-50.0,50,2047.36062
-44.0,50,2047.527693
-50.0,50,2047.695327
20.0,50,2047.854649
-50.0,50,2048.007515
-50.0,50,2048.161758
-44.0,50,2048.338409
-50.0,50,2048.521109
-50.0,50,2048.714108
-50.0,50,2048.909194
-50.0,50,2049.070959
-50.0,50,2050.198702
-50.0,50,2051.292954
-50.0,50,2052.415136
-38.0,50,2053.528359
-50.0,50,2054.656358
-50.0,50,2055.787206
-50.0,50,2056.925288
-50.0,50,2058.070867
-50.0,50,2059.199517
-44.0,50,2060.337214
20.0,50,2061.468576
-50.0,50,2062.578611
-50.0,50,2063.689011
-50.0,50,2064.812088
-50.0,50,2065.942168
-50.0,50,2067.06098
-44.0,50,2068.174242
-50.0,50,2069.317027
-44.0,50,2070.436792
-50.0,50,2071.53925
-50.0,50,2072.65624
-50.0,50,2073.769112
-50.0,50,2074.91248
-50.0,50,2076.049618
-50.0,50,2077.166882
-50.0,50,2078.28637
-50.0,50,2079.358985
-50.0,50,2080.412193
-38.0,50,2081.472693
-50.0,50,2082.588658
-44.0,50,2083.638328
-50.0,50,2084.675605
-50.0,50,2085.719368
-50.0,50,2086.786334
-50.0,50,2087.844005
-50.0,50,2088.967427
20.0,50,2090.110877
-50.0,50,2091.230438
-44.0,50,2092.366859
-5.0,50,2093.511945
-50.0,50,2094.66586
-50.0,50,2095.83204
-44.0,50,2096.995899
-50.0,50,2098.150875
-50.0,50,2099.270399
-50.0,50,2100.391307
-50.0,50,2101.429555
-50.0,50,2102.461344
-50.0,50,2103.497654
-50.0,50,2104.556008
-50.0,50,2104.726012
-50.0,50,2104.895091
-50.0,50,2105.048351
-50.0,50,2105.210726
-50.0,50,2105.377317
-50.0,50,2105.547245
-50.0,50,2105.708529
-50.0,50,2105.872166
-50.0,50,2106.036748
-50.0,50,2106.191833
-50.0,50,2107.251426
-50.0,50,2108.308533
-50.0,50,2109.36326
-44.0,50,2110.423411
-50.0,50,2111.483985
-50.0,50,2112.549271
-50.0,50,2113.605993
-50.0,50,2114.6741
-38.0,50,2115.748749
-44.0,50,2116.819032
-50.0,50,2117.911553
-50.0,50,2118.969869
-50.0,50,2120.013517
-50.0,50,2121.13248
-50.0,50,2122.272205
-50.0,50,2123.411461
-50.0,50,2124.551481
20.0,50,2125.684116
-50.0,50,2126.858441
-50.0,50,2128.045352
-50.0,50,2129.178905
-50.0,50,2130.317598
-50.0,50,2131.477468
-50.0,50,2132.629169
-50.0,50,2133.804227
-50.0,50,2134.972713
-50.0,50,2136.126507
-44.0,50,2137.274817
-50.0,50,2138.421562
-50.0,50,2139.581994
-50.0,50,2140.724795
-50.0,50,2141.873559
-50.0,50,2143.036501
-50.0,50,2144.173513
-44.0,50,2145.325245
-38.0,50,2146.469366
-44.0,50,2147.620442
-38.0,50,2148.775182
-38.0,50,2149.91819
-38.0,50,2151.060122
-44.0,50,2152.237933
-50.0,50,2153.407388
-50.0,50,2154.593943
12.0,50,2155.730199
-50.0,50,2156.884808
-44.0,50,2158.053396
-50.0,50,2159.212241
-38.0,50,2160.351584
-50.0,50,2161.490682
-50.0,50,2162.62222
-50.0,50,2162.777959
-50.0,50,2162.959672
-50.0,50,2163.120096
-50.0,50,2163.271734
-50.0,50,2163.420266
-44.0,50,2163.586727
-50.0,50,2163.757702
-50.0,50,2163.940241
-50.0,50,2164.100178
-50.0,50,2164.259549
-50.0,50,2165.420867
20.0,50,2166.562652
-50.0,50,2167.701136
-50.0,50,2168.839381
-50.0,50,2169.996629
-50.0,50,2171.134356
-50.0,50,2172.287591
-50.0,50,2173.461141
-50.0,50,2174.525588
-50.0,50,2175.584527
-38.0,50,2176.652152
-38.0,50,2177.765453
-50.0,50,2178.924178
-50.0,50,2180.058647
20.0,50,2181.19647
-50.0,50,2182.341787
-50.0,50,2183.471804
-50.0,50,2184.600692
-50.0,50,2185.750131
-38.0,50,2186.888067
-50.0,50,2187.957738
-50.0,50,2189.037065
-50.0,50,2190.103029
-50.0,50,2191.176305
-50.0,50,2192.338353
-50.0,50,2193.512997
-50.0,50,2194.69583
-38.0,50,2195.852129
-50.0,50,2197.040165
-50.0,50,2198.192178
-50.0,50,2199.336587
-50.0,50,2200.496364
-50.0,50,2201.639277
-50.0,50,2202.805546
-44.0,50,2203.957478
-50.0,50,2205.020507
-50.0,50,2206.09098
-50.0,50,2207.149829
-44.0,50,2208.212684
-44.0,50,2209.279782
-44.0,50,2210.37198
-22.0,50,2211.514564
-50.0,50,2212.676506
-50.0,50,2213.838089
-38.0,50,2214.988293
-44.0,50,2216.134609
-50.0,50,2217.278747
-50.0,50,2218.422241
-50.0,50,2219.550097
-50.0,50,2220.75227
-50.0,50,2220.913695
-38.0,50,2221.081048
-44.0,50,2221.254704
-50.0,50,2221.411067
-44.0,50,2221.569692
-50.0,50,2221.729918
-50.0,50,2221.916808
18.0,50,2222.078625
-50.0,50,2222.246475
-50.0,50,2222.412693
-50.0,50,2223.600868
-50.0,50,2224.759209
-38.0,50,2225.929381
-50.0,50,2227.094254
-38.0,50,2228.197944
-50.0,50,2229.362154
-50.0,50,2230.5279
-44.0,50,2231.678323
-50.0,50,2232.850387
-50.0,50,2234.032225
-50.0,50,2235.188905
-50.0,50,2236.35389
20.0,50,2237.513592
13.0,50,2238.680778
-50.0,50,2239.823308
-50.0,50,2241.002854
-50.0,50,2242.154217
-50.0,50,2243.296211
-50.0,50,2244.453749
-50.0,50,2245.600847
-50.0,50,2246.745953
-44.0,50,2247.885557
-38.0,50,2249.036482
-50.0,50,2250.174349
-50.0,50,2251.32899
-50.0,50,2252.471989
20.0,50,2253.625513
-44.0,50,2254.769575
11.0,50,2255.934356
-50.0,50,2257.088818
-50.0,50,2258.227746
-50.0,50,2259.369222
-50.0,50,2260.515596
-50.0,50,2261.654377
-50.0,50,2262.794678
-44.0,50,2263.984683
-50.0,50,2265.128752
-50.0,50,2266.26862
-50.0,50,2267.411451
-50.0,50,2268.550469
-50.0,50,2269.702168
-50.0,50,2270.847099
-50.0,50,2271.99611
-50.0,50,2273.142799
-50.0,50,2274.308368
-50.0,50,2275.45293
-50.0,50,2276.597691
-50.0,50,2277.750118
20.0,50,2278.895383
-50.0,50,2280.080451
-50.0,50,2280.236007
-50.0,50,2280.415874
-50.0,50,2280.574865
20.0,50,2280.737448
-50.0,50,2280.92108
-50.0,50,2281.091233
-44.0,50,2281.264103
-38.0,50,2281.427667
-38.0,50,2281.595395
-50.0,50,2281.758805
-38.0,50,2282.969444
-50.0,50,2284.137516
-50.0,50,2285.334569
13.0,50,2286.505795
-44.0,50,2287.671514
-50.0,50,2288.863936
20.0,50,2290.051917
-50.0,50,2291.215497
-50.0,50,2292.381465
-44.0,50,2293.531471
-50.0,50,2294.680422
-50.0,50,2295.860081
-50.0,50,2297.020141
-50.0,50,2298.166739
20.0,50,2299.309752
-50.0,50,2300.458021
-44.0,50,2301.633752
-44.0,50,2302.805326
-44.0,50,2304.012302
-38.0,50,2305.199226
-50.0,50,2306.356391
-50.0,50,2307.517377
-50.0,50,2308.707597
-44.0,50,2309.900999
-28.0,50,2311.139582
-50.0,50,2312.295329
-44.0,50,2313.441368
-50.0,50,2314.589513
-44.0,50,2315.747182
-50.0,50,2316.90343
-50.0,50,2318.065616
-50.0,50,2319.244473
-50.0,50,2320.392657
-38.0,50,2321.559181
-44.0,50,2322.748092
-50.0,50,2323.911916
-38.0,50,2325.069362
-50.0,50,2326.240885
-38.0,50,2327.43355
-38.0,50,2328.535201
-50.0,50,2329.634287
-50.0,50,2330.736515
-50.0,50,2331.832365
-50.0,50,2332.926477
-50.0,50,2334.021265
-50.0,50,2335.230691
-50.0,50,2336.41429
-23.0,50,2337.598999
-50.0,50,2338.772125
-50.0,50,2339.948221
-50.0,50,2340.117079
20.0,50,2340.280453
-50.0,50,2340.452445
-38.0,50,2340.623096
-50.0,50,2340.781742
-50.0,50,2340.947812
-44.0,50,2341.109603
-44.0,50,2341.308026
-50.0,50,2341.463398
