# {"t_start": 1587327347.5348525, "env_id": "FetchPickAndPlace-v1"} 
r,l,t
-50.0,50,2.370303
-50.0,50,3.34109
-50.0,50,4.2586
-50.0,50,5.175005
-50.0,50,6.102401
-50.0,50,7.011508
-50.0,50,7.912438
-50.0,50,8.834649
-50.0,50,9.784647
-50.0,50,10.70288
-50.0,50,11.605335
-50.0,50,12.550916
-50.0,50,13.546458
-50.0,50,14.487182
-50.0,50,15.483714
-50.0,50,16.440192
-50.0,50,17.413414
-50.0,50,18.405183
-50.0,50,19.344299
-50.0,50,20.28945
-50.0,50,21.261068
-50.0,50,21.435505
-50.0,50,21.608348
-50.0,50,21.764748
-50.0,50,21.929279
-50.0,50,22.088197
-50.0,50,22.258577
-50.0,50,22.422393
-50.0,50,22.586706
-50.0,50,22.743976
0.0,50,22.932061
-50.0,50,23.822017
-50.0,50,24.693237
-50.0,50,25.621279
-50.0,50,26.524508
0.0,50,27.424927
-50.0,50,28.34846
-50.0,50,29.292322
-50.0,50,30.218351
-50.0,50,31.144737
-50.0,50,32.062033
-50.0,50,32.975702
-50.0,50,33.89562
-50.0,50,34.813273
-50.0,50,35.733716
-50.0,50,36.662447
-50.0,50,37.593741
0.0,50,38.615714
-50.0,50,39.61247
-50.0,50,40.583864
-50.0,50,41.527442
-50.0,50,41.680705
-50.0,50,41.831691
-50.0,50,42.005666
-50.0,50,42.161273
-50.0,50,42.326477
-50.0,50,42.490488
-50.0,50,42.650359
-50.0,50,42.811968
-50.0,50,42.997847
-50.0,50,43.158856
-50.0,50,44.132508
-50.0,50,45.145915
-50.0,50,46.13807
-50.0,50,47.061165
-50.0,50,47.988139
-50.0,50,48.945488
-50.0,50,49.912322
-50.0,50,50.877005
-50.0,50,51.855534
-50.0,50,52.86327
-50.0,50,53.900238
-50.0,50,54.860406
-50.0,50,55.83016
-50.0,50,56.796733
-50.0,50,57.750849
-50.0,50,58.736954
-50.0,50,59.705436
-50.0,50,60.64916
-50.0,50,61.596495
-50.0,50,62.570908
-50.0,50,62.732877
-50.0,50,62.893326
-50.0,50,63.051181
-50.0,50,63.222232
-50.0,50,63.389001
-50.0,50,63.544278
-50.0,50,63.71333
-50.0,50,63.874275
-50.0,50,64.03678
-50.0,50,64.194699
-50.0,50,65.156642
-50.0,50,66.239947
-50.0,50,67.26179
-50.0,50,68.256634
-50.0,50,69.230134
-50.0,50,70.190415
-50.0,50,71.159095
-50.0,50,72.153526
-50.0,50,73.122158
-50.0,50,74.088064
-50.0,50,75.072961
-50.0,50,76.075325
-50.0,50,77.022976
-50.0,50,77.939736
-50.0,50,78.936748
-50.0,50,79.909585
-50.0,50,80.870024
-50.0,50,81.846268
-50.0,50,82.828605
-50.0,50,83.807458
-50.0,50,83.970334
-50.0,50,84.12768
-50.0,50,84.286586
-50.0,50,84.45855
-50.0,50,84.624686
-50.0,50,84.789455
-50.0,50,84.942287
-50.0,50,85.105898
-50.0,50,85.272213
-50.0,50,85.446904
-50.0,50,86.419374
-50.0,50,87.377085
-50.0,50,88.365632
-50.0,50,89.341423
-50.0,50,90.30425
-50.0,50,91.255896
-50.0,50,92.22541
-50.0,50,93.19226
-50.0,50,94.153122
-50.0,50,95.136289
-50.0,50,96.105654
0.0,50,97.084787
-50.0,50,98.021884
-50.0,50,98.934571
-50.0,50,99.832391
-50.0,50,100.729083
-50.0,50,101.633312
-50.0,50,102.530796
-50.0,50,103.481475
-50.0,50,104.443491
-50.0,50,104.60298
-50.0,50,104.757116
-50.0,50,104.910697
-50.0,50,105.064659
-50.0,50,105.222123
-50.0,50,105.391353
-50.0,50,105.55023
-50.0,50,105.710826
-50.0,50,105.86791
-50.0,50,106.025104
-50.0,50,107.001848
-50.0,50,107.961491
-50.0,50,108.934098
-50.0,50,109.900594
-50.0,50,110.880305
-50.0,50,111.857981
-50.0,50,112.822438
-50.0,50,113.787124
-50.0,50,114.758775
-50.0,50,115.727853
-50.0,50,116.701689
-50.0,50,117.645888
-50.0,50,118.610416
-50.0,50,119.582203
-50.0,50,120.529392
-50.0,50,121.481797
-50.0,50,122.448916
-50.0,50,123.410123
-50.0,50,124.364717
-50.0,50,125.349034
-50.0,50,125.505475
-50.0,50,125.672334
-50.0,50,125.819513
-50.0,50,125.977906
0.0,50,126.131943
-50.0,50,126.303786
-50.0,50,126.4626
-50.0,50,126.630192
0.0,50,126.799629
-50.0,50,126.955384
-50.0,50,127.93617
-50.0,50,128.908364
-50.0,50,129.892766
-50.0,50,130.862605
-50.0,50,131.83836
0.0,50,132.837299
-50.0,50,133.833467
-50.0,50,134.831003
-50.0,50,135.823048
-50.0,50,136.82295
-50.0,50,137.818571
-50.0,50,138.813654
-50.0,50,139.822226
-50.0,50,140.874969
-50.0,50,141.957078
-50.0,50,143.012655
-50.0,50,144.015261
-50.0,50,145.080574
-50.0,50,146.089424
-50.0,50,147.133889
-50.0,50,147.289574
-50.0,50,147.455868
-50.0,50,147.626597
-50.0,50,147.799833
-50.0,50,147.982088
-50.0,50,148.162934
-50.0,50,148.331172
-50.0,50,148.50808
-50.0,50,148.677145
-50.0,50,148.84321
-50.0,50,149.854783
-50.0,50,150.871462
-50.0,50,151.82988
0.0,50,152.839129
-50.0,50,153.838257
-50.0,50,154.84712
-50.0,50,155.915352
-50.0,50,156.980721
-50.0,50,157.982447
-50.0,50,158.968194
-50.0,50,159.963266
-26.0,50,160.966341
-50.0,50,161.983154
-50.0,50,162.997332
-50.0,50,164.004105
-50.0,50,165.017882
-50.0,50,166.035433
-50.0,50,167.048121
-50.0,50,168.0411
-50.0,50,169.044688
-50.0,50,169.209092
-50.0,50,169.362891
-50.0,50,169.53129
-50.0,50,169.712192
-50.0,50,169.886912
-50.0,50,170.042037
-50.0,50,170.195892
-50.0,50,170.360646
-50.0,50,170.511538
-50.0,50,170.671708
-50.0,50,171.683834
-50.0,50,172.689224
-50.0,50,173.753066
-50.0,50,174.78012
-50.0,50,175.830158
-50.0,50,176.854987
-50.0,50,177.879705
-50.0,50,178.890246
-50.0,50,181.689964
-50.0,50,182.735106
-50.0,50,183.750846
-50.0,50,184.76632
-50.0,50,185.778122
-50.0,50,186.881834
-50.0,50,187.923098
-50.0,50,188.968798
-50.0,50,190.030425
-50.0,50,191.07753
-50.0,50,192.116405
-50.0,50,193.209527
-50.0,50,193.394239
-50.0,50,193.545449
-50.0,50,193.725239
-50.0,50,193.898421
-50.0,50,194.056653
-50.0,50,194.21476
-50.0,50,194.374108
-50.0,50,194.548994
-50.0,50,194.716287
-50.0,50,194.879844
-50.0,50,195.924226
-50.0,50,196.955108
-50.0,50,198.021764
-50.0,50,199.102041
-50.0,50,200.186525
-50.0,50,201.240372
-50.0,50,202.281746
-50.0,50,203.398375
-50.0,50,204.485492
-50.0,50,205.673356
-50.0,50,206.812998
-50.0,50,207.875362
-50.0,50,209.101826
-50.0,50,210.182136
-50.0,50,211.235768
-50.0,50,212.310714
-50.0,50,213.396809
-50.0,50,214.435332
-50.0,50,215.492412
-50.0,50,216.510643
-50.0,50,216.675342
-50.0,50,216.851002
-50.0,50,217.01854
-50.0,50,217.186522
-50.0,50,217.360054
-50.0,50,217.516574
-50.0,50,217.670681
-50.0,50,217.829522
-50.0,50,217.983521
-50.0,50,218.152994
-50.0,50,219.207461
-50.0,50,220.288834
-50.0,50,221.413704
-50.0,50,222.47766
-50.0,50,223.548993
-50.0,50,224.660172
-50.0,50,225.707155
-50.0,50,226.782563
-50.0,50,227.833899
-50.0,50,228.873666
-50.0,50,229.913744
-50.0,50,230.977055
-50.0,50,232.059526
-50.0,50,233.129465
-50.0,50,234.234694
-50.0,50,235.266283
-50.0,50,236.356427
-50.0,50,237.411363
-50.0,50,238.504091
-50.0,50,239.558427
-50.0,50,239.723222
-50.0,50,239.899251
-50.0,50,240.103491
-50.0,50,240.33756
-50.0,50,240.527262
-50.0,50,240.733063
-50.0,50,240.926036
-50.0,50,241.100982
-50.0,50,241.268092
-50.0,50,241.446343
-50.0,50,242.545308
-50.0,50,243.609755
-50.0,50,244.684238
-50.0,50,245.793005
-50.0,50,246.861632
-50.0,50,247.952053
-50.0,50,249.036063
-50.0,50,250.210994
-50.0,50,251.354671
-50.0,50,252.47923
-50.0,50,253.584795
0.0,50,254.753911
-50.0,50,255.961441
-50.0,50,257.057542
-50.0,50,258.139824
-50.0,50,259.220556
-50.0,50,260.284318
-50.0,50,261.390122
-50.0,50,262.521142
-50.0,50,263.637693
-50.0,50,263.797829
-50.0,50,263.965051
-50.0,50,264.126284
-50.0,50,264.297999
-50.0,50,264.456596
-50.0,50,264.642766
-50.0,50,264.808128
-50.0,50,264.964251
-50.0,50,265.115773
-50.0,50,265.275017
-50.0,50,266.314937
-50.0,50,267.389358
-50.0,50,271.480448
-50.0,50,273.134503
-50.0,50,274.284573
-50.0,50,275.421918
-50.0,50,276.570743
-50.0,50,277.782103
-50.0,50,281.246487
-50.0,50,284.089504
-50.0,50,285.244792
-50.0,50,286.317637
-50.0,50,287.431664
-50.0,50,288.526432
-50.0,50,289.579885
-50.0,50,290.677965
-50.0,50,291.753859
-50.0,50,292.814335
-50.0,50,293.896386
-50.0,50,294.980277
-50.0,50,295.149927
-50.0,50,295.316711
-50.0,50,295.481594
-50.0,50,295.643748
-50.0,50,295.809641
-50.0,50,295.985124
-50.0,50,296.133139
-50.0,50,296.289051
-50.0,50,296.445412
-50.0,50,296.602584
-50.0,50,297.68905
-50.0,50,298.774887
-50.0,50,299.89421
-50.0,50,300.984977
-50.0,50,302.131921
-50.0,50,303.229873
-50.0,50,304.409744
-50.0,50,305.549476
-50.0,50,306.767385
-50.0,50,307.927466
-50.0,50,309.072168
-50.0,50,310.173291
-50.0,50,311.280247
-50.0,50,312.508812
-50.0,50,313.761289
-50.0,50,314.887266
-50.0,50,315.998402
0.0,50,317.170223
-50.0,50,318.334076
-50.0,50,319.658465
-50.0,50,319.876112
-50.0,50,320.081663
-50.0,50,320.281761
-50.0,50,320.515199
-50.0,50,320.748809
-50.0,50,320.910028
-50.0,50,321.079106
-50.0,50,321.288708
-50.0,50,321.525573
-50.0,50,321.725801
-50.0,50,323.0411
-50.0,50,324.164051
-50.0,50,325.242692
-50.0,50,326.325369
-50.0,50,327.601336
-50.0,50,328.928628
-50.0,50,330.274232
-50.0,50,331.403871
-50.0,50,332.555485
-50.0,50,333.646437
-50.0,50,334.742301
-50.0,50,335.846995
-50.0,50,336.947587
0.0,50,338.114586
-50.0,50,339.20773
-50.0,50,340.394011
-50.0,50,341.601383
-50.0,50,342.679368
-50.0,50,343.825803
-50.0,50,345.064085
-50.0,50,345.235844
-50.0,50,345.399396
-50.0,50,345.561393
-50.0,50,345.74804
-50.0,50,345.917302
-50.0,50,346.083202
-50.0,50,346.261266
-50.0,50,346.445949
-50.0,50,346.608279
-50.0,50,346.768446
-50.0,50,347.891638
-50.0,50,349.133182
-50.0,50,350.505785
-50.0,50,351.879142
-50.0,50,353.100998
-50.0,50,354.323656
-50.0,50,355.570005
-50.0,50,356.956696
-50.0,50,358.091113
-50.0,50,359.201809
-50.0,50,360.329622
-50.0,50,361.55208
-50.0,50,362.730702
-50.0,50,363.839635
-50.0,50,364.965911
-50.0,50,366.149828
-50.0,50,367.298821
-50.0,50,368.477036
-50.0,50,369.585392
-50.0,50,370.767887
-50.0,50,370.93367
-50.0,50,371.101635
-50.0,50,371.279202
-50.0,50,371.458309
-50.0,50,371.649448
-50.0,50,371.813467
-50.0,50,371.991174
-50.0,50,372.176561
-50.0,50,372.353887
-50.0,50,372.540547
-50.0,50,373.671689
-50.0,50,374.801761
-50.0,50,375.92802
-50.0,50,377.026237
0.0,50,378.109595
-50.0,50,379.156097
-50.0,50,380.314046
-50.0,50,381.435864
-50.0,50,382.540974
-50.0,50,383.683475
-50.0,50,384.786673
-50.0,50,385.881082
-50.0,50,387.019601
-50.0,50,388.117774
-50.0,50,389.246622
-14.0,50,390.38719
0.0,50,391.514572
-50.0,50,392.725224
-50.0,50,393.908443
-50.0,50,394.984712
-50.0,50,395.161253
-50.0,50,395.316315
-50.0,50,395.477058
-50.0,50,395.677144
-50.0,50,395.83943
-50.0,50,396.030989
-50.0,50,396.23607
-50.0,50,396.427423
-50.0,50,396.610689
-50.0,50,396.802793
-50.0,50,397.968926
-50.0,50,399.206854
-50.0,50,400.34715
-50.0,50,401.459674
-50.0,50,402.597177
-50.0,50,403.710931
-50.0,50,404.876741
-50.0,50,406.07894
-50.0,50,407.295909
-50.0,50,408.45368
0.0,50,409.633177
-50.0,50,410.811176
-50.0,50,411.938171
-50.0,50,413.285289
-50.0,50,414.621577
-50.0,50,415.853708
-50.0,50,417.036722
-50.0,50,418.204771
-50.0,50,419.342646
-50.0,50,420.471216
-50.0,50,420.654475
-50.0,50,420.815093
-50.0,50,420.978649
-50.0,50,421.153373
-50.0,50,421.307763
-50.0,50,421.483195
-50.0,50,421.636152
0.0,50,421.868326
-50.0,50,422.094162
-50.0,50,422.305403
-50.0,50,423.520222
-50.0,50,424.727476
-50.0,50,425.772422
-50.0,50,426.897971
-50.0,50,428.154452
-50.0,50,429.323182
-50.0,50,430.646432
-50.0,50,431.858781
0.0,50,432.996926
-50.0,50,434.129326
-50.0,50,435.370192
0.0,50,436.541752
-50.0,50,437.656391
-50.0,50,438.770007
-50.0,50,439.906879
-50.0,50,441.033144
-50.0,50,442.164485
-50.0,50,443.257536
-50.0,50,444.368324
-50.0,50,445.527145
-50.0,50,445.761877
-50.0,50,445.940907
-50.0,50,446.100671
-50.0,50,446.287054
-50.0,50,446.458878
-50.0,50,446.608877
-50.0,50,446.789317
-50.0,50,446.972212
-50.0,50,447.147181
-50.0,50,447.315653
-50.0,50,448.417238
0.0,50,449.512686
-50.0,50,450.626895
-50.0,50,451.760949
-50.0,50,452.906633
-50.0,50,454.032088
-50.0,50,455.205468
-50.0,50,456.405781
-50.0,50,457.613047
-50.0,50,458.709928
-50.0,50,459.812804
-50.0,50,463.839337
-50.0,50,465.542197
-50.0,50,466.714762
-50.0,50,467.838682
-50.0,50,468.995987
-50.0,50,470.125818
-50.0,50,471.219355
-50.0,50,472.274263
-50.0,50,473.339582
0.0,50,473.530471
-50.0,50,473.789531
-50.0,50,473.985376
-50.0,50,474.166443
-50.0,50,474.33639
-50.0,50,474.513543
0.0,50,474.689398
-50.0,50,474.893342
-50.0,50,475.073594
-50.0,50,475.238182
-50.0,50,476.428178
-50.0,50,477.592604
-50.0,50,478.723997
-50.0,50,479.841369
-50.0,50,481.001404
-50.0,50,482.163542
-50.0,50,483.330562
0.0,50,484.45265
-50.0,50,485.63597
-50.0,50,486.804933
-50.0,50,487.944113
-50.0,50,489.062151
-50.0,50,490.330773
-50.0,50,491.457448
-50.0,50,492.606063
-50.0,50,493.782612
-50.0,50,494.874683
-50.0,50,496.041906
-50.0,50,497.145675
-50.0,50,498.313178
-50.0,50,498.485156
-50.0,50,498.670305
-50.0,50,498.83906
-50.0,50,499.06692
-50.0,50,499.255809
-50.0,50,499.417654
-50.0,50,499.582445
-50.0,50,499.783379
-50.0,50,499.960811
-50.0,50,500.126507
-50.0,50,501.358943
-50.0,50,502.471754
-50.0,50,503.639364
-50.0,50,504.809481
-50.0,50,505.970633
-50.0,50,507.267285
-50.0,50,508.525627
-50.0,50,509.706622
-50.0,50,510.88495
-50.0,50,512.024128
-50.0,50,513.20143
-50.0,50,514.341275
-50.0,50,515.500193
-50.0,50,516.694711
-50.0,50,517.815332
-50.0,50,518.955785
-50.0,50,520.175633
-50.0,50,521.347798
-50.0,50,522.515986
-50.0,50,523.772155
-50.0,50,523.984689
-50.0,50,524.137869
-50.0,50,524.320537
-50.0,50,524.482574
-50.0,50,524.66535
-50.0,50,524.865319
-50.0,50,525.030602
-50.0,50,525.207906
-50.0,50,525.411494
-50.0,50,525.58349
-50.0,50,526.769756
-50.0,50,527.903561
-50.0,50,529.055592
-50.0,50,530.21626
-50.0,50,531.330154
-50.0,50,532.475036
-50.0,50,533.64253
-50.0,50,534.764656
-50.0,50,535.941754
-50.0,50,537.069538
-50.0,50,538.239861
-50.0,50,539.349408
-50.0,50,540.47262
-50.0,50,541.607725
-50.0,50,542.737378
-50.0,50,543.915616
-50.0,50,545.026619
-50.0,50,546.171629
-50.0,50,547.301238
-50.0,50,548.468381
-50.0,50,548.680544
-50.0,50,548.846541
-50.0,50,549.018181
-50.0,50,549.216505
-50.0,50,549.3961
0.0,50,549.577227
-50.0,50,549.75473
-50.0,50,549.93389
-50.0,50,550.152228
-50.0,50,550.329457
-50.0,50,551.435626
-50.0,50,552.547657
-50.0,50,553.63202
-50.0,50,554.7134
-50.0,50,555.854162
-50.0,50,556.996296
-50.0,50,558.06961
-50.0,50,559.16661
0.0,50,560.295386
-50.0,50,561.400994
-50.0,50,562.484691
-50.0,50,563.615638
-50.0,50,564.901452
-50.0,50,566.030344
-50.0,50,567.179512
-50.0,50,568.428146
-50.0,50,569.546541
-50.0,50,570.688924
-50.0,50,571.833731
-50.0,50,573.010756
-50.0,50,573.199287
-50.0,50,573.357378
-50.0,50,573.523468
-50.0,50,573.703589
-50.0,50,573.860128
-50.0,50,574.0229
-50.0,50,574.217121
-50.0,50,574.425156
-50.0,50,574.632072
0.0,50,574.803296
-50.0,50,575.965177
-50.0,50,577.139472
-50.0,50,578.316494
-50.0,50,579.51495
-50.0,50,580.68445
-50.0,50,581.801086
-50.0,50,583.007351
-50.0,50,584.131728
-50.0,50,585.265969
-50.0,50,586.365307
-50.0,50,587.49113
-50.0,50,588.617762
-50.0,50,589.760791
-50.0,50,590.944973
-50.0,50,592.107618
-50.0,50,593.273337
-50.0,50,594.423651
-50.0,50,595.650281
-50.0,50,596.84015
-50.0,50,597.999131
-50.0,50,598.181259
-50.0,50,598.410253
-50.0,50,598.634792
-50.0,50,598.829892
-50.0,50,599.09292
-50.0,50,599.260646
-50.0,50,599.455697
-50.0,50,599.658459
-50.0,50,599.831415
-50.0,50,600.008642
-50.0,50,601.173734
-50.0,50,602.338182
-50.0,50,603.46452
-50.0,50,604.58803
-50.0,50,605.717578
-50.0,50,606.879439
-50.0,50,608.087777
-50.0,50,609.258454
-50.0,50,610.375214
-50.0,50,611.522268
-50.0,50,612.769108
-50.0,50,613.906714
-50.0,50,615.159969
-50.0,50,616.422187
-50.0,50,617.70414
-50.0,50,618.867487
-50.0,50,620.064872
-50.0,50,621.235397
-50.0,50,622.462715
-50.0,50,623.663515
-50.0,50,623.875916
-50.0,50,624.10394
-50.0,50,624.297621
-50.0,50,624.463839
-50.0,50,624.662903
-50.0,50,624.848572
-50.0,50,625.093662
-50.0,50,625.293431
0.0,50,625.518179
-50.0,50,625.675579
-50.0,50,626.83809
-50.0,50,627.989456
-50.0,50,629.175816
-50.0,50,630.283759
-50.0,50,631.42846
-50.0,50,632.545423
-50.0,50,633.703266
-50.0,50,634.871026
-50.0,50,636.01787
-50.0,50,637.176113
-50.0,50,638.320407
-50.0,50,639.472133
-50.0,50,640.655328
-50.0,50,641.845662
-50.0,50,643.045223
-50.0,50,644.138827
-50.0,50,645.33485
-50.0,50,646.583383
-50.0,50,647.725969
-50.0,50,648.800052
-50.0,50,648.980403
-50.0,50,649.157821
-50.0,50,649.33461
-50.0,50,649.546654
-50.0,50,649.71509
-50.0,50,649.890651
-50.0,50,650.069805
-50.0,50,650.251743
-50.0,50,650.42126
-50.0,50,650.599992
-50.0,50,651.764129
-50.0,50,652.946694
-50.0,50,654.053291
-50.0,50,655.152201
-50.0,50,656.276282
-50.0,50,657.403906
-50.0,50,658.60985
-50.0,50,659.765366
-50.0,50,660.946945
-50.0,50,662.113755
-50.0,50,663.272781
-50.0,50,664.448798
-50.0,50,665.654643
-50.0,50,666.774986
-50.0,50,667.909968
-50.0,50,669.035881
-50.0,50,670.130826
-50.0,50,671.250647
-50.0,50,672.395341
-50.0,50,673.564746
-50.0,50,673.758878
-50.0,50,673.926083
-50.0,50,674.103213
-50.0,50,674.266847
-50.0,50,674.438376
-50.0,50,674.614079
-50.0,50,674.771844
-50.0,50,674.961404
-50.0,50,675.14446
-50.0,50,675.359057
-50.0,50,676.549695
-50.0,50,677.70152
-50.0,50,678.860738
-50.0,50,680.055904
-50.0,50,681.254084
-50.0,50,682.39488
-50.0,50,683.585285
-50.0,50,684.720309
-50.0,50,686.222764
-50.0,50,690.414778
-50.0,50,692.457243
-50.0,50,693.658881
-50.0,50,694.845517
-50.0,50,696.213421
-50.0,50,697.483277
-50.0,50,698.715233
-50.0,50,699.949378
-50.0,50,701.205516
-50.0,50,702.4516
-50.0,50,703.743169
-50.0,50,703.978093
-50.0,50,704.149518
-50.0,50,704.335093
0.0,50,704.507822
-50.0,50,704.730143
-50.0,50,704.97345
-50.0,50,705.163523
-50.0,50,705.36056
-50.0,50,705.585281
0.0,50,705.792129
-50.0,50,707.076626
-50.0,50,708.323349
-50.0,50,709.578956
-50.0,50,710.846256
-50.0,50,712.069521
-50.0,50,713.293654
-50.0,50,714.523441
-50.0,50,715.650539
-50.0,50,716.759403
-50.0,50,717.962939
-50.0,50,719.109731
-50.0,50,720.273679
-50.0,50,721.449151
-50.0,50,722.628211
-50.0,50,723.758128
-50.0,50,724.930706
-50.0,50,726.098467
-50.0,50,727.280509
-50.0,50,728.486863
-50.0,50,729.814716
-50.0,50,730.022603
-50.0,50,730.214424
0.0,50,730.439151
-50.0,50,730.640703
-50.0,50,730.809972
-50.0,50,730.97131
-50.0,50,731.136503
0.0,50,731.294561
-50.0,50,731.504997
-50.0,50,731.670647
-50.0,50,732.810809
-50.0,50,733.948804
-50.0,50,735.09832
-50.0,50,736.253407
-50.0,50,737.409806
-50.0,50,738.613999
-50.0,50,739.857
-50.0,50,741.03095
-50.0,50,742.231594
-50.0,50,743.430923
-50.0,50,744.68408
-50.0,50,745.890949
-50.0,50,747.041481
-50.0,50,748.186562
-50.0,50,749.311941
-50.0,50,750.428349
-50.0,50,751.651472
-50.0,50,752.879593
-50.0,50,754.105209
-50.0,50,755.296326
-50.0,50,755.488767
-50.0,50,755.680759
-50.0,50,755.856393
-50.0,50,756.027013
-50.0,50,756.207615
-50.0,50,756.37834
-50.0,50,756.596441
-50.0,50,756.812308
-50.0,50,756.981543
-50.0,50,757.144415
-50.0,50,758.284616
-50.0,50,759.637604
-50.0,50,760.98429
-50.0,50,762.207571
-50.0,50,763.385679
-50.0,50,764.632127
-50.0,50,765.790149
-50.0,50,767.041091
-50.0,50,768.218073
-50.0,50,769.355617
-50.0,50,770.492638
-50.0,50,771.767647
-50.0,50,772.972616
-50.0,50,774.141994
-50.0,50,775.328194
-50.0,50,776.529412
-50.0,50,777.715374
-50.0,50,778.88536
-50.0,50,780.021309
-50.0,50,781.212995
-50.0,50,781.403591
-50.0,50,781.570502
-50.0,50,781.741385
-50.0,50,781.907689
-50.0,50,782.077202
-50.0,50,782.226368
-50.0,50,782.409826
-50.0,50,782.595221
-50.0,50,782.779219
-50.0,50,782.95698
-50.0,50,784.171774
-50.0,50,785.358824
-50.0,50,786.486698
-50.0,50,787.661399
-50.0,50,789.08272
-50.0,50,790.27009
-50.0,50,791.46186
-50.0,50,792.627516
-50.0,50,793.923986
-50.0,50,795.341404
-27.0,50,796.525935
-50.0,50,797.653439
-50.0,50,798.920006
-50.0,50,800.060652
-50.0,50,801.262437
-50.0,50,802.487476
-50.0,50,803.66365
-50.0,50,804.860959
-50.0,50,806.096127
-50.0,50,807.2613
-50.0,50,807.445166
-50.0,50,807.616435
-50.0,50,807.794767
-50.0,50,807.971484
-50.0,50,808.125638
-50.0,50,808.275856
-50.0,50,808.459836
-50.0,50,808.665433
-50.0,50,808.880054
-50.0,50,809.081673
-50.0,50,810.235811
-50.0,50,811.376773
-50.0,50,812.693888
-50.0,50,813.836039
0.0,50,814.989125
-50.0,50,816.137586
-50.0,50,817.29737
-50.0,50,818.480473
-50.0,50,819.655813
-50.0,50,820.847619
-50.0,50,822.048812
-50.0,50,823.219352
-50.0,50,824.375705
-50.0,50,825.498703
-50.0,50,826.684041
-50.0,50,827.801999
-50.0,50,828.904015
-50.0,50,830.018946
-50.0,50,831.1483
-50.0,50,832.267695
-50.0,50,832.478873
-50.0,50,832.679281
-50.0,50,832.893491
-50.0,50,833.082448
-50.0,50,833.256669
-50.0,50,833.438347
-50.0,50,833.622389
0.0,50,833.82539
-50.0,50,833.999492
-50.0,50,834.169709
-50.0,50,835.369473
-50.0,50,836.528416
-50.0,50,837.714499
-50.0,50,838.895414
-50.0,50,840.087258
-50.0,50,841.261154
-50.0,50,842.409753
-50.0,50,843.515464
-50.0,50,844.732056
-50.0,50,845.901773
-50.0,50,847.033041
-50.0,50,848.217715
-50.0,50,849.41036
-50.0,50,850.615854
-50.0,50,851.912833
-50.0,50,853.099571
-50.0,50,854.308535
-50.0,50,855.508809
-50.0,50,856.708465
-50.0,50,857.919952
-50.0,50,858.13584
-50.0,50,858.337272
-50.0,50,858.524219
-50.0,50,858.706939
-50.0,50,858.894481
-50.0,50,859.083784
-50.0,50,859.24337
-50.0,50,859.428141
-50.0,50,859.629094
-50.0,50,859.839136
-50.0,50,860.986283
-50.0,50,862.074717
-50.0,50,863.181364
-50.0,50,864.268329
-50.0,50,865.293604
-50.0,50,866.404408
-50.0,50,867.512354
-50.0,50,868.633961
-50.0,50,869.808151
-50.0,50,870.993308
-50.0,50,872.156777
-50.0,50,873.405522
-50.0,50,874.676948
-50.0,50,875.883496
-50.0,50,877.090957
-50.0,50,878.314956
-50.0,50,879.63462
-50.0,50,880.871272
-50.0,50,882.073591
-50.0,50,883.371868
-50.0,50,883.575097
-50.0,50,883.790591
-50.0,50,883.973588
-50.0,50,884.177274
-50.0,50,884.350057
-50.0,50,884.543003
-50.0,50,884.784067
-50.0,50,885.021482
-50.0,50,885.215796
-50.0,50,885.395755
-50.0,50,886.582955
-50.0,50,887.761784
-50.0,50,888.890918
-6.0,50,890.019366
-50.0,50,891.167778
-50.0,50,892.271671
-50.0,50,893.39961
-50.0,50,894.541246
-50.0,50,895.667963
-50.0,50,896.822657
-50.0,50,897.930488
-50.0,50,899.074001
-50.0,50,900.19518
-50.0,50,901.289054
-50.0,50,902.39794
-50.0,50,903.506929
-50.0,50,904.656299
-50.0,50,907.137867
-50.0,50,911.286726
-50.0,50,912.524603
-50.0,50,912.723463
-50.0,50,912.899379
-50.0,50,913.093371
-50.0,50,913.298067
-50.0,50,913.492255
-50.0,50,913.67434
-50.0,50,913.880763
-50.0,50,914.060366
-50.0,50,914.25033
-50.0,50,914.468176
-50.0,50,915.67606
-50.0,50,916.88409
-50.0,50,918.073716
-50.0,50,919.168049
-50.0,50,920.402275
-50.0,50,921.627458
-50.0,50,922.850593
-50.0,50,924.049213
-50.0,50,925.266819
-50.0,50,926.480213
-50.0,50,927.662828
-50.0,50,928.85153
-50.0,50,930.065705
-50.0,50,931.268513
-50.0,50,932.480796
-50.0,50,933.589752
-50.0,50,934.699982
-50.0,50,935.812924
-50.0,50,936.908993
-50.0,50,938.018809
-50.0,50,938.168673
-50.0,50,938.349468
-50.0,50,938.526487
-50.0,50,938.702936
-50.0,50,938.895081
-50.0,50,939.05019
-50.0,50,939.22553
-50.0,50,939.39123
-50.0,50,939.5645
-50.0,50,939.758687
-50.0,50,940.819819
-50.0,50,941.92793
-50.0,50,943.049787
-50.0,50,944.199282
-50.0,50,945.308839
-50.0,50,946.431172
-50.0,50,947.563874
-50.0,50,948.713501
-50.0,50,949.863568
-50.0,50,951.011032
-50.0,50,952.16086
-50.0,50,953.277004
-50.0,50,954.58074
-50.0,50,955.9182
-50.0,50,957.322727
-50.0,50,958.63697
-50.0,50,960.04
-50.0,50,961.412842
-50.0,50,962.819796
-50.0,50,964.166253
-50.0,50,964.447391
-50.0,50,964.72052
-50.0,50,964.937173
-50.0,50,965.134356
-50.0,50,965.339993
-36.0,50,965.592484
-50.0,50,965.840806
-50.0,50,966.097823
-50.0,50,966.333832
0.0,50,966.559505
-50.0,50,967.813485
-50.0,50,969.092366
-50.0,50,970.318874
-50.0,50,971.569095
-50.0,50,972.722739
-50.0,50,974.047076
-50.0,50,975.194626
-50.0,50,976.353839
-50.0,50,977.585845
-50.0,50,978.790823
-50.0,50,980.1011
-50.0,50,981.478526
-50.0,50,982.825719
-50.0,50,984.121154
-27.0,50,985.532357
-50.0,50,986.926506
-50.0,50,988.311291
-50.0,50,989.681984
-50.0,50,991.066319
-50.0,50,992.378394
-50.0,50,992.560232
-50.0,50,992.731061
-6.0,50,992.905818
-50.0,50,993.085394
-50.0,50,993.282206
-28.0,50,993.460451
-50.0,50,993.660574
-50.0,50,993.827156
-50.0,50,993.997047
-50.0,50,994.172256
-50.0,50,995.279166
-50.0,50,996.422958
-8.0,50,997.569851
-50.0,50,998.673953
-50.0,50,999.799619
-50.0,50,1000.933776
-50.0,50,1002.048238
-50.0,50,1003.177633
-50.0,50,1004.300161
-50.0,50,1005.467328
-50.0,50,1006.640073
-50.0,50,1007.849477
-50.0,50,1009.02696
-50.0,50,1010.194597
-50.0,50,1011.375733
-50.0,50,1012.557604
-50.0,50,1013.754333
-50.0,50,1014.886833
-50.0,50,1016.053356
-50.0,50,1017.24049
-50.0,50,1017.448618
-50.0,50,1017.653162
-50.0,50,1017.838946
-50.0,50,1018.036057
-40.0,50,1018.240406
-50.0,50,1018.402786
-50.0,50,1018.572725
-50.0,50,1018.748903
-50.0,50,1018.94475
-50.0,50,1019.104537
-50.0,50,1020.280946
-50.0,50,1021.464334
-50.0,50,1022.637625
-50.0,50,1023.819557
-50.0,50,1025.018732
-50.0,50,1026.231411
-50.0,50,1027.478954
-50.0,50,1028.603508
-50.0,50,1029.81812
-50.0,50,1031.079367
-50.0,50,1032.283537
-50.0,50,1033.470569
-50.0,50,1034.632798
-50.0,50,1035.756428
-50.0,50,1036.945204
-50.0,50,1038.127485
-50.0,50,1039.486357
-50.0,50,1040.684178
-50.0,50,1041.849712
-50.0,50,1042.974405
-50.0,50,1043.142436
-50.0,50,1043.30647
-50.0,50,1043.496586
-50.0,50,1043.653786
-50.0,50,1043.827797
-50.0,50,1044.02388
-50.0,50,1044.202809
0.0,50,1044.387214
-50.0,50,1044.564771
-50.0,50,1044.75315
-50.0,50,1045.942965
-50.0,50,1047.116431
-50.0,50,1048.310772
-50.0,50,1049.522336
-50.0,50,1050.763077
-50.0,50,1051.996552
-50.0,50,1053.162872
-50.0,50,1054.428517
-50.0,50,1055.715199
-50.0,50,1057.002114
-50.0,50,1058.271705
-50.0,50,1059.542088
-50.0,50,1060.772964
-50.0,50,1061.945605
-50.0,50,1063.11094
-50.0,50,1064.350373
-50.0,50,1065.552516
-50.0,50,1066.7973
-50.0,50,1067.997135
-50.0,50,1069.220924
-50.0,50,1069.423936
-50.0,50,1069.621267
-50.0,50,1069.831732
-50.0,50,1070.038045
-50.0,50,1070.22755
-50.0,50,1070.430336
-50.0,50,1070.601848
-50.0,50,1070.767191
-50.0,50,1070.963227
-50.0,50,1071.155888
-50.0,50,1072.372072
-50.0,50,1073.549365
0.0,50,1074.742785
0.0,50,1075.917513
-50.0,50,1077.106526
-50.0,50,1078.285172
-50.0,50,1079.437539
-50.0,50,1080.609189
-50.0,50,1081.766329
-50.0,50,1082.939206
-50.0,50,1084.069037
-50.0,50,1085.184521
-50.0,50,1086.303385
-50.0,50,1087.467813
-50.0,50,1088.660817
-50.0,50,1089.883567
-50.0,50,1091.148431
-50.0,50,1092.512089
-50.0,50,1093.745468
-50.0,50,1094.931547
-50.0,50,1095.12492
-50.0,50,1095.325065
-50.0,50,1095.518704
-50.0,50,1095.715101
-50.0,50,1095.910695
-50.0,50,1096.084559
-50.0,50,1096.255331
-50.0,50,1096.449061
-50.0,50,1096.617345
-50.0,50,1096.795542
-50.0,50,1097.912788
-50.0,50,1099.089406
-50.0,50,1100.245521
-50.0,50,1101.426466
-50.0,50,1102.631518
-50.0,50,1103.885872
-50.0,50,1105.13011
-50.0,50,1106.354592
-50.0,50,1107.508129
-50.0,50,1108.682783
-50.0,50,1109.864009
-50.0,50,1111.05636
-50.0,50,1112.232358
-50.0,50,1113.412148
-50.0,50,1114.564349
0.0,50,1115.771379
-50.0,50,1116.97916
-50.0,50,1118.144492
-50.0,50,1119.353864
-50.0,50,1120.557227
-50.0,50,1120.762664
-50.0,50,1120.960187
-50.0,50,1121.140175
-50.0,50,1121.31578
-50.0,50,1121.519855
-50.0,50,1121.706302
-50.0,50,1121.879269
0.0,50,1122.063705
-50.0,50,1122.252385
-50.0,50,1122.449607
-50.0,50,1123.668389
-50.0,50,1124.89596
-50.0,50,1126.090242
-50.0,50,1127.308626
-50.0,50,1128.531637
-50.0,50,1129.722161
-50.0,50,1130.936174
-50.0,50,1132.141638
-50.0,50,1133.353571
-50.0,50,1134.584802
-50.0,50,1135.782953
0.0,50,1136.941311
-50.0,50,1138.067375
-50.0,50,1139.214687
-50.0,50,1140.417586
-50.0,50,1141.563628
-50.0,50,1142.749251
-50.0,50,1143.902783
-50.0,50,1145.054077
-50.0,50,1146.237439
-50.0,50,1146.423161
-50.0,50,1146.593213
-50.0,50,1146.806909
-50.0,50,1146.979515
-50.0,50,1147.147162
-50.0,50,1147.346565
-50.0,50,1147.507502
-50.0,50,1147.691071
-50.0,50,1147.883001
-50.0,50,1148.064674
-50.0,50,1149.249229
-50.0,50,1150.446199
-50.0,50,1151.604954
-50.0,50,1152.805673
-50.0,50,1153.974304
-50.0,50,1155.187679
-50.0,50,1156.371659
-50.0,50,1157.521492
-50.0,50,1158.731237
-50.0,50,1159.842285
-50.0,50,1160.966613
-50.0,50,1162.140544
-50.0,50,1163.342208
-50.0,50,1164.603117
-50.0,50,1165.830856
-50.0,50,1167.041718
-50.0,50,1168.203443
-50.0,50,1169.386487
-50.0,50,1170.571133
-50.0,50,1171.77198
-50.0,50,1171.959158
-50.0,50,1172.132958
-50.0,50,1172.317432
-50.0,50,1172.510256
-50.0,50,1172.680806
-50.0,50,1172.862467
-50.0,50,1173.03609
-50.0,50,1173.216605
-50.0,50,1173.39718
-50.0,50,1173.579778
-50.0,50,1174.751733
-50.0,50,1175.938363
-50.0,50,1177.107196
-50.0,50,1178.253924
-50.0,50,1179.448359
-50.0,50,1180.610644
-50.0,50,1181.81609
-50.0,50,1182.98157
-50.0,50,1184.176316
-50.0,50,1185.366543
-50.0,50,1186.554057
-50.0,50,1187.812995
-50.0,50,1189.038238
-50.0,50,1190.235423
-50.0,50,1191.435388
-50.0,50,1192.634612
-50.0,50,1193.809504
-50.0,50,1194.980062
-50.0,50,1196.193388
-50.0,50,1197.402323
-50.0,50,1197.629296
0.0,50,1197.808173
-50.0,50,1197.98963
-50.0,50,1198.152656
-50.0,50,1198.366026
-50.0,50,1198.563153
-50.0,50,1198.71912
-50.0,50,1198.901885
-50.0,50,1199.09321
-50.0,50,1199.298504
-50.0,50,1200.468855
-50.0,50,1201.618174
0.0,50,1202.770543
-50.0,50,1203.927152
-50.0,50,1205.073793
-50.0,50,1206.233353
-50.0,50,1207.371121
-50.0,50,1208.530877
-50.0,50,1209.750438
-50.0,50,1210.934164
-50.0,50,1212.090678
-50.0,50,1213.234927
-50.0,50,1214.436645
-50.0,50,1215.61488
-50.0,50,1216.831232
-50.0,50,1218.094061
-50.0,50,1219.272812
-50.0,50,1220.462794
-50.0,50,1221.613181
-50.0,50,1222.795877
-50.0,50,1222.966348
-50.0,50,1223.127821
-50.0,50,1223.32685
-50.0,50,1223.496294
-50.0,50,1223.66099
-50.0,50,1223.844982
-50.0,50,1224.010219
-50.0,50,1224.172512
0.0,50,1224.343987
-50.0,50,1224.563187
-50.0,50,1225.76486
0.0,50,1226.923643
-50.0,50,1228.079272
-50.0,50,1229.287889
-50.0,50,1230.463067
-12.0,50,1231.65572
-50.0,50,1232.852429
-50.0,50,1234.061736
-50.0,50,1235.254936
-50.0,50,1236.445426
-50.0,50,1237.600755
-50.0,50,1238.79331
-50.0,50,1239.983568
-50.0,50,1241.239885
-50.0,50,1242.480613
-50.0,50,1243.678851
0.0,50,1244.887614
-50.0,50,1246.035154
0.0,50,1247.186483
0.0,50,1248.36798
-50.0,50,1248.568409
-50.0,50,1248.752364
-50.0,50,1248.931386
-50.0,50,1249.11237
-50.0,50,1249.32772
-50.0,50,1249.510838
-50.0,50,1249.681795
-50.0,50,1249.857488
-50.0,50,1250.036208
-50.0,50,1250.200366
-50.0,50,1251.384271
-50.0,50,1252.537972
-50.0,50,1253.730661
-50.0,50,1255.078016
-50.0,50,1256.407734
-50.0,50,1257.645172
-50.0,50,1259.030942
-50.0,50,1260.334505
-50.0,50,1261.644076
-50.0,50,1263.088132
-50.0,50,1264.365249
-50.0,50,1265.585135
-50.0,50,1266.820963
-50.0,50,1268.113164
-50.0,50,1269.379705
-50.0,50,1270.770428
-50.0,50,1272.030676
-50.0,50,1273.243724
-50.0,50,1274.436605
-50.0,50,1275.698383
0.0,50,1275.880105
-50.0,50,1276.059546
-50.0,50,1276.223494
-50.0,50,1276.409147
-50.0,50,1276.583588
-50.0,50,1276.792161
-50.0,50,1277.008361
-50.0,50,1277.228104
-50.0,50,1277.432113
-50.0,50,1277.609825
-50.0,50,1279.175729
-50.0,50,1280.560113
-50.0,50,1281.871332
-50.0,50,1283.170091
0.0,50,1284.359002
-50.0,50,1285.705653
-50.0,50,1287.009861
-50.0,50,1288.23587
-50.0,50,1289.451428
-50.0,50,1290.757133
-50.0,50,1291.974231
-50.0,50,1293.104205
-50.0,50,1294.158022
-50.0,50,1295.311396
-50.0,50,1296.439825
-50.0,50,1297.576154
-50.0,50,1298.724837
-50.0,50,1299.930082
0.0,50,1301.132875
-50.0,50,1302.419696
-50.0,50,1302.622931
-50.0,50,1302.83732
-50.0,50,1303.088415
-50.0,50,1303.26135
-50.0,50,1303.462736
-50.0,50,1303.635655
-50.0,50,1303.811661
-50.0,50,1303.992635
-50.0,50,1304.151118
-50.0,50,1304.322358
-50.0,50,1305.477317
-50.0,50,1306.707072
-50.0,50,1308.093045
-50.0,50,1309.36398
-50.0,50,1310.543255
-50.0,50,1311.67303
-50.0,50,1312.859008
-50.0,50,1314.074685
-50.0,50,1315.317286
-50.0,50,1316.589667
-50.0,50,1317.700556
-50.0,50,1318.825444
-50.0,50,1319.962871
-50.0,50,1321.135621
-50.0,50,1322.370859
-50.0,50,1323.497321
-50.0,50,1324.619405
-50.0,50,1325.822476
-50.0,50,1326.940654
-50.0,50,1328.109044
-50.0,50,1328.278881
-50.0,50,1328.4612
-50.0,50,1328.651096
0.0,50,1328.808683
-50.0,50,1328.993738
-50.0,50,1329.171255
-50.0,50,1329.347014
-50.0,50,1329.538347
-50.0,50,1329.721539
-50.0,50,1329.895772
-50.0,50,1331.111528
-50.0,50,1332.260426
-50.0,50,1333.407783
-50.0,50,1334.518691
-50.0,50,1335.725981
-50.0,50,1336.992762
-50.0,50,1338.206063
-50.0,50,1339.336252
-50.0,50,1340.456784
-50.0,50,1341.564589
-50.0,50,1342.719121
-50.0,50,1343.849654
-50.0,50,1345.039863
-50.0,50,1346.212386
-50.0,50,1347.347547
-50.0,50,1348.506065
-50.0,50,1349.701205
-50.0,50,1350.848054
-50.0,50,1351.995016
-50.0,50,1353.138541
-50.0,50,1353.318749
-31.0,50,1353.505748
-50.0,50,1353.677004
-50.0,50,1353.854717
-50.0,50,1354.058466
-50.0,50,1354.223697
-50.0,50,1354.376408
-50.0,50,1354.54894
-50.0,50,1354.707715
-50.0,50,1354.869304
-50.0,50,1355.992225
-50.0,50,1357.120174
0.0,50,1358.237051
-50.0,50,1359.509267
-50.0,50,1360.65396
-50.0,50,1361.730344
-50.0,50,1362.851967
-50.0,50,1364.004717
-50.0,50,1365.238506
-50.0,50,1366.462352
-50.0,50,1367.593437
-50.0,50,1368.72978
-50.0,50,1369.904058
-50.0,50,1371.080766
-50.0,50,1372.193107
-50.0,50,1373.391718
-50.0,50,1374.638821
-50.0,50,1375.856514
-50.0,50,1376.988354
-50.0,50,1378.129759
-50.0,50,1378.301764
-50.0,50,1378.492355
-50.0,50,1378.688105
-50.0,50,1378.870401
-50.0,50,1379.031322
-50.0,50,1379.237548
-50.0,50,1379.415712
-50.0,50,1379.574668
-50.0,50,1379.76609
-3.0,50,1379.937632
-50.0,50,1381.047786
-50.0,50,1382.265099
-50.0,50,1383.584221
-50.0,50,1385.086073
-50.0,50,1386.334775
-50.0,50,1387.550432
-50.0,50,1388.790405
-50.0,50,1389.990104
-50.0,50,1391.133997
-50.0,50,1392.295534
-50.0,50,1393.465366
-50.0,50,1394.62866
-50.0,50,1395.784884
-50.0,50,1396.935981
-50.0,50,1398.103614
-50.0,50,1399.260279
-50.0,50,1400.385135
-50.0,50,1401.533321
-50.0,50,1402.674729
-50.0,50,1403.859424
-50.0,50,1404.013524
-50.0,50,1404.170703
-50.0,50,1404.35159
-50.0,50,1404.547783
0.0,50,1404.725266
-50.0,50,1404.878854
-50.0,50,1405.042094
-50.0,50,1405.202845
-50.0,50,1405.377301
0.0,50,1405.56181
-50.0,50,1406.694182
-50.0,50,1407.792361
-50.0,50,1408.969934
-50.0,50,1410.138775
-50.0,50,1411.275128
-50.0,50,1412.427438
-50.0,50,1413.631974
-50.0,50,1414.778512
-50.0,50,1415.895748
-50.0,50,1417.114106
-50.0,50,1418.323572
-50.0,50,1419.538291
-50.0,50,1420.641495
-50.0,50,1421.775406
-50.0,50,1422.930071
-50.0,50,1424.063354
-50.0,50,1425.189294
-50.0,50,1426.321165
-50.0,50,1427.454315
-50.0,50,1428.594889
-50.0,50,1428.758276
-50.0,50,1428.927456
-50.0,50,1429.123916
-50.0,50,1429.32177
-50.0,50,1429.4889
-50.0,50,1429.655747
-50.0,50,1429.836553
-50.0,50,1429.992245
-50.0,50,1430.206669
-50.0,50,1430.384459
-50.0,50,1431.506628
-50.0,50,1432.642495
-50.0,50,1433.79659
-50.0,50,1434.934431
-50.0,50,1436.120757
-50.0,50,1437.257169
-50.0,50,1438.399756
-50.0,50,1439.656848
-50.0,50,1440.965037
-50.0,50,1442.231502
-50.0,50,1443.442385
-50.0,50,1444.56298
-12.0,50,1445.774065
-50.0,50,1447.1052
-50.0,50,1448.361591
0.0,50,1449.615438
-50.0,50,1450.799013
-50.0,50,1451.921841
-50.0,50,1453.072616
-50.0,50,1454.193972
-50.0,50,1454.373058
-50.0,50,1454.542548
-50.0,50,1454.740275
-50.0,50,1454.898766
-50.0,50,1455.083828
-50.0,50,1455.242846
-50.0,50,1455.427191
-50.0,50,1455.638137
-50.0,50,1455.814586
-50.0,50,1455.990412
-50.0,50,1457.146524
-50.0,50,1458.389001
-50.0,50,1459.625915
-50.0,50,1460.796167
-50.0,50,1462.110636
-50.0,50,1463.518987
-50.0,50,1464.704042
-50.0,50,1465.962665
-50.0,50,1467.304718
-50.0,50,1468.544355
-50.0,50,1469.776868
-50.0,50,1470.982334
-50.0,50,1472.211317
-50.0,50,1473.452204
-50.0,50,1474.732158
-50.0,50,1476.079689
-50.0,50,1477.515415
-50.0,50,1478.778537
-50.0,50,1480.076306
-50.0,50,1481.299829
-50.0,50,1481.470035
-50.0,50,1481.704824
-50.0,50,1481.897008
-50.0,50,1482.154556
-50.0,50,1482.423844
-50.0,50,1482.632312
-50.0,50,1482.848793
-50.0,50,1483.04274
-50.0,50,1483.278794
-50.0,50,1483.493572
-50.0,50,1484.757757
-50.0,50,1485.945811
-50.0,50,1487.138061
-50.0,50,1488.355229
-50.0,50,1489.579822
-50.0,50,1490.751053
-50.0,50,1491.939138
-50.0,50,1493.113548
-50.0,50,1494.288856
-50.0,50,1495.434021
-50.0,50,1496.594024
-50.0,50,1497.7996
-50.0,50,1498.967603
-50.0,50,1500.117062
0.0,50,1501.307239
-50.0,50,1502.48147
-50.0,50,1503.635051
-50.0,50,1504.726879
-50.0,50,1505.914574
-50.0,50,1507.075559
-50.0,50,1507.235976
-50.0,50,1507.403594
-50.0,50,1507.592184
-50.0,50,1507.78886
-50.0,50,1507.963029
-50.0,50,1508.127184
-50.0,50,1508.316168
-50.0,50,1508.478423
-50.0,50,1508.658051
-50.0,50,1508.867503
-50.0,50,1510.050703
-50.0,50,1511.229322
-50.0,50,1512.409977
-50.0,50,1513.543377
-50.0,50,1514.726221
-50.0,50,1515.913747
-50.0,50,1517.093496
-50.0,50,1518.264569
-50.0,50,1519.446355
-50.0,50,1520.610135
-50.0,50,1521.818992
-50.0,50,1522.963398
-50.0,50,1524.128058
-50.0,50,1525.289184
-50.0,50,1526.453945
-50.0,50,1527.600444
-50.0,50,1528.775824
-50.0,50,1529.930077
-50.0,50,1531.089924
-50.0,50,1532.260752
-50.0,50,1532.428559
-50.0,50,1532.599525
-50.0,50,1532.782871
-50.0,50,1532.970743
-50.0,50,1533.159898
-50.0,50,1533.35684
-50.0,50,1533.538764
-50.0,50,1533.713573
-50.0,50,1533.895522
-50.0,50,1534.073077
-50.0,50,1535.230228
-50.0,50,1536.414308
-50.0,50,1537.608115
-50.0,50,1538.766838
-50.0,50,1539.920708
-50.0,50,1541.095032
-50.0,50,1542.30004
-50.0,50,1543.498383
-50.0,50,1544.700203
-50.0,50,1545.868197
-50.0,50,1547.046031
-50.0,50,1548.252473
-50.0,50,1549.446788
-50.0,50,1550.579954
-50.0,50,1551.797412
-50.0,50,1552.99571
-50.0,50,1554.217758
-50.0,50,1555.486384
0.0,50,1556.762197
-50.0,50,1557.929824
-50.0,50,1558.107592
-50.0,50,1558.297381
-50.0,50,1558.511613
-50.0,50,1558.722047
-50.0,50,1558.944538
-50.0,50,1559.139118
-50.0,50,1559.360167
-50.0,50,1559.519348
-50.0,50,1559.709662
-50.0,50,1559.941218
-50.0,50,1561.154085
-50.0,50,1562.36964
-50.0,50,1563.555382
-50.0,50,1564.815944
-50.0,50,1566.182278
-50.0,50,1567.523626
-50.0,50,1568.890776
-50.0,50,1570.28804
-50.0,50,1571.657115
-50.0,50,1573.057368
-50.0,50,1574.478708
-50.0,50,1575.79324
-50.0,50,1577.215665
-50.0,50,1578.525856
-50.0,50,1579.709854
-50.0,50,1580.898883
-50.0,50,1582.127787
-50.0,50,1583.323002
-50.0,50,1584.498481
-50.0,50,1585.679899
-50.0,50,1585.849686
0.0,50,1586.030936
-50.0,50,1586.231369
-50.0,50,1586.4178
-50.0,50,1586.596232
-50.0,50,1586.760977
-50.0,50,1586.958028
-50.0,50,1587.124206
0.0,50,1587.286646
-50.0,50,1587.442677
-50.0,50,1588.568692
-50.0,50,1589.768853
-50.0,50,1590.933536
-50.0,50,1592.090145
-50.0,50,1593.305681
-50.0,50,1594.514906
-50.0,50,1595.665187
0.0,50,1596.873286
-50.0,50,1598.129074
-50.0,50,1599.349949
-50.0,50,1600.54555
-50.0,50,1601.725582
-50.0,50,1602.955044
-50.0,50,1604.159946
-50.0,50,1605.367279
-50.0,50,1606.514742
-50.0,50,1607.742343
-50.0,50,1608.963764
-50.0,50,1610.183395
-50.0,50,1611.416672
-50.0,50,1611.577831
-50.0,50,1611.77501
-50.0,50,1611.962107
-50.0,50,1612.152328
-50.0,50,1612.330583
-50.0,50,1612.492996
-50.0,50,1612.688581
-50.0,50,1612.880141
-50.0,50,1613.063313
-50.0,50,1613.257615
-50.0,50,1614.426803
-50.0,50,1615.571134
-50.0,50,1616.740323
-50.0,50,1617.947907
-50.0,50,1619.104605
-50.0,50,1620.380775
-50.0,50,1621.617472
-50.0,50,1622.777824
-50.0,50,1623.969526
-50.0,50,1625.16762
-50.0,50,1626.387825
-50.0,50,1627.651391
-50.0,50,1628.849972
-50.0,50,1630.053921
-50.0,50,1631.254606
-12.0,50,1632.464317
-50.0,50,1633.686606
-50.0,50,1634.890468
-42.0,50,1636.064795
-50.0,50,1637.247613
-50.0,50,1637.457236
-50.0,50,1637.649483
-50.0,50,1637.890324
-50.0,50,1638.079769
-50.0,50,1638.298323
-50.0,50,1638.479517
-50.0,50,1638.670952
-50.0,50,1638.871345
-50.0,50,1639.085619
-50.0,50,1639.259565
-50.0,50,1640.558401
-50.0,50,1641.86063
-50.0,50,1643.085564
-50.0,50,1644.38165
-47.0,50,1645.623938
-50.0,50,1646.869084
-50.0,50,1648.201398
-50.0,50,1649.399056
-50.0,50,1650.557884
-50.0,50,1651.725662
-50.0,50,1652.962771
-50.0,50,1654.218361
-50.0,50,1655.388397
-47.0,50,1656.485458
-50.0,50,1657.71009
-50.0,50,1659.073532
-39.0,50,1660.246785
-50.0,50,1661.46462
-50.0,50,1662.671514
-50.0,50,1663.869369
-50.0,50,1664.044673
-50.0,50,1664.253757
-50.0,50,1664.432908
-50.0,50,1664.60236
-50.0,50,1664.806136
-50.0,50,1664.991674
-50.0,50,1665.180183
-50.0,50,1665.393046
-50.0,50,1665.595157
-50.0,50,1665.814786
-50.0,50,1667.207745
-50.0,50,1668.406362
-50.0,50,1669.546399
-50.0,50,1670.943273
-50.0,50,1672.163893
-50.0,50,1673.391399
-50.0,50,1674.555846
-50.0,50,1675.751542
-50.0,50,1676.930241
-50.0,50,1678.115079
-44.0,50,1679.312703
-50.0,50,1680.506903
-50.0,50,1681.704786
-50.0,50,1682.905187
-50.0,50,1684.132031
-50.0,50,1685.317612
-50.0,50,1686.479214
-50.0,50,1687.694189
-50.0,50,1688.87922
-50.0,50,1690.098239
-50.0,50,1690.292117
-50.0,50,1690.479205
-50.0,50,1690.662298
-50.0,50,1690.867582
-50.0,50,1691.058005
-50.0,50,1691.270611
-50.0,50,1691.467399
-50.0,50,1691.659194
0.0,50,1691.87366
-50.0,50,1692.065466
-50.0,50,1693.294203
-50.0,50,1694.480045
-50.0,50,1695.644913
-50.0,50,1696.887408
-50.0,50,1698.113375
-50.0,50,1699.396587
-50.0,50,1700.676315
-50.0,50,1702.017515
-50.0,50,1703.405052
-50.0,50,1704.803828
-50.0,50,1706.183736
-50.0,50,1707.585878
-50.0,50,1708.75371
-50.0,50,1709.973214
-50.0,50,1711.119972
-50.0,50,1712.29664
-50.0,50,1713.46777
-50.0,50,1714.551672
-50.0,50,1715.713041
-50.0,50,1716.908528
-50.0,50,1717.102401
-50.0,50,1717.284977
-50.0,50,1717.474181
-50.0,50,1717.628783
-50.0,50,1717.815733
-50.0,50,1717.988312
-50.0,50,1718.165967
-50.0,50,1718.355788
-50.0,50,1718.53459
-50.0,50,1718.723969
-50.0,50,1719.886634
-50.0,50,1721.064156
-50.0,50,1722.232635
-50.0,50,1723.399429
-50.0,50,1724.573626
-50.0,50,1725.70957
-50.0,50,1726.905118
-35.0,50,1728.100425
-50.0,50,1729.317074
-50.0,50,1730.479201
-50.0,50,1731.638129
-50.0,50,1732.833401
0.0,50,1734.001145
-50.0,50,1735.158989
-50.0,50,1736.328607
-50.0,50,1737.473918
-50.0,50,1738.628724
-50.0,50,1739.808209
-50.0,50,1740.970845
-50.0,50,1742.152803
-50.0,50,1742.381447
-50.0,50,1742.574356
-50.0,50,1742.786847
-50.0,50,1742.973268
-50.0,50,1743.161761
-50.0,50,1743.368722
-50.0,50,1743.545543
-50.0,50,1743.736546
-50.0,50,1743.936103
-50.0,50,1744.109798
-50.0,50,1745.333855
-50.0,50,1746.453049
-28.0,50,1747.651402
-50.0,50,1748.868361
-50.0,50,1750.105439
-50.0,50,1751.296496
-50.0,50,1752.460901
-50.0,50,1753.874254
-50.0,50,1755.257561
-50.0,50,1756.661135
-50.0,50,1758.056317
-50.0,50,1759.581667
-50.0,50,1760.97147
-50.0,50,1762.135081
-50.0,50,1763.355376
-50.0,50,1764.589516
-50.0,50,1765.816794
-50.0,50,1767.004028
-50.0,50,1768.182549
-50.0,50,1769.360684
-50.0,50,1769.538797
-50.0,50,1769.764178
-50.0,50,1769.940201
-50.0,50,1770.125443
-50.0,50,1770.327212
-50.0,50,1770.515543
-50.0,50,1770.675573
-50.0,50,1770.857772
-50.0,50,1771.038539
-50.0,50,1771.210918
-50.0,50,1772.368535
-50.0,50,1773.517245
-50.0,50,1774.685996
-50.0,50,1775.893328
-50.0,50,1777.112113
-50.0,50,1778.382987
-50.0,50,1779.566205
-50.0,50,1780.788669
-50.0,50,1781.99988
-50.0,50,1783.182889
-50.0,50,1784.347334
-50.0,50,1785.492869
-50.0,50,1786.648651
-50.0,50,1787.915972
-50.0,50,1789.10307
-50.0,50,1790.308607
-50.0,50,1791.656258
-50.0,50,1792.885646
-50.0,50,1794.093122
-50.0,50,1795.302595
-50.0,50,1795.474859
-50.0,50,1795.658799
-50.0,50,1795.858427
-50.0,50,1796.057809
-50.0,50,1796.253122
-50.0,50,1796.457378
-50.0,50,1796.636425
-50.0,50,1796.8224
-50.0,50,1796.99289
-50.0,50,1797.182635
-50.0,50,1798.400317
-50.0,50,1799.617897
-50.0,50,1800.826312
-50.0,50,1802.0512
-50.0,50,1803.32707
-50.0,50,1804.552869
0.0,50,1805.804015
-50.0,50,1806.989984
-50.0,50,1808.196589
-50.0,50,1809.404348
-50.0,50,1810.583815
-50.0,50,1811.753722
-50.0,50,1812.927516
-50.0,50,1814.04911
-50.0,50,1815.185194
-50.0,50,1816.375759
-50.0,50,1817.617973
-50.0,50,1819.004513
-50.0,50,1820.380662
-50.0,50,1821.796975
-50.0,50,1822.010668
-50.0,50,1822.289207
-50.0,50,1822.507131
-50.0,50,1822.708309
-50.0,50,1822.908432
-50.0,50,1823.127306
-50.0,50,1823.341895
-50.0,50,1823.596879
-50.0,50,1823.876781
-50.0,50,1824.081151
-50.0,50,1825.488811
-50.0,50,1827.003217
-50.0,50,1828.382337
-50.0,50,1829.835751
-50.0,50,1831.252644
-50.0,50,1832.491767
-50.0,50,1833.663807
-50.0,50,1834.853496
-50.0,50,1836.046874
-50.0,50,1837.246418
-50.0,50,1838.420642
-50.0,50,1839.608044
-50.0,50,1840.819647
-50.0,50,1842.038919
-50.0,50,1843.230793
-50.0,50,1844.399929
-50.0,50,1845.560362
-50.0,50,1846.74504
-50.0,50,1847.971723
-50.0,50,1849.239308
-50.0,50,1849.432472
-50.0,50,1849.611728
-50.0,50,1849.796567
-50.0,50,1849.982967
-50.0,50,1850.192
-50.0,50,1850.416764
-50.0,50,1850.594151
-50.0,50,1850.814429
-50.0,50,1850.989181
-50.0,50,1851.211954
-50.0,50,1852.406438
-50.0,50,1853.580725
-50.0,50,1854.756896
-50.0,50,1855.974299
-50.0,50,1857.146523
-50.0,50,1858.367508
-50.0,50,1859.538137
-50.0,50,1860.633982
-50.0,50,1861.723015
-50.0,50,1862.92223
-50.0,50,1864.103125
-50.0,50,1865.218316
-50.0,50,1866.414764
-50.0,50,1867.607135
-50.0,50,1868.769768
-50.0,50,1869.959816
-50.0,50,1871.095091
-50.0,50,1872.315305
0.0,50,1873.480704
-50.0,50,1874.638847
-50.0,50,1874.808454
-50.0,50,1874.97788
-50.0,50,1875.175628
-50.0,50,1875.346292
-50.0,50,1875.516084
-50.0,50,1875.695258
-50.0,50,1875.859174
-50.0,50,1876.017479
-50.0,50,1876.183725
-50.0,50,1876.345175
-50.0,50,1877.438133
-50.0,50,1878.602714
-50.0,50,1879.774878
-50.0,50,1880.964092
-50.0,50,1882.163289
-50.0,50,1883.337635
-50.0,50,1884.533238
-50.0,50,1885.753765
-50.0,50,1886.934859
-50.0,50,1888.014789
-50.0,50,1889.112169
0.0,50,1890.261541
-50.0,50,1891.444232
-50.0,50,1892.626988
-50.0,50,1893.75534
-50.0,50,1894.93481
-50.0,50,1896.116898
-50.0,50,1897.29051
-50.0,50,1898.49803
-50.0,50,1899.700163
-50.0,50,1899.929693
-50.0,50,1900.089888
-50.0,50,1900.281852
-50.0,50,1900.468631
-50.0,50,1900.668622
-50.0,50,1900.863277
-50.0,50,1901.060335
-50.0,50,1901.240458
-50.0,50,1901.415293
-50.0,50,1901.604817
0.0,50,1902.787203
-50.0,50,1903.949886
-50.0,50,1905.118267
-50.0,50,1906.328182
-50.0,50,1907.513271
-50.0,50,1908.698306
-50.0,50,1909.889715
-50.0,50,1911.080768
-50.0,50,1912.310773
-50.0,50,1913.525524
-50.0,50,1914.755527
-50.0,50,1916.01986
-50.0,50,1917.236423
-50.0,50,1918.431071
-50.0,50,1919.649982
-50.0,50,1920.81483
-50.0,50,1921.972298
-50.0,50,1923.150017
-50.0,50,1924.348165
0.0,50,1925.521806
-50.0,50,1925.691471
-50.0,50,1925.910457
-50.0,50,1926.124724
-50.0,50,1926.319778
-50.0,50,1926.510038
-50.0,50,1926.700347
-50.0,50,1926.886744
-50.0,50,1927.071915
-50.0,50,1927.252907
-50.0,50,1927.437079
-50.0,50,1928.630456
-42.0,50,1929.833657
-50.0,50,1930.993288
-50.0,50,1932.185284
-50.0,50,1933.384665
-50.0,50,1934.582335
-50.0,50,1935.763727
-50.0,50,1936.974798
-50.0,50,1938.220296
-50.0,50,1939.424441
-50.0,50,1940.609092
-50.0,50,1941.813536
-50.0,50,1942.988641
-50.0,50,1944.174702
-50.0,50,1945.400199
-50.0,50,1946.561261
-50.0,50,1947.762429
-50.0,50,1948.979293
-50.0,50,1950.195002
-50.0,50,1951.41885
-50.0,50,1951.627052
-50.0,50,1951.851516
-50.0,50,1952.051073
-50.0,50,1952.27162
-50.0,50,1952.455111
-50.0,50,1952.646385
0.0,50,1952.81683
-50.0,50,1953.035466
0.0,50,1953.211763
-50.0,50,1953.439352
-50.0,50,1954.653379
-50.0,50,1955.863883
-50.0,50,1957.060587
-50.0,50,1958.254751
-50.0,50,1959.438815
-50.0,50,1960.607836
-50.0,50,1961.77887
0.0,50,1962.990756
-50.0,50,1964.215949
-50.0,50,1965.416412
-50.0,50,1966.604645
-50.0,50,1967.864004
-50.0,50,1969.064764
-50.0,50,1970.272809
-50.0,50,1971.471058
-50.0,50,1972.641531
-50.0,50,1973.873799
-50.0,50,1975.134631
-50.0,50,1976.260543
-50.0,50,1977.403632
-50.0,50,1977.573423
-50.0,50,1977.810659
-50.0,50,1977.991049
-50.0,50,1978.186309
-50.0,50,1978.394976
0.0,50,1978.562815
-50.0,50,1978.734353
-50.0,50,1978.949698
-50.0,50,1979.123293
-50.0,50,1979.319367
-50.0,50,1980.524646
-50.0,50,1981.746441
-50.0,50,1982.971577
-50.0,50,1984.162447
-50.0,50,1985.393092
-50.0,50,1986.586413
-50.0,50,1987.796695
-50.0,50,1988.982574
-50.0,50,1990.148963
-50.0,50,1991.332499
-50.0,50,1992.518714
-50.0,50,1993.679099
-50.0,50,1994.941095
-50.0,50,1996.136995
-50.0,50,1997.334107
-50.0,50,1998.541238
-50.0,50,1999.743925
-50.0,50,2000.945684
-50.0,50,2002.19136
-50.0,50,2003.454898
-50.0,50,2003.636422
-50.0,50,2003.833077
-50.0,50,2004.040669
-50.0,50,2004.251298
-50.0,50,2004.448749
-50.0,50,2004.646659
0.0,50,2004.838602
-50.0,50,2005.002263
-50.0,50,2005.194775
-50.0,50,2005.403322
-50.0,50,2006.579712
-50.0,50,2007.872408
0.0,50,2009.047097
-50.0,50,2010.227048
-50.0,50,2011.406277
-50.0,50,2012.629996
-40.0,50,2013.852371
-50.0,50,2015.03407
-50.0,50,2016.231242
-50.0,50,2017.437263
-50.0,50,2018.67787
-50.0,50,2019.931469
-50.0,50,2021.078288
-50.0,50,2022.276488
-50.0,50,2023.460198
-50.0,50,2024.626622
-50.0,50,2025.830462
-50.0,50,2027.028329
-50.0,50,2028.234617
-50.0,50,2029.490859
-50.0,50,2029.661648
-50.0,50,2029.85339
-50.0,50,2030.058228
-50.0,50,2030.226565
0.0,50,2030.400486
-50.0,50,2030.589332
-50.0,50,2030.774262
-50.0,50,2030.982204
-50.0,50,2031.158924
-50.0,50,2031.326951
-50.0,50,2032.477212
-50.0,50,2033.667593
-50.0,50,2034.850578
-50.0,50,2036.035878
-50.0,50,2037.223238
-50.0,50,2038.470182
-50.0,50,2039.666751
-50.0,50,2040.880242
-50.0,50,2042.066689
-50.0,50,2043.269395
-50.0,50,2044.498497
-50.0,50,2045.695083
-50.0,50,2046.91938
-50.0,50,2048.104437
-50.0,50,2049.362826
-50.0,50,2050.606163
-50.0,50,2051.796318
-50.0,50,2053.050751
-50.0,50,2054.26603
0.0,50,2055.481548
-50.0,50,2055.670822
-50.0,50,2055.855044
-50.0,50,2056.013732
-50.0,50,2056.190224
-50.0,50,2056.390002
-50.0,50,2056.566136
-50.0,50,2056.749714
-50.0,50,2056.956725
-50.0,50,2057.131531
-50.0,50,2057.315502
-50.0,50,2058.501147
-50.0,50,2059.719609
-50.0,50,2060.95686
-50.0,50,2062.139462
-50.0,50,2063.414449
-50.0,50,2064.638763
-50.0,50,2065.886201
-50.0,50,2067.093616
-50.0,50,2068.290719
-50.0,50,2069.492478
-9.0,50,2070.687215
-50.0,50,2071.879907
-50.0,50,2073.064118
-50.0,50,2074.266552
-50.0,50,2075.516866
-50.0,50,2076.729133
-50.0,50,2077.98287
0.0,50,2079.1162
-50.0,50,2080.35924
-50.0,50,2081.56212
-50.0,50,2081.769424
-50.0,50,2081.948413
-50.0,50,2082.129548
-50.0,50,2082.3095
-50.0,50,2082.473089
0.0,50,2082.628967
-50.0,50,2082.811559
0.0,50,2082.99771
-50.0,50,2083.17808
-50.0,50,2083.374478
-50.0,50,2084.615868
-50.0,50,2085.809843
-50.0,50,2086.992212
-50.0,50,2088.176354
-50.0,50,2089.408005
-50.0,50,2090.586358
-50.0,50,2091.83482
-50.0,50,2093.03496
-50.0,50,2094.262571
-50.0,50,2095.521956
-50.0,50,2096.753455
-50.0,50,2097.994108
-50.0,50,2099.188791
-50.0,50,2100.436994
-50.0,50,2101.633936
-50.0,50,2102.885006
-50.0,50,2104.130944
-50.0,50,2105.406212
-50.0,50,2106.628281
-50.0,50,2107.880441
-50.0,50,2108.103439
-50.0,50,2108.291735
-50.0,50,2108.484578
-50.0,50,2108.662081
-50.0,50,2108.850598
-50.0,50,2109.041346
-50.0,50,2109.20702
-50.0,50,2109.393433
-50.0,50,2109.580469
-50.0,50,2109.821302
-50.0,50,2111.069425
-50.0,50,2112.294882
-50.0,50,2113.534787
-50.0,50,2114.758891
-50.0,50,2115.989907
-50.0,50,2117.244209
-50.0,50,2118.45985
-50.0,50,2119.653928
-50.0,50,2120.89255
-50.0,50,2122.11531
-50.0,50,2123.330122
-50.0,50,2124.576644
-50.0,50,2125.864541
-50.0,50,2127.083435
-50.0,50,2128.316354
-50.0,50,2129.529501
-50.0,50,2130.761738
-50.0,50,2131.994145
-50.0,50,2133.212888
-50.0,50,2134.438687
-50.0,50,2134.607227
-50.0,50,2134.813354
-50.0,50,2134.991727
-50.0,50,2135.178344
-50.0,50,2135.38299
-50.0,50,2135.586351
-50.0,50,2135.773544
0.0,50,2135.950946
-50.0,50,2136.130104
-50.0,50,2136.342759
-50.0,50,2137.619776
-50.0,50,2138.934916
0.0,50,2140.091683
-50.0,50,2141.220504
-50.0,50,2142.355062
-50.0,50,2143.590467
-50.0,50,2144.87971
-50.0,50,2146.114962
-50.0,50,2147.382631
-50.0,50,2148.604386
-50.0,50,2149.823594
-50.0,50,2151.08492
-50.0,50,2152.377695
-50.0,50,2153.579429
-50.0,50,2154.893166
-50.0,50,2156.106196
-50.0,50,2157.393595
-50.0,50,2158.612791
-50.0,50,2159.857149
-50.0,50,2161.131821
-50.0,50,2161.316607
-50.0,50,2161.485899
-50.0,50,2161.665912
-50.0,50,2161.858222
-50.0,50,2162.035144
-50.0,50,2162.226998
-50.0,50,2162.439281
0.0,50,2162.625565
-50.0,50,2162.816377
-50.0,50,2163.034385
-50.0,50,2164.305895
-50.0,50,2165.587015
0.0,50,2166.834152
-50.0,50,2168.045621
-50.0,50,2169.275941
-50.0,50,2170.505684
-50.0,50,2171.760817
-50.0,50,2172.992481
-50.0,50,2174.220517
-50.0,50,2175.483907
0.0,50,2176.769522
0.0,50,2178.023917
-50.0,50,2179.263513
-50.0,50,2180.517676
-50.0,50,2181.774425
-50.0,50,2183.01819
-50.0,50,2184.286764
-50.0,50,2185.457763
-20.0,50,2186.716047
-50.0,50,2187.973464
-50.0,50,2188.189163
-50.0,50,2188.391977
-50.0,50,2188.605316
-50.0,50,2188.790145
-50.0,50,2188.992299
-50.0,50,2189.165764
-50.0,50,2189.352808
-50.0,50,2189.556096
-50.0,50,2189.742675
0.0,50,2189.930541
-50.0,50,2191.151747
-50.0,50,2192.390252
-50.0,50,2193.661493
-50.0,50,2196.848958
-50.0,50,2200.134788
-50.0,50,2201.614609
-50.0,50,2202.988081
-50.0,50,2204.303875
-50.0,50,2205.600825
-50.0,50,2206.918493
0.0,50,2208.136894
-50.0,50,2209.382083
-50.0,50,2210.663513
-50.0,50,2211.973382
-50.0,50,2213.269088
-50.0,50,2214.546739
-50.0,50,2215.822412
-50.0,50,2217.096323
-50.0,50,2218.370043
-50.0,50,2219.663304
-50.0,50,2219.844746
-50.0,50,2220.043585
-50.0,50,2220.22216
-50.0,50,2220.421889
-50.0,50,2220.606265
-50.0,50,2220.812755
-50.0,50,2221.016247
-50.0,50,2221.204979
-50.0,50,2221.391508
-50.0,50,2221.574507
-50.0,50,2222.861462
-50.0,50,2224.138366
-50.0,50,2225.406544
-50.0,50,2226.706324
-50.0,50,2228.009821
-50.0,50,2229.256796
-50.0,50,2230.562872
-50.0,50,2231.898075
-50.0,50,2233.226408
-50.0,50,2234.581335
-50.0,50,2235.91072
-50.0,50,2237.174045
-50.0,50,2238.478236
-50.0,50,2239.834656
-50.0,50,2241.094558
-50.0,50,2242.477055
-50.0,50,2243.729278
0.0,50,2245.090871
-50.0,50,2246.422178
0.0,50,2247.737576
-50.0,50,2247.977888
-50.0,50,2248.212432
-50.0,50,2248.387096
-50.0,50,2248.560552
-50.0,50,2248.770322
-50.0,50,2248.968335
-50.0,50,2249.18609
-50.0,50,2249.380712
-49.0,50,2249.586214
-50.0,50,2249.790144
-50.0,50,2251.12131
0.0,50,2252.42681
-50.0,50,2253.729799
-50.0,50,2255.057809
-50.0,50,2256.496398
-50.0,50,2257.740312
-50.0,50,2259.017656
-50.0,50,2260.286087
-50.0,50,2261.574656
-50.0,50,2262.889076
-50.0,50,2264.250062
-50.0,50,2265.535237
-50.0,50,2266.868235
-50.0,50,2268.150159
-50.0,50,2269.456777
-50.0,50,2270.755771
-50.0,50,2272.0567
-50.0,50,2273.277563
-50.0,50,2274.592976
-50.0,50,2276.012224
-50.0,50,2276.225574
-50.0,50,2276.42724
-50.0,50,2276.625069
-50.0,50,2276.81242
-50.0,50,2277.004732
-50.0,50,2277.214993
-50.0,50,2277.41646
-50.0,50,2277.573398
-50.0,50,2277.754685
-50.0,50,2277.930599
-50.0,50,2279.289494
-50.0,50,2280.624086
-50.0,50,2281.929162
-50.0,50,2283.173872
-50.0,50,2284.471805
-50.0,50,2285.816468
-50.0,50,2287.295688
-50.0,50,2288.609398
-10.0,50,2289.964805
-50.0,50,2291.241855
-50.0,50,2292.491664
-50.0,50,2293.804365
-50.0,50,2295.069691
-50.0,50,2296.357532
-50.0,50,2297.668099
-50.0,50,2299.01435
-50.0,50,2300.360758
-50.0,50,2301.710614
-50.0,50,2303.008855
-50.0,50,2304.321818
-50.0,50,2304.483376
-50.0,50,2304.672688
-50.0,50,2304.874676
-50.0,50,2305.04524
-50.0,50,2305.230685
-50.0,50,2305.416883
-50.0,50,2305.608556
-50.0,50,2305.802181
-50.0,50,2305.983114
-50.0,50,2306.158364
-50.0,50,2307.466899
-50.0,50,2308.876881
-50.0,50,2310.247352
-50.0,50,2311.559195
-50.0,50,2312.868647
-50.0,50,2314.158553
-50.0,50,2315.483471
-12.0,50,2316.800451
-50.0,50,2318.104975
-50.0,50,2319.431481
-50.0,50,2320.775111
0.0,50,2322.085841
-50.0,50,2323.392328
-50.0,50,2324.704653
-50.0,50,2326.02281
0.0,50,2327.358324
-50.0,50,2328.659455
-50.0,50,2330.001929
-50.0,50,2331.327357
-50.0,50,2332.745498
-33.0,50,2332.964249
-50.0,50,2333.152603
-50.0,50,2333.360728
-50.0,50,2333.541973
-50.0,50,2333.74356
-50.0,50,2333.920622
-50.0,50,2334.136731
-50.0,50,2334.318443
-50.0,50,2334.499094
-50.0,50,2334.66961
-50.0,50,2335.996459
-50.0,50,2337.346557
-50.0,50,2338.689596
-50.0,50,2340.125468
-50.0,50,2341.518665
-50.0,50,2342.880797
-50.0,50,2344.225716
-25.0,50,2345.583185
-50.0,50,2346.94219
-50.0,50,2348.293673
-50.0,50,2349.593496
-50.0,50,2350.904084
-50.0,50,2352.256092
-50.0,50,2353.598432
-50.0,50,2354.935619
-50.0,50,2356.232619
-50.0,50,2357.539536
-50.0,50,2359.028443
-50.0,50,2360.613539
-50.0,50,2362.16612
-50.0,50,2362.405975
-38.0,50,2362.61311
-50.0,50,2362.813107
-50.0,50,2363.067093
-50.0,50,2363.286852
-50.0,50,2363.526015
-50.0,50,2363.731494
0.0,50,2363.947518
-50.0,50,2364.150234
-50.0,50,2364.343588
-50.0,50,2365.896434
-50.0,50,2367.451556
-50.0,50,2368.987437
-50.0,50,2370.596592
-50.0,50,2372.021786
-50.0,50,2373.351114
-50.0,50,2374.642205
-50.0,50,2375.947884
-50.0,50,2377.232728
-50.0,50,2378.544231
-50.0,50,2379.867438
-50.0,50,2381.163808
-50.0,50,2382.496919
-50.0,50,2383.820817
-50.0,50,2385.103851
-50.0,50,2386.434463
-50.0,50,2387.764354
0.0,50,2389.135605
-50.0,50,2390.584897
-26.0,50,2392.137257
-50.0,50,2392.382695
-48.0,50,2392.580894
-50.0,50,2392.778582
-50.0,50,2392.982421
-50.0,50,2393.181379
-50.0,50,2393.381766
-50.0,50,2393.54657
-50.0,50,2393.72526
-50.0,50,2393.918802
-50.0,50,2394.097643
-50.0,50,2395.497996
-50.0,50,2397.057235
-50.0,50,2398.594007
-20.0,50,2399.823085
-50.0,50,2401.170876
-50.0,50,2402.473123
-50.0,50,2403.848693
-50.0,50,2405.121775
-50.0,50,2406.447851
-50.0,50,2407.779099
-50.0,50,2409.064167
-50.0,50,2410.352683
-50.0,50,2411.63081
-50.0,50,2412.949852
-50.0,50,2414.253621
-50.0,50,2415.550719
-50.0,50,2416.822878
-50.0,50,2418.105242
-50.0,50,2419.425454
-50.0,50,2420.785507
-50.0,50,2420.989542
-50.0,50,2421.218247
-50.0,50,2421.443188
-50.0,50,2421.64577
-50.0,50,2421.862572
-50.0,50,2422.07281
-50.0,50,2422.263966
-50.0,50,2422.491256
-50.0,50,2422.695936
-18.0,50,2422.906159
-50.0,50,2424.400185
-50.0,50,2425.792277
-50.0,50,2427.248053
-50.0,50,2428.579055
-50.0,50,2429.902698
-50.0,50,2431.194967
-50.0,50,2432.495014
-50.0,50,2433.790315
-50.0,50,2435.074515
-50.0,50,2436.491895
-50.0,50,2437.768578
-50.0,50,2439.206631
-50.0,50,2440.640066
-50.0,50,2442.010698
-50.0,50,2443.321347
-50.0,50,2444.648671
-50.0,50,2445.996766
-50.0,50,2447.344636
-50.0,50,2448.686171
-50.0,50,2450.061794
-50.0,50,2450.249405
-50.0,50,2450.438376
-50.0,50,2450.615577
-50.0,50,2450.796797
-50.0,50,2450.971095
-50.0,50,2451.144645
-50.0,50,2451.339985
-50.0,50,2451.517231
-50.0,50,2451.716233
-50.0,50,2451.897952
-50.0,50,2453.337316
-50.0,50,2454.673446
-50.0,50,2455.959498
-50.0,50,2457.348465
-50.0,50,2458.697797
-50.0,50,2460.047699
-50.0,50,2461.364947
-50.0,50,2462.699942
-50.0,50,2464.05778
-50.0,50,2465.393358
-50.0,50,2466.739518
-50.0,50,2468.060876
-50.0,50,2469.391119
-50.0,50,2470.704509
-50.0,50,2472.018948
-50.0,50,2473.372589
-50.0,50,2474.646066
-50.0,50,2475.959429
-50.0,50,2477.269757
-50.0,50,2478.60479
-50.0,50,2478.786707
-50.0,50,2478.961501
-50.0,50,2479.149133
-50.0,50,2479.322587
-50.0,50,2479.491611
-6.0,50,2479.66946
-50.0,50,2479.837058
-50.0,50,2480.002159
-50.0,50,2480.165853
-50.0,50,2480.35869
-50.0,50,2481.653199
-50.0,50,2482.934985
-50.0,50,2484.276925
-50.0,50,2485.637762
-50.0,50,2487.012292
-50.0,50,2488.331847
-50.0,50,2489.719766
-50.0,50,2491.084207
-50.0,50,2492.429402
-50.0,50,2493.811888
-50.0,50,2495.210994
-50.0,50,2496.564976
-50.0,50,2497.905905
-50.0,50,2499.290476
-50.0,50,2500.644716
-50.0,50,2502.116806
0.0,50,2503.594451
-50.0,50,2504.950464
-50.0,50,2506.310919
-50.0,50,2507.652275
-50.0,50,2507.87781
-50.0,50,2508.0696
-50.0,50,2508.256335
-50.0,50,2508.424867
-50.0,50,2508.623596
-50.0,50,2508.850495
-50.0,50,2509.04583
-50.0,50,2509.220614
-50.0,50,2509.400408
-50.0,50,2509.56414
-50.0,50,2510.929851
-50.0,50,2512.297432
-50.0,50,2513.693104
-50.0,50,2515.047069
-50.0,50,2516.435442
-50.0,50,2517.871075
-50.0,50,2519.28264
-50.0,50,2520.652172
-50.0,50,2521.984445
-50.0,50,2523.325337
-50.0,50,2524.671523
-50.0,50,2526.253881
-50.0,50,2527.866873
-50.0,50,2529.460594
-50.0,50,2530.996322
-50.0,50,2532.620293
-50.0,50,2534.139626
-50.0,50,2535.746138
-50.0,50,2537.374008
-50.0,50,2538.932163
-50.0,50,2539.10014
-50.0,50,2539.28109
-50.0,50,2539.452051
-50.0,50,2539.614759
-50.0,50,2539.806597
-50.0,50,2540.015362
-50.0,50,2540.205105
-50.0,50,2540.4068
-50.0,50,2540.584089
-50.0,50,2540.807246
-50.0,50,2542.174695
-50.0,50,2543.566115
-50.0,50,2544.940655
-50.0,50,2546.466292
-50.0,50,2547.939222
-50.0,50,2549.259981
-50.0,50,2550.652342
-50.0,50,2551.986321
-50.0,50,2553.412863
-50.0,50,2554.750952
-50.0,50,2556.094023
-50.0,50,2557.416982
-50.0,50,2558.732381
-50.0,50,2560.097767
-50.0,50,2561.406253
-50.0,50,2562.71355
-50.0,50,2564.015514
-50.0,50,2565.264228
-50.0,50,2566.603523
-50.0,50,2567.981938
-50.0,50,2568.1472
-50.0,50,2568.324149
-50.0,50,2568.51483
-50.0,50,2568.709492
0.0,50,2568.892588
-50.0,50,2569.093835
-50.0,50,2569.301969
-50.0,50,2569.485317
-50.0,50,2569.698846
-50.0,50,2569.894996
-50.0,50,2571.439717
-50.0,50,2572.79204
-42.0,50,2574.240411
-50.0,50,2575.705939
-50.0,50,2577.094444
-50.0,50,2578.474039
-50.0,50,2579.801493
-50.0,50,2581.131952
-50.0,50,2582.57601
-50.0,50,2584.021875
-50.0,50,2585.418978
-50.0,50,2586.782303
-50.0,50,2588.104594
-50.0,50,2589.504342
-50.0,50,2590.862776
-50.0,50,2592.172887
-50.0,50,2593.543359
-50.0,50,2594.878724
-50.0,50,2596.136879
-49.0,50,2597.44217
-50.0,50,2597.633623
-50.0,50,2597.831106
-50.0,50,2598.003912
-50.0,50,2598.186095
-50.0,50,2598.397717
-50.0,50,2598.646201
-50.0,50,2598.893779
-50.0,50,2599.095646
0.0,50,2599.31016
-50.0,50,2601.370541
-50.0,50,2602.712995
-50.0,50,2604.045987
-50.0,50,2605.323797
-50.0,50,2606.729627
-50.0,50,2608.421319
-8.0,50,2609.975212
-50.0,50,2611.36408
-50.0,50,2612.687153
-50.0,50,2613.867096
-50.0,50,2615.244081
-50.0,50,2616.413912
-50.0,50,2617.572604
-50.0,50,2618.739854
-50.0,50,2619.89298
-50.0,50,2621.026545
-50.0,50,2622.167441
-50.0,50,2623.31202
0.0,50,2624.448717
-50.0,50,2625.60044
-50.0,50,2626.726771
-50.0,50,2627.852326
-50.0,50,2628.973105
-50.0,50,2630.094659
-50.0,50,2631.263473
-50.0,50,2632.44031
-50.0,50,2633.733202
-50.0,50,2634.951901
-50.0,50,2636.112381
-50.0,50,2637.26043
-50.0,50,2638.428133
-50.0,50,2639.585367
-50.0,50,2640.755848
-50.0,50,2641.950097
-50.0,50,2643.129003
-50.0,50,2644.497919
-50.0,50,2645.783285
-50.0,50,2646.974255
-50.0,50,2648.158814
-50.0,50,2649.326303
-50.0,50,2650.479595
-50.0,50,2651.647146
-50.0,50,2652.823491
-50.0,50,2653.966909
-33.0,50,2655.123822
-50.0,50,2656.263841
0.0,50,2657.395554
-50.0,50,2658.553248
-50.0,50,2659.718092
-50.0,50,2660.883716
-50.0,50,2662.044715
-50.0,50,2663.189008
-50.0,50,2664.348714
-50.0,50,2665.493262
-50.0,50,2666.674455
-50.0,50,2667.812443
-50.0,50,2668.964676
-50.0,50,2670.150494
-50.0,50,2671.33911
-50.0,50,2672.570228
-50.0,50,2673.797273
-50.0,50,2674.999183
-50.0,50,2676.207898
-50.0,50,2677.413722
-50.0,50,2678.641744
-50.0,50,2679.84802
-50.0,50,2681.044984
-50.0,50,2682.229979
-50.0,50,2683.444792
-50.0,50,2684.67206
-50.0,50,2685.871815
-50.0,50,2687.042464
-50.0,50,2688.189862
-50.0,50,2689.347229
-50.0,50,2690.507785
-50.0,50,2691.818645
-50.0,50,2693.098327
