# {"t_start": 1587934306.4049654, "env_id": "FetchPickAndPlace-v1"} 
r,l,t
-50.0,50,2.904576
-39.0,50,4.687045
-50.0,50,6.453219
-50.0,50,8.433937
-28.0,50,10.219794
-50.0,50,12.035293
-28.0,50,13.863498
-28.0,50,15.703101
-39.0,50,17.591189
-50.0,50,19.599244
-39.0,50,21.57322
-28.0,50,23.577635
-50.0,50,25.561611
-50.0,50,27.483728
-28.0,50,29.539671
-39.0,50,31.601644
9.0,50,33.627186
-28.0,50,35.667349
-28.0,50,37.792482
-7.0,50,39.891947
-28.0,50,42.023006
-28.0,50,42.240851
-28.0,50,42.43688
-39.0,50,42.630945
-39.0,50,42.841802
-28.0,50,43.054306
-39.0,50,43.269018
-16.0,50,43.485512
-39.0,50,43.708229
-39.0,50,43.921774
-39.0,50,44.165833
-39.0,50,46.308374
-28.0,50,48.515666
-28.0,50,50.599735
-50.0,50,52.647739
-18.0,50,54.740259
-39.0,50,56.86167
-39.0,50,59.009028
-28.0,50,61.30818
-28.0,50,63.545147
-28.0,50,65.822119
-28.0,50,68.03988
-39.0,50,70.197504
-39.0,50,72.36616
-28.0,50,74.588704
-39.0,50,77.019154
-10.0,50,79.345842
-50.0,50,81.668492
-28.0,50,84.026784
-28.0,50,86.490541
-28.0,50,88.950569
-28.0,50,89.164752
-28.0,50,89.367712
-24.0,50,89.580546
-39.0,50,89.792538
-28.0,50,89.987883
-39.0,50,90.181022
-28.0,50,90.395677
-28.0,50,90.60079
-1.0,50,90.805448
-50.0,50,91.004358
-39.0,50,93.323864
-39.0,50,95.698637
-50.0,50,98.09533
-39.0,50,100.425866
-50.0,50,102.699211
-39.0,50,105.043169
-39.0,50,107.589458
-28.0,50,110.050777
-28.0,50,112.533639
-28.0,50,114.889778
-50.0,50,117.39081
-28.0,50,119.756383
-28.0,50,122.219826
-50.0,50,124.890635
-28.0,50,127.503006
-25.0,50,130.059088
-28.0,50,132.587621
-12.0,50,135.172414
-28.0,50,137.812599
-28.0,50,140.277124
-28.0,50,140.487775
-39.0,50,140.691143
-28.0,50,140.911494
-39.0,50,141.126246
-39.0,50,141.340947
-39.0,50,141.539942
-28.0,50,141.744984
-28.0,50,141.963481
-39.0,50,142.166689
-50.0,50,142.366093
-50.0,50,144.931269
-39.0,50,147.564822
-28.0,50,150.099859
-28.0,50,152.702379
-39.0,50,155.322153
-28.0,50,157.819911
-50.0,50,160.289773
-28.0,50,162.781571
-39.0,50,165.310447
-28.0,50,167.848289
-28.0,50,170.410419
-39.0,50,172.913134
-28.0,50,175.489235
-28.0,50,178.176676
-39.0,50,180.935382
-28.0,50,183.644382
-39.0,50,186.344952
-4.0,50,189.179329
-28.0,50,191.868242
-1.0,50,194.70684
-39.0,50,194.912727
-28.0,50,195.101966
-28.0,50,195.304427
4.0,50,195.514583
-28.0,50,195.731865
12.0,50,195.954878
-28.0,50,196.156868
-39.0,50,196.379105
-1.0,50,196.586869
-28.0,50,196.792922
-28.0,50,199.584902
-28.0,50,202.400079
-28.0,50,205.137627
-28.0,50,207.845366
-28.0,50,210.582539
-28.0,50,213.318023
-28.0,50,216.116301
-39.0,50,219.005381
-28.0,50,222.06548
-39.0,50,225.230006
-28.0,50,228.297846
-28.0,50,231.323946
-28.0,50,234.14606
-6.0,50,236.862662
6.0,50,239.719741
-28.0,50,242.535137
-28.0,50,245.261936
-28.0,50,248.048111
-28.0,50,250.840357
-28.0,50,253.652375
-28.0,50,253.851555
8.0,50,254.06759
10.0,50,254.289878
-28.0,50,254.505972
-39.0,50,254.710701
0.0,50,254.927907
-3.0,50,255.150255
-28.0,50,255.369521
6.0,50,255.585158
-28.0,50,255.772431
-50.0,50,258.595852
-28.0,50,261.541845
-10.0,50,264.415061
-28.0,50,267.244668
-28.0,50,270.146265
-21.0,50,273.108257
-28.0,50,276.011212
-28.0,50,278.861825
-39.0,50,281.689134
-39.0,50,284.543463
-39.0,50,287.400278
-28.0,50,290.285269
-2.0,50,293.124101
-28.0,50,296.000211
-27.0,50,299.002647
-28.0,50,302.004946
-28.0,50,304.9639
-2.0,50,307.971591
-11.0,50,311.003719
-39.0,50,314.077584
-28.0,50,314.267344
-28.0,50,314.461586
-28.0,50,314.648628
-39.0,50,314.830045
-23.0,50,315.033133
-39.0,50,315.23674
-19.0,50,315.441173
-28.0,50,315.634751
-39.0,50,315.844433
-28.0,50,316.044567
-28.0,50,319.034943
-28.0,50,322.086795
-28.0,50,325.049652
-28.0,50,328.007869
-39.0,50,331.01381
-28.0,50,334.005866
-28.0,50,336.96103
-22.0,50,339.960996
-28.0,50,342.953404
-28.0,50,346.0065
-23.0,50,349.197109
-26.0,50,352.424704
-5.0,50,355.588663
7.0,50,358.816267
-28.0,50,361.96288
-28.0,50,364.977877
-7.0,50,368.116731
-24.0,50,371.287462
-28.0,50,374.568908
-28.0,50,377.712927
-28.0,50,377.918165
5.0,50,378.120026
-28.0,50,378.310229
-28.0,50,378.537444
10.0,50,378.740349
-11.0,50,378.967505
-28.0,50,379.144635
-4.0,50,379.33854
-28.0,50,379.552284
-28.0,50,379.73511
-39.0,50,382.900664
-39.0,50,386.301813
-39.0,50,389.7734
-28.0,50,393.19435
-7.0,50,396.510727
-28.0,50,399.599421
-28.0,50,402.744646
-22.0,50,406.216882
-28.0,50,409.54478
-28.0,50,412.884305
-39.0,50,416.220274
-28.0,50,419.575104
-28.0,50,422.986013
-28.0,50,426.360969
-39.0,50,429.785922
-39.0,50,433.310372
-28.0,50,436.825653
-28.0,50,440.335598
-39.0,50,443.63798
-28.0,50,447.052255
-28.0,50,447.262172
-28.0,50,447.473639
-28.0,50,447.662469
-28.0,50,447.862711
-1.0,50,448.067574
-28.0,50,448.255138
-19.0,50,448.47706
11.0,50,448.674859
-28.0,50,448.871704
-28.0,50,449.071759
-28.0,50,452.47697
-39.0,50,455.774256
-28.0,50,459.147826
-28.0,50,462.492494
-28.0,50,465.908033
-28.0,50,469.234768
-39.0,50,472.730205
-28.0,50,476.146959
-28.0,50,479.597401
-28.0,50,483.048686
-28.0,50,486.451036
-28.0,50,489.912291
-28.0,50,493.34951
-28.0,50,496.78596
-28.0,50,500.178775
-28.0,50,503.599412
10.0,50,507.021202
-28.0,50,510.391733
-28.0,50,513.856034
3.0,50,517.334522
-28.0,50,517.541742
-39.0,50,517.736443
-28.0,50,517.940362
-28.0,50,518.134151
-28.0,50,518.358871
-28.0,50,518.57824
-28.0,50,518.790379
-28.0,50,518.979606
-28.0,50,519.183223
-26.0,50,519.408606
-28.0,50,522.882107
-28.0,50,526.43355
-28.0,50,530.023398
-28.0,50,533.631159
-28.0,50,537.12675
-28.0,50,540.957741
-28.0,50,544.564059
-39.0,50,548.185095
-28.0,50,551.862662
-28.0,50,555.479785
-25.0,50,559.095981
-28.0,50,562.807782
-28.0,50,566.375017
-28.0,50,570.232275
-7.0,50,573.847063
-28.0,50,577.58876
-28.0,50,581.363765
-50.0,50,585.141858
-28.0,50,589.023929
-28.0,50,592.864201
-28.0,50,593.0694
5.0,50,593.25926
10.0,50,593.474719
-28.0,50,593.682725
-28.0,50,593.893268
-28.0,50,594.101722
5.0,50,594.29392
-25.0,50,594.491918
-11.0,50,594.69725
-28.0,50,594.905735
-28.0,50,598.557508
-28.0,50,602.329503
-28.0,50,606.254009
-28.0,50,610.100284
-10.0,50,613.937745
-28.0,50,617.882157
-18.0,50,621.800296
-28.0,50,625.738204
-28.0,50,629.707535
-22.0,50,633.537262
-28.0,50,637.469658
-19.0,50,641.32963
-28.0,50,645.313331
-28.0,50,649.101748
-28.0,50,652.927596
-28.0,50,656.75419
9.0,50,660.565495
-28.0,50,664.60405
-39.0,50,668.526784
-22.0,50,672.593399
-28.0,50,672.787503
-28.0,50,672.995736
-28.0,50,673.196908
-39.0,50,673.40302
-28.0,50,673.611314
-28.0,50,673.858797
-39.0,50,674.058872
-28.0,50,674.271103
-28.0,50,674.467026
-28.0,50,674.652043
-28.0,50,678.510858
-28.0,50,682.41339
-28.0,50,686.196389
-28.0,50,690.087745
-28.0,50,693.979554
-4.0,50,697.915482
-28.0,50,701.857307
-21.0,50,705.698072
-28.0,50,709.699538
-28.0,50,713.641679
-28.0,50,717.582357
-28.0,50,721.678766
-39.0,50,725.643987
-28.0,50,729.829936
-28.0,50,733.899856
-28.0,50,737.963762
-28.0,50,742.032275
8.0,50,746.084395
-39.0,50,750.141582
-28.0,50,754.158563
-28.0,50,754.352434
-28.0,50,754.548772
-28.0,50,754.739811
-28.0,50,754.939987
-28.0,50,755.129153
-28.0,50,755.31946
-25.0,50,755.524427
-24.0,50,755.722013
-28.0,50,755.934201
-28.0,50,756.12903
-28.0,50,760.141208
-28.0,50,764.145574
0.0,50,768.141825
-28.0,50,772.141532
-28.0,50,776.013768
-28.0,50,780.059036
-28.0,50,784.504381
-28.0,50,789.143071
7.0,50,793.505466
-28.0,50,797.646265
-39.0,50,801.670622
-28.0,50,805.717672
-28.0,50,809.918124
-28.0,50,814.191726
12.0,50,818.284001
-28.0,50,822.391751
-28.0,50,826.815597
-28.0,50,831.05626
10.0,50,835.353451
-28.0,50,839.54916
10.0,50,839.749486
-28.0,50,839.989353
-27.0,50,840.169802
8.0,50,840.382924
-28.0,50,840.600408
-28.0,50,840.813849
-24.0,50,841.025224
-28.0,50,841.240847
11.0,50,841.45568
-28.0,50,841.664229
-28.0,50,845.897572
-28.0,50,850.128015
-28.0,50,854.448615
-27.0,50,858.966869
3.0,50,863.196014
-28.0,50,867.546899
-28.0,50,871.892641
-39.0,50,876.175423
-28.0,50,880.563848
-39.0,50,884.96569
-28.0,50,889.207582
-28.0,50,893.66079
-39.0,50,898.130537
-28.0,50,902.674036
-28.0,50,907.025399
-28.0,50,911.379604
-28.0,50,915.636644
-28.0,50,920.222584
-28.0,50,924.736881
-28.0,50,929.039749
14.0,50,929.23366
-22.0,50,929.437622
-28.0,50,929.616165
-28.0,50,929.80443
-28.0,50,930.025995
-28.0,50,930.203903
-28.0,50,930.405596
-28.0,50,930.623574
8.0,50,930.81502
15.0,50,931.028095
-28.0,50,935.512067
-28.0,50,939.777435
-28.0,50,944.081137
-28.0,50,948.378942
-28.0,50,952.765502
10.0,50,957.321471
-28.0,50,961.704824
-28.0,50,966.294611
-28.0,50,970.903998
-28.0,50,975.542129
-28.0,50,980.128359
-28.0,50,984.874195
-28.0,50,989.405968
-28.0,50,993.872335
-28.0,50,998.623594
-39.0,50,1003.26236
-28.0,50,1007.803319
-28.0,50,1012.249348
15.0,50,1016.677585
-39.0,50,1021.133079
9.0,50,1021.329983
-28.0,50,1021.53753
-28.0,50,1021.737101
-28.0,50,1021.965513
16.0,50,1022.164202
-39.0,50,1022.360828
-28.0,50,1022.576079
-28.0,50,1022.765936
-28.0,50,1022.967084
-28.0,50,1023.140628
-28.0,50,1027.507672
-28.0,50,1031.981486
-39.0,50,1036.422714
8.0,50,1040.899291
-28.0,50,1045.40896
-39.0,50,1050.123035
-28.0,50,1054.842708
-28.0,50,1059.526932
-28.0,50,1064.354383
-28.0,50,1069.061152
-28.0,50,1073.723651
-28.0,50,1078.52526
-28.0,50,1083.230467
-28.0,50,1087.896678
-28.0,50,1092.776842
11.0,50,1097.553486
-28.0,50,1102.198602
-28.0,50,1106.947331
-28.0,50,1111.626455
-28.0,50,1116.615411
-28.0,50,1116.812182
9.0,50,1117.033793
5.0,50,1117.236634
-28.0,50,1117.494484
-21.0,50,1117.712623
-28.0,50,1117.945774
8.0,50,1118.155672
-23.0,50,1118.372965
12.0,50,1118.58961
-28.0,50,1118.77827
-28.0,50,1123.666024
12.0,50,1128.506724
-28.0,50,1133.286559
-28.0,50,1138.113976
-28.0,50,1142.941008
-39.0,50,1147.628183
-28.0,50,1152.45728
-28.0,50,1157.188578
-28.0,50,1162.071143
-28.0,50,1167.185067
7.0,50,1172.098425
-28.0,50,1176.89787
-28.0,50,1181.652258
-28.0,50,1186.416332
-28.0,50,1191.480479
-28.0,50,1196.406842
-28.0,50,1201.308228
-28.0,50,1206.398052
-28.0,50,1211.191288
-4.0,50,1216.177382
-28.0,50,1216.377952
-28.0,50,1216.589111
-28.0,50,1216.799605
-28.0,50,1217.01689
-28.0,50,1217.2194
-28.0,50,1217.422419
-28.0,50,1217.622594
-28.0,50,1217.832426
-28.0,50,1218.051047
-28.0,50,1218.245211
-28.0,50,1223.215299
-27.0,50,1228.286528
-28.0,50,1233.301215
-28.0,50,1238.188226
-28.0,50,1242.971636
-28.0,50,1247.820601
-28.0,50,1252.61215
-28.0,50,1257.629485
-28.0,50,1262.868452
-28.0,50,1267.981247
-28.0,50,1275.137071
-10.0,50,1280.260949
-28.0,50,1285.362239
-28.0,50,1290.520523
-28.0,50,1295.4065
-24.0,50,1300.385484
-28.0,50,1305.402977
-28.0,50,1310.508791
-28.0,50,1315.593727
-2.0,50,1320.790843
0.0,50,1321.028581
-28.0,50,1321.247533
-28.0,50,1321.452743
-39.0,50,1321.635965
-28.0,50,1321.848326
-5.0,50,1322.064821
-39.0,50,1322.272218
-28.0,50,1322.478154
-28.0,50,1322.672322
-28.0,50,1322.876072
-39.0,50,1327.970545
7.0,50,1333.118567
-4.0,50,1338.191739
-28.0,50,1343.574131
-28.0,50,1348.800594
-28.0,50,1353.821436
-28.0,50,1359.082649
-28.0,50,1364.176529
-28.0,50,1369.420167
-28.0,50,1374.546113
8.0,50,1379.598643
-28.0,50,1384.982221
-28.0,50,1390.303973
-28.0,50,1395.536663
-28.0,50,1400.785204
-28.0,50,1406.045639
-28.0,50,1411.350943
-28.0,50,1416.729844
7.0,50,1422.042769
13.0,50,1427.373597
-28.0,50,1427.595055
-28.0,50,1427.816957
-28.0,50,1428.016372
-28.0,50,1428.195826
-28.0,50,1428.394142
-28.0,50,1428.624178
-28.0,50,1428.822453
-28.0,50,1429.039537
-28.0,50,1429.249956
-28.0,50,1429.462079
9.0,50,1434.835068
-28.0,50,1440.254451
-28.0,50,1445.905359
-28.0,50,1451.365895
-28.0,50,1456.527864
-28.0,50,1461.959319
-39.0,50,1467.435986
-28.0,50,1472.949078
-28.0,50,1478.459035
-28.0,50,1483.926808
-28.0,50,1489.390863
-28.0,50,1494.610691
-28.0,50,1499.880681
-28.0,50,1505.478624
-28.0,50,1511.012571
-28.0,50,1516.274533
-28.0,50,1521.818799
12.0,50,1527.047464
-28.0,50,1532.418972
-28.0,50,1537.814428
-28.0,50,1538.016941
-28.0,50,1538.208825
-28.0,50,1538.399837
-28.0,50,1538.605551
-28.0,50,1538.829484
8.0,50,1539.045284
-28.0,50,1539.263904
16.0,50,1539.491375
-10.0,50,1539.735526
-28.0,50,1539.954366
12.0,50,1545.46672
-1.0,50,1551.148089
-28.0,50,1556.758353
-28.0,50,1562.321592
-28.0,50,1567.96441
-28.0,50,1573.674146
-28.0,50,1579.120551
-28.0,50,1584.658864
8.0,50,1590.38407
-28.0,50,1596.033284
-28.0,50,1601.60266
-28.0,50,1607.253133
-28.0,50,1612.93592
-28.0,50,1618.479125
-28.0,50,1624.134761
-28.0,50,1629.777285
-28.0,50,1635.500129
-28.0,50,1641.261651
-21.0,50,1646.851137
9.0,50,1652.526129
13.0,50,1652.736521
-28.0,50,1652.935107
-28.0,50,1653.136692
12.0,50,1653.329273
7.0,50,1653.541973
-28.0,50,1653.744613
-28.0,50,1653.944747
-28.0,50,1654.147136
-28.0,50,1654.352804
-28.0,50,1654.543206
-28.0,50,1660.264713
-21.0,50,1665.992193
-28.0,50,1671.654598
-28.0,50,1677.20818
-28.0,50,1682.804595
-39.0,50,1688.491704
-28.0,50,1694.290549
-28.0,50,1700.63256
-28.0,50,1706.13079
-39.0,50,1711.695552
-28.0,50,1717.11971
-28.0,50,1722.816298
-28.0,50,1728.249228
-28.0,50,1733.660847
-28.0,50,1739.096306
-28.0,50,1744.544511
-28.0,50,1750.042219
-28.0,50,1755.64238
-28.0,50,1761.517388
-28.0,50,1767.331467
-28.0,50,1767.553047
-28.0,50,1767.751091
-28.0,50,1767.955196
-28.0,50,1768.15225
-28.0,50,1768.334588
-28.0,50,1768.535323
-28.0,50,1768.734317
-28.0,50,1768.938311
-28.0,50,1769.13835
8.0,50,1769.338155
-28.0,50,1774.940418
-28.0,50,1780.544334
-28.0,50,1786.147667
-28.0,50,1791.82183
-28.0,50,1797.534782
-28.0,50,1803.34111
-28.0,50,1809.055821
-28.0,50,1814.810586
-28.0,50,1820.7939
-28.0,50,1826.611806
-28.0,50,1832.442246
-28.0,50,1838.263218
-28.0,50,1844.265907
10.0,50,1850.262062
-28.0,50,1856.036377
5.0,50,1861.76053
-28.0,50,1867.475817
-28.0,50,1873.175543
-28.0,50,1878.977857
-28.0,50,1884.812963
-28.0,50,1885.023485
-28.0,50,1885.214487
8.0,50,1885.425915
-28.0,50,1885.635932
-28.0,50,1885.811807
-28.0,50,1886.0325
8.0,50,1886.233198
8.0,50,1886.443465
-28.0,50,1886.623612
-28.0,50,1886.808358
-28.0,50,1892.705262
-28.0,50,1898.697851
-28.0,50,1904.705543
-28.0,50,1910.564371
-28.0,50,1916.492448
-28.0,50,1922.376213
-50.0,50,1928.333351
-28.0,50,1934.358585
-28.0,50,1940.452704
-28.0,50,1946.209931
-28.0,50,1952.357261
-28.0,50,1958.546062
-28.0,50,1965.190285
8.0,50,1971.365806
8.0,50,1978.074935
-28.0,50,1984.597316
-28.0,50,1990.941885
-28.0,50,1996.688649
-28.0,50,2002.486181
-28.0,50,2008.354259
-28.0,50,2008.54289
-28.0,50,2008.74121
-25.0,50,2008.96018
-28.0,50,2009.133816
-28.0,50,2009.326753
-25.0,50,2009.522324
-28.0,50,2009.710783
-28.0,50,2009.917014
-28.0,50,2010.103184
-28.0,50,2010.299356
-22.0,50,2016.083326
-28.0,50,2021.844213
10.0,50,2027.677587
12.0,50,2033.520863
-28.0,50,2039.337043
5.0,50,2045.216065
-28.0,50,2051.064184
-28.0,50,2056.905963
-28.0,50,2062.764375
-28.0,50,2068.637591
-28.0,50,2074.537675
-28.0,50,2080.377068
-28.0,50,2086.252268
-28.0,50,2092.176392
-12.0,50,2098.148564
-28.0,50,2104.090066
-28.0,50,2110.010695
-28.0,50,2115.980034
-28.0,50,2121.945703
-28.0,50,2127.883689
-28.0,50,2128.084259
-28.0,50,2128.279506
2.0,50,2128.492589
15.0,50,2128.715395
-28.0,50,2128.896576
-26.0,50,2129.113619
-28.0,50,2129.293942
8.0,50,2129.49165
7.0,50,2129.683871
-28.0,50,2129.87954
-28.0,50,2135.833256
15.0,50,2141.7938
-28.0,50,2147.765245
-28.0,50,2153.747522
-28.0,50,2159.698505
-28.0,50,2165.684145
4.0,50,2171.730431
-28.0,50,2177.779341
-25.0,50,2183.799649
13.0,50,2189.895703
-28.0,50,2195.934867
-28.0,50,2202.014037
-28.0,50,2208.095753
11.0,50,2214.183892
-28.0,50,2220.240788
13.0,50,2226.328382
-39.0,50,2232.445249
-28.0,50,2238.475766
-28.0,50,2244.546024
-28.0,50,2250.664505
5.0,50,2250.88256
-28.0,50,2251.089057
11.0,50,2251.28179
-28.0,50,2251.494756
-39.0,50,2251.664701
-1.0,50,2251.881111
8.0,50,2252.074163
10.0,50,2252.265649
-28.0,50,2252.481741
-28.0,50,2252.660125
-28.0,50,2258.794142
-28.0,50,2264.975634
-28.0,50,2271.117577
-28.0,50,2277.230026
-28.0,50,2283.347013
-28.0,50,2289.525569
-28.0,50,2295.713084
-28.0,50,2301.86625
-28.0,50,2307.992766
-28.0,50,2314.068091
-20.0,50,2320.309959
-28.0,50,2326.483509
-28.0,50,2332.634188
-28.0,50,2338.880406
10.0,50,2345.071116
-28.0,50,2351.327738
4.0,50,2357.578367
-28.0,50,2363.824474
-28.0,50,2370.129621
-28.0,50,2376.447663
-1.0,50,2376.662107
4.0,50,2376.872075
10.0,50,2377.084302
-28.0,50,2377.285202
-28.0,50,2377.498856
4.0,50,2377.727613
8.0,50,2377.957602
-20.0,50,2378.1505
-28.0,50,2378.341397
-28.0,50,2378.526342
-28.0,50,2384.825706
-24.0,50,2391.105301
16.0,50,2397.384586
-28.0,50,2403.661814
-28.0,50,2410.00591
-28.0,50,2416.279763
-28.0,50,2422.60806
-20.0,50,2428.945444
11.0,50,2435.277009
-28.0,50,2441.701104
-28.0,50,2448.051743
-28.0,50,2454.390783
11.0,50,2460.787545
-28.0,50,2467.139585
-28.0,50,2473.513226
-28.0,50,2479.840448
-28.0,50,2486.273069
-28.0,50,2493.306445
-28.0,50,2500.69121
9.0,50,2507.465098
-28.0,50,2507.663486
-28.0,50,2507.902306
-28.0,50,2508.116256
-28.0,50,2508.309149
-28.0,50,2508.541572
-28.0,50,2508.716638
-28.0,50,2508.931939
-28.0,50,2509.137025
-28.0,50,2509.314832
-28.0,50,2509.54072
-28.0,50,2516.565938
-39.0,50,2524.008559
-23.0,50,2532.606742
-28.0,50,2540.688577
-28.0,50,2549.547267
-28.0,50,2557.991899
-28.0,50,2566.749968
-28.0,50,2575.211719
-28.0,50,2583.84124
-28.0,50,2592.372755
-28.0,50,2600.743996
-20.0,50,2609.268109
-28.0,50,2617.800896
-2.0,50,2626.476221
-28.0,50,2635.256038
-28.0,50,2643.687207
0.0,50,2652.235363
-28.0,50,2660.895506
-28.0,50,2669.270009
-28.0,50,2677.644773
13.0,50,2677.938612
-28.0,50,2678.1776
-28.0,50,2678.437994
-28.0,50,2678.704558
14.0,50,2679.001708
-28.0,50,2679.278434
-28.0,50,2679.520937
-28.0,50,2679.779832
-28.0,50,2680.060401
-28.0,50,2680.329715
-28.0,50,2689.044518
-28.0,50,2697.621778
-28.0,50,2706.412956
-28.0,50,2715.281548
-28.0,50,2724.15906
-28.0,50,2733.055874
-28.0,50,2742.080637
6.0,50,2750.862025
-24.0,50,2759.576345
-28.0,50,2768.437954
-28.0,50,2777.212218
-28.0,50,2785.772066
-28.0,50,2794.477521
-28.0,50,2803.339102
-25.0,50,2812.167383
-28.0,50,2820.86213
-28.0,50,2829.654246
-28.0,50,2838.346628
-28.0,50,2847.192789
-28.0,50,2855.917693
-28.0,50,2856.175039
6.0,50,2856.464409
-28.0,50,2856.732704
-28.0,50,2857.00934
-28.0,50,2857.254055
-28.0,50,2857.507852
-39.0,50,2857.757278
9.0,50,2858.030369
6.0,50,2858.340674
-28.0,50,2858.582121
-28.0,50,2867.386002
-28.0,50,2876.354652
-28.0,50,2885.254044
-28.0,50,2894.460616
4.0,50,2903.963484
-39.0,50,2912.961916
8.0,50,2921.896405
4.0,50,2930.730002
-28.0,50,2939.57808
5.0,50,2948.409033
-28.0,50,2957.427766
-28.0,50,2966.471431
-10.0,50,2975.342847
-28.0,50,2984.416899
-28.0,50,2993.270713
-28.0,50,3002.393984
-26.0,50,3011.355397
4.0,50,3020.217701
-28.0,50,3029.215438
11.0,50,3038.131868
6.0,50,3038.396521
-39.0,50,3038.66954
-28.0,50,3038.949976
-28.0,50,3039.211991
-28.0,50,3039.457524
-28.0,50,3039.733562
-28.0,50,3040.020753
-28.0,50,3040.293506
-28.0,50,3040.562603
-21.0,50,3040.824153
-28.0,50,3049.862445
-23.0,50,3058.851996
17.0,50,3067.816586
-28.0,50,3076.938156
-2.0,50,3085.878302
-28.0,50,3094.986493
-26.0,50,3104.036707
-28.0,50,3113.075279
-28.0,50,3122.305391
-28.0,50,3131.451233
-28.0,50,3140.390033
-28.0,50,3149.529246
-28.0,50,3158.865085
4.0,50,3168.137323
-28.0,50,3175.807723
-28.0,50,3183.14685
-28.0,50,3190.779491
8.0,50,3198.037749
-28.0,50,3205.070203
-28.0,50,3212.241067
-28.0,50,3212.476086
-28.0,50,3212.698202
-28.0,50,3212.924104
-28.0,50,3213.132158
7.0,50,3213.34944
-28.0,50,3213.560167
-17.0,50,3213.757326
15.0,50,3213.991735
-28.0,50,3214.196169
-28.0,50,3214.424168
-28.0,50,3221.779338
6.0,50,3229.150403
-28.0,50,3236.607704
-21.0,50,3244.246836
-4.0,50,3251.898153
-28.0,50,3259.666495
16.0,50,3267.724202
10.0,50,3275.316379
-28.0,50,3283.062141
-24.0,50,3290.601332
-28.0,50,3298.441795
-18.0,50,3306.328493
-28.0,50,3313.790896
-28.0,50,3321.1545
-23.0,50,3328.544098
8.0,50,3336.055072
-28.0,50,3343.994327
-28.0,50,3351.671361
-28.0,50,3359.279005
11.0,50,3366.941305
7.0,50,3367.167876
-18.0,50,3367.392884
-28.0,50,3367.613686
12.0,50,3367.825263
16.0,50,3368.035597
-28.0,50,3368.278836
-28.0,50,3368.537451
10.0,50,3368.765213
-28.0,50,3368.996533
2.0,50,3369.239694
-28.0,50,3377.115441
-28.0,50,3384.465177
-28.0,50,3392.507436
-28.0,50,3400.128371
14.0,50,3408.013069
-28.0,50,3415.958848
-28.0,50,3423.600668
-28.0,50,3431.213931
12.0,50,3439.115345
-5.0,50,3446.97314
-28.0,50,3454.798438
-28.0,50,3462.451528
-28.0,50,3470.386451
-28.0,50,3478.249556
-2.0,50,3486.065452
-4.0,50,3493.682382
-28.0,50,3501.819551
-28.0,50,3509.829766
-28.0,50,3517.730892
2.0,50,3525.520349
-25.0,50,3525.723305
5.0,50,3525.934643
-17.0,50,3526.148347
-28.0,50,3526.387528
7.0,50,3526.633182
6.0,50,3526.839123
-24.0,50,3527.053917
9.0,50,3527.256567
-28.0,50,3527.491958
4.0,50,3527.719396
-28.0,50,3535.862931
-28.0,50,3543.687958
-28.0,50,3551.612293
-28.0,50,3559.412514
-28.0,50,3567.288183
-24.0,50,3575.284327
-28.0,50,3583.150624
-28.0,50,3591.033453
-28.0,50,3599.040025
-28.0,50,3607.055385
-28.0,50,3615.110512
2.0,50,3623.450521
8.0,50,3631.551182
-28.0,50,3639.974617
8.0,50,3648.285138
-39.0,50,3656.87025
-28.0,50,3664.991188
-28.0,50,3672.70563
-28.0,50,3680.336937
-28.0,50,3687.874839
-28.0,50,3688.086417
2.0,50,3688.274004
-28.0,50,3688.476832
-6.0,50,3688.681387
-28.0,50,3688.88519
3.0,50,3689.087729
4.0,50,3689.285578
-28.0,50,3689.49714
-6.0,50,3689.688647
-28.0,50,3689.880304
2.0,50,3697.43284
-28.0,50,3705.287422
-28.0,50,3713.115865
10.0,50,3720.867797
-28.0,50,3728.653618
-28.0,50,3736.452238
-28.0,50,3744.200534
-28.0,50,3751.993285
-28.0,50,3760.02205
-26.0,50,3767.987441
-28.0,50,3775.905279
-28.0,50,3784.157212
-28.0,50,3792.045469
-28.0,50,3800.081868
-28.0,50,3808.166497
-28.0,50,3816.253351
-28.0,50,3824.107933
-28.0,50,3832.325919
-28.0,50,3840.648561
-28.0,50,3848.78287
-28.0,50,3849.011732
-28.0,50,3849.219129
8.0,50,3849.442813
-28.0,50,3849.644798
-28.0,50,3849.877547
9.0,50,3850.105422
-24.0,50,3850.314967
-28.0,50,3850.56752
-28.0,50,3850.800328
-28.0,50,3851.007855
-28.0,50,3860.428617
-28.0,50,3869.760557
-28.0,50,3878.288378
-28.0,50,3887.625193
6.0,50,3896.167769
-28.0,50,3904.494846
-28.0,50,3912.751246
-28.0,50,3920.983975
-5.0,50,3929.824526
-28.0,50,3937.941318
6.0,50,3945.746264
-28.0,50,3953.537296
-28.0,50,3961.374382
-28.0,50,3969.1968
-28.0,50,3977.101312
4.0,50,3984.924023
-28.0,50,3992.833913
-28.0,50,4000.703944
-28.0,50,4008.731747
-28.0,50,4016.798375
6.0,50,4017.028955
-28.0,50,4017.254197
-28.0,50,4017.473354
-28.0,50,4017.690609
-15.0,50,4017.907352
-28.0,50,4018.108019
17.0,50,4018.322723
-28.0,50,4018.540952
4.0,50,4018.742181
-28.0,50,4018.942273
-28.0,50,4027.016629
12.0,50,4035.832792
12.0,50,4044.478501
-28.0,50,4052.964208
8.0,50,4061.402115
-28.0,50,4069.833121
-28.0,50,4078.445683
12.0,50,4086.677795
-27.0,50,4095.192573
-28.0,50,4103.863491
10.0,50,4113.218343
-28.0,50,4121.883356
-28.0,50,4130.626621
-28.0,50,4138.993524
-21.0,50,4147.271333
-28.0,50,4155.485377
8.0,50,4163.678546
-28.0,50,4172.429976
-28.0,50,4181.003605
-5.0,50,4189.46117
6.0,50,4189.691456
-8.0,50,4189.919448
-28.0,50,4190.133739
9.0,50,4190.360869
-28.0,50,4190.596636
6.0,50,4190.80238
11.0,50,4191.005642
13.0,50,4191.230218
10.0,50,4191.475645
18.0,50,4191.686368
-27.0,50,4200.425368
-28.0,50,4209.141508
5.0,50,4218.340401
-11.0,50,4227.121383
-39.0,50,4236.640806
-28.0,50,4245.726401
-28.0,50,4254.328329
-28.0,50,4262.859045
-28.0,50,4271.541049
5.0,50,4280.21356
13.0,50,4288.900358
-28.0,50,4297.286843
5.0,50,4305.727364
2.0,50,4314.220334
-27.0,50,4322.677884
-28.0,50,4331.346689
8.0,50,4339.887845
8.0,50,4348.63777
-28.0,50,4357.19463
15.0,50,4367.497937
9.0,50,4367.742099
-28.0,50,4367.971854
-28.0,50,4368.16421
6.0,50,4368.386567
-28.0,50,4368.584598
14.0,50,4368.78955
-28.0,50,4369.007669
10.0,50,4369.225534
-27.0,50,4369.424572
-8.0,50,4369.656827
-28.0,50,4378.45102
-28.0,50,4386.928187
-28.0,50,4395.759272
-28.0,50,4404.700102
8.0,50,4413.421317
-28.0,50,4422.994081
-28.0,50,4432.382307
-28.0,50,4441.04106
-28.0,50,4449.636977
10.0,50,4458.476416
12.0,50,4467.238711
-28.0,50,4476.166894
-28.0,50,4484.688864
-28.0,50,4493.503924
-28.0,50,4502.158362
13.0,50,4510.840861
-28.0,50,4519.605114
-28.0,50,4528.183515
-15.0,50,4536.674666
5.0,50,4545.212301
-28.0,50,4545.427311
-28.0,50,4545.633913
-28.0,50,4545.83135
-28.0,50,4546.029193
2.0,50,4546.230227
2.0,50,4546.449126
8.0,50,4546.664143
-11.0,50,4546.866213
10.0,50,4547.075951
-28.0,50,4547.254123
-39.0,50,4556.395451
-28.0,50,4565.461429
2.0,50,4574.402322
-28.0,50,4583.236554
-28.0,50,4592.407579
-28.0,50,4601.381521
-6.0,50,4610.443529
11.0,50,4619.309484
-28.0,50,4628.395907
-28.0,50,4637.50326
-9.0,50,4646.614257
-20.0,50,4655.9098
-28.0,50,4664.36806
-28.0,50,4672.842381
12.0,50,4681.410551
-28.0,50,4690.396373
16.0,50,4699.297039
-22.0,50,4708.078769
-11.0,50,4717.196321
-28.0,50,4726.350412
-1.0,50,4726.562883
-28.0,50,4726.767923
-28.0,50,4726.994128
-28.0,50,4727.199354
-28.0,50,4727.42606
-28.0,50,4727.628738
4.0,50,4727.821538
-28.0,50,4728.040583
13.0,50,4728.24064
-28.0,50,4728.439007
-28.0,50,4737.585726
-28.0,50,4746.350773
-3.0,50,4755.206048
-28.0,50,4764.032873
-28.0,50,4773.150135
4.0,50,4782.236386
-39.0,50,4791.606385
-28.0,50,4800.867603
-28.0,50,4809.661656
-17.0,50,4818.894577
-28.0,50,4828.010967
-28.0,50,4837.347992
-28.0,50,4846.259521
-28.0,50,4855.136647
-28.0,50,4864.001732
5.0,50,4872.849749
10.0,50,4881.725806
-28.0,50,4890.661546
14.0,50,4899.62611
12.0,50,4908.551662
7.0,50,4908.744381
11.0,50,4908.93805
-28.0,50,4909.120591
-24.0,50,4909.312512
2.0,50,4909.516188
-28.0,50,4909.699586
-28.0,50,4909.90052
6.0,50,4910.106824
9.0,50,4910.315177
-28.0,50,4910.512523
-28.0,50,4919.38403
-28.0,50,4928.391606
-26.0,50,4937.328585
-20.0,50,4946.266829
-28.0,50,4955.167894
5.0,50,4964.002116
-9.0,50,4973.326486
-28.0,50,4982.275436
-28.0,50,4991.308361
-24.0,50,5000.322858
-24.0,50,5009.280738
-28.0,50,5018.282448
-20.0,50,5027.93778
-28.0,50,5037.077946
-17.0,50,5046.64095
-28.0,50,5055.697984
10.0,50,5065.07224
-28.0,50,5074.236489
-15.0,50,5083.211115
-28.0,50,5092.614877
10.0,50,5092.811637
-28.0,50,5093.040067
-28.0,50,5093.234676
-28.0,50,5093.439532
-28.0,50,5093.653702
7.0,50,5093.899412
-28.0,50,5094.111394
16.0,50,5094.309245
13.0,50,5094.520512
-26.0,50,5094.709492
-18.0,50,5103.951986
-28.0,50,5113.265203
-28.0,50,5122.613057
-28.0,50,5131.973673
-28.0,50,5141.343029
-9.0,50,5150.433652
-1.0,50,5159.456998
13.0,50,5171.835043
-28.0,50,5181.196918
-28.0,50,5190.695298
-22.0,50,5200.038121
-7.0,50,5209.317723
-28.0,50,5218.508108
-28.0,50,5227.767778
-28.0,50,5237.079518
-8.0,50,5246.155454
-28.0,50,5255.675055
1.0,50,5264.832161
11.0,50,5274.053159
-28.0,50,5283.412679
-26.0,50,5283.616406
0.0,50,5283.811612
-3.0,50,5284.06523
-19.0,50,5284.254964
-2.0,50,5284.480098
11.0,50,5284.665911
7.0,50,5284.874299
3.0,50,5285.088997
-28.0,50,5285.283912
-27.0,50,5285.507831
3.0,50,5295.269045
7.0,50,5304.794737
-28.0,50,5314.476394
-28.0,50,5323.900199
-28.0,50,5333.628942
5.0,50,5343.220491
12.0,50,5352.551783
-28.0,50,5362.236031
-27.0,50,5371.532765
-28.0,50,5380.674462
-9.0,50,5389.782275
-28.0,50,5398.749441
-16.0,50,5407.868467
-9.0,50,5417.163949
-28.0,50,5426.869054
8.0,50,5436.268245
-28.0,50,5445.684695
-28.0,50,5455.152642
-28.0,50,5464.892064
9.0,50,5474.899454
-28.0,50,5475.103643
9.0,50,5475.313214
-28.0,50,5475.517145
6.0,50,5475.713833
10.0,50,5475.927221
-8.0,50,5476.145898
7.0,50,5476.364109
-28.0,50,5476.568128
-39.0,50,5476.766757
-28.0,50,5476.968315
12.0,50,5486.628429
-1.0,50,5496.401075
-28.0,50,5506.147627
-39.0,50,5515.809064
-28.0,50,5525.462488
12.0,50,5535.218079
-28.0,50,5547.74241
-28.0,50,5557.504118
-28.0,50,5567.074863
-28.0,50,5576.599815
-28.0,50,5586.508031
-28.0,50,5596.089233
-5.0,50,5605.528238
5.0,50,5615.074117
-26.0,50,5624.578785
-22.0,50,5634.320065
-28.0,50,5644.130588
9.0,50,5654.092135
-28.0,50,5663.836433
9.0,50,5673.572406
2.0,50,5673.785255
-28.0,50,5673.992474
-28.0,50,5674.188697
-28.0,50,5674.390149
-28.0,50,5674.621431
-28.0,50,5674.835953
-28.0,50,5675.059049
-28.0,50,5675.257761
-28.0,50,5675.457355
-28.0,50,5675.643174
3.0,50,5685.303349
-28.0,50,5695.281173
-28.0,50,5705.083287
-23.0,50,5714.568951
-28.0,50,5724.391658
-28.0,50,5734.444625
-21.0,50,5744.521476
-28.0,50,5754.078146
-28.0,50,5763.641409
3.0,50,5773.345533
-28.0,50,5783.384651
-28.0,50,5793.174587
9.0,50,5802.874658
-28.0,50,5812.659173
-28.0,50,5822.615857
-28.0,50,5832.744757
7.0,50,5842.900223
-14.0,50,5853.085995
-28.0,50,5863.152047
8.0,50,5873.082503
-28.0,50,5873.298099
9.0,50,5873.508623
7.0,50,5873.709796
-28.0,50,5873.916077
10.0,50,5874.120817
-28.0,50,5874.326681
8.0,50,5874.543474
8.0,50,5874.747675
-28.0,50,5874.95618
-28.0,50,5875.159406
9.0,50,5885.120549
6.0,50,5895.16426
11.0,50,5904.933244
-22.0,50,5914.928055
-28.0,50,5924.575377
-25.0,50,5934.21671
-28.0,50,5943.914148
-28.0,50,5953.785049
-28.0,50,5963.790755
-28.0,50,5973.890631
-16.0,50,5983.980574
-28.0,50,5994.081448
-39.0,50,6003.987524
-26.0,50,6013.809165
-39.0,50,6023.750309
-1.0,50,6034.010028
-39.0,50,6044.274735
11.0,50,6054.243919
-25.0,50,6064.125895
-19.0,50,6073.768327
-28.0,50,6073.976057
-10.0,50,6074.187693
6.0,50,6074.399995
-28.0,50,6074.617813
-28.0,50,6074.834231
8.0,50,6075.030301
-5.0,50,6075.261574
-28.0,50,6075.450291
-39.0,50,6075.640315
-23.0,50,6075.830923
8.0,50,6085.348094
-21.0,50,6094.949856
2.0,50,6104.543596
-12.0,50,6114.605536
-25.0,50,6124.918192
-28.0,50,6135.178081
3.0,50,6145.674119
-28.0,50,6156.211088
-28.0,50,6166.173879
-28.0,50,6176.43339
-28.0,50,6186.336828
11.0,50,6196.520196
-28.0,50,6206.446508
13.0,50,6216.1923
8.0,50,6227.472253
-27.0,50,6237.36761
-28.0,50,6247.462063
-28.0,50,6257.457301
-28.0,50,6267.490798
6.0,50,6277.608544
-19.0,50,6277.821031
-3.0,50,6278.01026
2.0,50,6278.20075
-28.0,50,6278.440786
-28.0,50,6278.644219
-28.0,50,6278.855818
-28.0,50,6279.090209
5.0,50,6279.295291
-28.0,50,6279.52301
-9.0,50,6279.726003
-8.0,50,6289.747989
-28.0,50,6299.825751
-28.0,50,6309.621412
-28.0,50,6319.478946
-28.0,50,6329.207408
-39.0,50,6339.02501
-28.0,50,6349.171464
-14.0,50,6359.577762
-28.0,50,6369.771907
-28.0,50,6380.02155
-28.0,50,6390.247802
8.0,50,6400.420158
8.0,50,6410.652227
-28.0,50,6421.158645
-28.0,50,6431.130236
-28.0,50,6440.94539
-23.0,50,6450.771136
-28.0,50,6460.914223
-28.0,50,6470.994502
-8.0,50,6481.338454
-14.0,50,6481.557832
4.0,50,6481.764859
10.0,50,6481.95988
5.0,50,6482.165349
-1.0,50,6482.372212
11.0,50,6482.573354
-28.0,50,6482.779735
5.0,50,6482.990879
8.0,50,6483.186668
-28.0,50,6483.378422
-4.0,50,6493.264202
3.0,50,6503.061198
-7.0,50,6513.040879
12.0,50,6522.885115
-28.0,50,6532.864424
-28.0,50,6543.265144
5.0,50,6553.46537
-28.0,50,6563.574863
-26.0,50,6574.513273
-28.0,50,6584.713786
-28.0,50,6595.237719
-26.0,50,6605.377043
0.0,50,6616.094789
-11.0,50,6626.102027
-28.0,50,6636.043377
12.0,50,6646.598969
-18.0,50,6657.462597
-28.0,50,6668.322441
-28.0,50,6679.133662
-28.0,50,6689.96705
-28.0,50,6690.192787
-39.0,50,6690.402703
-28.0,50,6690.612707
-28.0,50,6690.851817
-28.0,50,6691.061366
7.0,50,6691.310478
-11.0,50,6691.529023
-39.0,50,6691.741044
-28.0,50,6691.974687
-28.0,50,6692.19432
-18.0,50,6702.958614
-28.0,50,6713.686549
-28.0,50,6724.46844
-28.0,50,6735.365318
-28.0,50,6746.247797
-28.0,50,6759.621683
-5.0,50,6772.188914
-3.0,50,6782.565605
8.0,50,6792.913807
-28.0,50,6804.06613
-3.0,50,6814.835967
-28.0,50,6826.39929
-22.0,50,6840.48243
-28.0,50,6851.352159
-39.0,50,6861.966151
-28.0,50,6872.79197
-28.0,50,6883.463614
-6.0,50,6893.875333
-12.0,50,6905.044915
11.0,50,6915.953077
10.0,50,6916.190961
10.0,50,6916.409531
6.0,50,6916.623887
-2.0,50,6916.849142
8.0,50,6917.067355
14.0,50,6917.297158
-3.0,50,6917.542765
4.0,50,6917.776647
3.0,50,6918.004681
-28.0,50,6918.214074
-28.0,50,6929.159387
5.0,50,6943.73749
-23.0,50,6955.02914
-28.0,50,6965.821628
-28.0,50,6976.947957
7.0,50,6988.701115
17.0,50,7000.710487
-28.0,50,7011.125746
-28.0,50,7022.195048
-2.0,50,7033.251551
-24.0,50,7044.890969
6.0,50,7059.307435
-25.0,50,7071.949133
-28.0,50,7083.473142
-28.0,50,7095.344152
-28.0,50,7108.030889
-28.0,50,7120.014165
-28.0,50,7131.48839
-18.0,50,7142.887284
6.0,50,7154.111984
10.0,50,7154.295674
-28.0,50,7154.499743
-28.0,50,7154.709417
6.0,50,7154.925681
11.0,50,7155.115726
4.0,50,7155.332794
-28.0,50,7155.546461
7.0,50,7155.74461
-28.0,50,7155.943785
6.0,50,7156.135581
11.0,50,7166.981324
-28.0,50,7177.993961
-28.0,50,7189.210103
8.0,50,7199.792693
-28.0,50,7210.446609
-28.0,50,7221.340861
-28.0,50,7232.195933
7.0,50,7242.968416
-24.0,50,7254.440852
-28.0,50,7265.928306
-28.0,50,7277.408797
-22.0,50,7289.061234
-28.0,50,7300.879719
-28.0,50,7312.121375
7.0,50,7323.245916
-28.0,50,7333.956882
-28.0,50,7344.649694
-39.0,50,7355.365236
-28.0,50,7366.067977
-28.0,50,7377.373474
-28.0,50,7377.58068
-12.0,50,7377.795776
-20.0,50,7378.016342
5.0,50,7378.248005
8.0,50,7378.473017
7.0,50,7378.708793
7.0,50,7378.947876
8.0,50,7379.169354
-28.0,50,7379.406555
-28.0,50,7379.617967
-28.0,50,7390.85749
-27.0,50,7401.95935
-28.0,50,7413.347131
-28.0,50,7424.552708
-16.0,50,7438.778116
7.0,50,7451.320205
-28.0,50,7462.813248
1.0,50,7475.31715
-7.0,50,7489.482665
-16.0,50,7505.401634
-5.0,50,7518.300386
-28.0,50,7530.306368
-28.0,50,7544.734411
6.0,50,7556.998283
-24.0,50,7568.314874
-28.0,50,7580.088085
10.0,50,7592.782844
-16.0,50,7606.857468
-28.0,50,7620.689977
6.0,50,7633.778763
9.0,50,7634.004433
9.0,50,7634.244627
16.0,50,7634.47422
5.0,50,7634.695572
-11.0,50,7634.951755
-28.0,50,7635.164739
-2.0,50,7635.412717
-11.0,50,7635.629138
16.0,50,7635.850944
10.0,50,7636.068997
-39.0,50,7647.453149
9.0,50,7658.488085
-28.0,50,7669.891739
8.0,50,7681.036741
-3.0,50,7692.155793
-28.0,50,7703.265736
-28.0,50,7714.413021
3.0,50,7725.557501
-28.0,50,7736.249011
-28.0,50,7747.099068
-28.0,50,7758.524493
-8.0,50,7769.752834
8.0,50,7780.995689
-16.0,50,7792.213134
-28.0,50,7803.624471
-3.0,50,7814.758009
9.0,50,7826.570453
-28.0,50,7838.272179
-28.0,50,7852.175843
5.0,50,7865.698807
-28.0,50,7865.950641
7.0,50,7866.283422
10.0,50,7866.619134
6.0,50,7866.906934
11.0,50,7867.205195
4.0,50,7867.480787
-26.0,50,7867.762162
6.0,50,7868.060757
6.0,50,7868.359418
3.0,50,7868.620519
-28.0,50,7883.305623
-28.0,50,7894.644019
-28.0,50,7905.955092
-28.0,50,7917.106866
-28.0,50,7928.15667
4.0,50,7940.145803
-15.0,50,7951.794167
-4.0,50,7963.758281
-28.0,50,7979.384941
12.0,50,7992.964357
5.0,50,8004.543416
-28.0,50,8016.17005
10.0,50,8027.545745
-13.0,50,8040.670476
-28.0,50,8055.407788
-3.0,50,8068.597768
-28.0,50,8083.623338
-28.0,50,8096.269445
-1.0,50,8108.378962
-3.0,50,8123.391695
-28.0,50,8123.693603
5.0,50,8124.007895
-26.0,50,8124.321353
-28.0,50,8124.625817
-28.0,50,8124.9551
-28.0,50,8125.240166
5.0,50,8125.481717
6.0,50,8125.708751
-3.0,50,8125.964434
-20.0,50,8126.178522
-28.0,50,8137.812868
-28.0,50,8149.219557
-5.0,50,8161.315773
-21.0,50,8176.75051
-14.0,50,8188.979141
-21.0,50,8201.052757
-28.0,50,8216.704698
-22.0,50,8228.323781
1.0,50,8240.195456
-28.0,50,8253.189198
4.0,50,8264.765783
-28.0,50,8276.692637
-28.0,50,8288.405405
-26.0,50,8299.964482
10.0,50,8311.164004
-28.0,50,8323.635087
-20.0,50,8334.962215
-20.0,50,8346.192189
-28.0,50,8358.668308
7.0,50,8371.713631
11.0,50,8371.957944
10.0,50,8372.183106
2.0,50,8372.409374
-28.0,50,8372.657952
-28.0,50,8372.89604
4.0,50,8373.153389
-19.0,50,8373.388065
-28.0,50,8373.617168
13.0,50,8373.870263
15.0,50,8374.098981
-28.0,50,8386.596519
9.0,50,8398.39819
-28.0,50,8410.420027
-28.0,50,8422.552791
11.0,50,8434.202441
-28.0,50,8446.19663
-28.0,50,8458.165611
7.0,50,8471.212234
-28.0,50,8483.064314
-28.0,50,8495.20642
11.0,50,8507.282198
11.0,50,8519.167547
-28.0,50,8531.192885
-28.0,50,8543.375645
-21.0,50,8555.270087
-28.0,50,8567.189839
-28.0,50,8579.46706
-26.0,50,8591.740346
-8.0,50,8603.842868
-28.0,50,8615.827809
15.0,50,8616.06306
6.0,50,8616.302994
-28.0,50,8616.516248
9.0,50,8616.742893
-28.0,50,8616.965042
-28.0,50,8617.186426
12.0,50,8617.406633
3.0,50,8617.652368
-28.0,50,8617.92136
-28.0,50,8618.112286
-7.0,50,8630.000987
-10.0,50,8642.384432
-28.0,50,8654.159822
4.0,50,8665.932016
-21.0,50,8677.406493
-28.0,50,8689.22464
-28.0,50,8701.159189
-20.0,50,8712.785931
-28.0,50,8725.176084
3.0,50,8737.833529
8.0,50,8750.19968
-20.0,50,8762.270291
-28.0,50,8774.667028
-23.0,50,8786.568772
-28.0,50,8799.053332
-18.0,50,8810.933312
-28.0,50,8823.035705
-18.0,50,8835.513403
-28.0,50,8847.139493
12.0,50,8858.504002
5.0,50,8858.700054
-28.0,50,8858.89242
-28.0,50,8859.089742
14.0,50,8859.286484
10.0,50,8859.496977
-28.0,50,8859.705012
8.0,50,8859.919868
6.0,50,8860.128566
3.0,50,8860.353578
-14.0,50,8860.565118
-13.0,50,8872.447428
-16.0,50,8884.284484
6.0,50,8896.052984
-24.0,50,8907.436283
7.0,50,8918.725718
-28.0,50,8930.64138
-28.0,50,8942.404998
8.0,50,8954.290093
-22.0,50,8965.678042
8.0,50,8977.15747
-28.0,50,8988.61599
-28.0,50,9000.798531
-28.0,50,9013.208962
-28.0,50,9024.897299
-2.0,50,9036.672944
-28.0,50,9048.298195
-28.0,50,9061.07009
10.0,50,9073.981622
-28.0,50,9086.797836
11.0,50,9098.953328
13.0,50,9099.169081
-28.0,50,9099.364325
9.0,50,9099.570246
-28.0,50,9099.763102
-6.0,50,9099.948346
-28.0,50,9100.134434
-28.0,50,9100.343432
-28.0,50,9100.54591
4.0,50,9100.741816
-18.0,50,9100.937704
-27.0,50,9112.956762
-28.0,50,9125.185981
-28.0,50,9137.232158
-23.0,50,9149.441033
-28.0,50,9161.376498
-9.0,50,9173.070356
5.0,50,9184.923955
-28.0,50,9196.914474
-28.0,50,9211.162186
-12.0,50,9223.594881
-8.0,50,9235.389225
-39.0,50,9247.50908
-27.0,50,9260.086352
-28.0,50,9272.377483
-21.0,50,9284.567255
-28.0,50,9296.822801
-28.0,50,9308.823117
-7.0,50,9320.947917
-28.0,50,9334.820969
13.0,50,9347.204597
10.0,50,9347.428414
12.0,50,9347.63049
10.0,50,9347.85231
-28.0,50,9348.029895
-28.0,50,9348.259804
11.0,50,9348.473067
14.0,50,9348.676586
3.0,50,9348.870584
0.0,50,9349.065924
-22.0,50,9349.27602
-28.0,50,9361.206096
-12.0,50,9373.702396
-28.0,50,9386.19952
-13.0,50,9398.652858
9.0,50,9411.127615
-7.0,50,9423.542107
3.0,50,9435.697518
10.0,50,9447.597344
-11.0,50,9459.659741
-28.0,50,9472.056395
-2.0,50,9486.627787
-11.0,50,9500.782865
-28.0,50,9514.070421
-28.0,50,9526.40776
-28.0,50,9538.995848
-28.0,50,9551.141785
-1.0,50,9563.781643
-7.0,50,9576.086897
-21.0,50,9588.347549
-28.0,50,9601.882178
-8.0,50,9602.141214
-28.0,50,9602.40475
-28.0,50,9602.646052
-28.0,50,9602.883048
10.0,50,9603.134502
11.0,50,9603.381856
-3.0,50,9603.641582
-28.0,50,9603.874369
8.0,50,9604.102024
9.0,50,9604.343884
10.0,50,9618.318734
-4.0,50,9630.850713
6.0,50,9643.469424
-28.0,50,9655.923464
7.0,50,9668.633213
10.0,50,9681.473617
-24.0,50,9693.863443
-19.0,50,9706.189908
7.0,50,9718.416857
-28.0,50,9730.528655
-28.0,50,9742.948689
-13.0,50,9755.802685
1.0,50,9768.536769
-28.0,50,9780.778436
-28.0,50,9793.601334
-28.0,50,9806.564801
-28.0,50,9819.4436
-3.0,50,9832.20975
8.0,50,9845.065197
14.0,50,9857.908027
14.0,50,9858.130443
8.0,50,9858.358521
-28.0,50,9858.563217
9.0,50,9858.769183
4.0,50,9858.993474
8.0,50,9859.227724
7.0,50,9859.440396
4.0,50,9859.642641
-28.0,50,9859.852244
-28.0,50,9860.043091
-28.0,50,9872.331169
-39.0,50,9884.81612
-9.0,50,9897.315194
-18.0,50,9909.797179
-22.0,50,9922.087896
-28.0,50,9934.421135
-25.0,50,9947.226819
-28.0,50,9959.563025
-25.0,50,9972.037649
6.0,50,9984.755197
-28.0,50,9997.741806
-28.0,50,10011.245056
-28.0,50,10024.352041
-28.0,50,10037.316998
13.0,50,10050.436569
4.0,50,10064.362114
12.0,50,10076.767326
-28.0,50,10089.337388
-1.0,50,10101.673715
13.0,50,10114.378491
11.0,50,10114.589807
-28.0,50,10114.790412
6.0,50,10115.063363
-25.0,50,10115.280636
1.0,50,10115.508436
10.0,50,10115.705666
14.0,50,10115.937239
7.0,50,10116.138778
11.0,50,10116.333204
-28.0,50,10116.553308
-28.0,50,10129.584008
9.0,50,10142.565225
-16.0,50,10156.002332
-28.0,50,10168.935083
-28.0,50,10184.879282
-28.0,50,10197.607135
-20.0,50,10210.522358
-28.0,50,10222.99504
0.0,50,10236.217556
-39.0,50,10249.188387
-28.0,50,10261.785065
-28.0,50,10274.628108
-28.0,50,10287.435059
-2.0,50,10299.994549
-21.0,50,10312.63249
-20.0,50,10325.673543
-28.0,50,10338.240389
-28.0,50,10350.940107
-28.0,50,10363.693814
1.0,50,10376.638283
-13.0,50,10376.851008
9.0,50,10377.07723
-1.0,50,10377.309562
14.0,50,10377.548164
-28.0,50,10377.758017
1.0,50,10377.97823
-28.0,50,10378.22161
-1.0,50,10378.452561
16.0,50,10378.678933
11.0,50,10378.876346
-8.0,50,10391.848093
-13.0,50,10404.942034
-28.0,50,10417.852805
-17.0,50,10430.730569
9.0,50,10443.625329
10.0,50,10456.238345
-28.0,50,10469.066685
-28.0,50,10481.920027
-28.0,50,10494.689479
-4.0,50,10507.566502
1.0,50,10520.324034
-28.0,50,10532.898574
-28.0,50,10545.737113
-28.0,50,10558.520414
-28.0,50,10571.497494
3.0,50,10584.466381
8.0,50,10597.471388
-4.0,50,10610.552785
10.0,50,10623.632861
9.0,50,10636.64788
-4.0,50,10636.921042
8.0,50,10637.136744
13.0,50,10637.36165
11.0,50,10637.5967
-39.0,50,10637.839459
-28.0,50,10638.052165
13.0,50,10638.282317
9.0,50,10638.507717
-28.0,50,10638.701143
5.0,50,10638.894532
-13.0,50,10652.030122
-28.0,50,10665.043725
5.0,50,10678.152448
12.0,50,10691.416363
9.0,50,10704.536451
-28.0,50,10717.661648
-28.0,50,10730.577003
-7.0,50,10743.390995
-3.0,50,10756.567268
-28.0,50,10769.842057
3.0,50,10782.96999
-28.0,50,10796.335864
10.0,50,10809.563158
-28.0,50,10822.401629
-39.0,50,10835.481795
1.0,50,10848.752537
-19.0,50,10861.889661
12.0,50,10875.036527
-6.0,50,10888.286217
10.0,50,10901.639254
-1.0,50,10901.859744
10.0,50,10902.048541
4.0,50,10902.234016
7.0,50,10902.44568
8.0,50,10902.667907
7.0,50,10902.877008
-28.0,50,10903.058841
-19.0,50,10903.263967
4.0,50,10903.487623
-2.0,50,10903.668618
-2.0,50,10917.007429
-27.0,50,10929.812366
-3.0,50,10942.785325
-28.0,50,10956.225955
-23.0,50,10969.663488
-28.0,50,10983.698567
-3.0,50,10996.487344
-12.0,50,11009.420745
8.0,50,11022.85745
-11.0,50,11036.151465
-28.0,50,11049.924942
-28.0,50,11063.473217
-2.0,50,11076.915084
8.0,50,11090.58953
-20.0,50,11103.777916
11.0,50,11116.886572
-28.0,50,11129.968903
-12.0,50,11143.693626
-28.0,50,11157.075153
8.0,50,11170.753522
-28.0,50,11170.982161
-28.0,50,11171.183262
4.0,50,11171.386253
9.0,50,11171.601088
4.0,50,11171.851266
-28.0,50,11172.039416
4.0,50,11172.256951
9.0,50,11172.470888
-2.0,50,11172.676876
-28.0,50,11172.879147
8.0,50,11186.475871
-28.0,50,11200.01814
-28.0,50,11213.544394
-1.0,50,11227.13278
-28.0,50,11240.180392
-28.0,50,11253.555847
-28.0,50,11266.815664
6.0,50,11280.255479
7.0,50,11294.158788
-6.0,50,11307.560106
-28.0,50,11320.730196
-10.0,50,11333.813284
-1.0,50,11346.785907
-5.0,50,11359.970608
4.0,50,11373.723061
15.0,50,11386.946062
6.0,50,11400.594737
-28.0,50,11413.802654
-18.0,50,11427.058965
16.0,50,11440.565698
10.0,50,11440.788091
-28.0,50,11440.987973
5.0,50,11441.219787
-1.0,50,11441.450633
-18.0,50,11441.676754
13.0,50,11441.918373
7.0,50,11442.130033
-6.0,50,11442.364895
13.0,50,11442.588239
-22.0,50,11442.788215
-24.0,50,11456.093064
-28.0,50,11469.337708
-4.0,50,11482.775137
-28.0,50,11496.259378
-14.0,50,11509.787962
10.0,50,11523.419336
5.0,50,11537.070448
-28.0,50,11550.32371
3.0,50,11563.850656
-28.0,50,11577.898456
-22.0,50,11591.607229
-28.0,50,11606.057248
-24.0,50,11619.572699
-39.0,50,11632.786655
-28.0,50,11646.542114
-14.0,50,11659.577651
-16.0,50,11672.675173
-13.0,50,11686.038507
8.0,50,11699.374228
-39.0,50,11712.756225
10.0,50,11712.965957
-28.0,50,11713.157868
15.0,50,11713.361882
-17.0,50,11713.557812
3.0,50,11713.758048
-28.0,50,11713.934318
-8.0,50,11714.128471
6.0,50,11714.328867
7.0,50,11714.523568
-9.0,50,11714.705705
-28.0,50,11727.862576
-28.0,50,11741.204547
-24.0,50,11754.729591
-28.0,50,11767.801332
-28.0,50,11781.214956
15.0,50,11795.026182
-28.0,50,11808.675729
-28.0,50,11822.561219
-28.0,50,11836.366644
5.0,50,11850.096307
-28.0,50,11863.661164
-28.0,50,11877.172841
-28.0,50,11890.77037
14.0,50,11904.447999
-10.0,50,11918.298716
9.0,50,11932.200182
-3.0,50,11946.165411
6.0,50,11959.919068
15.0,50,11978.116355
6.0,50,11992.229756
0.0,50,11992.434515
4.0,50,11992.646596
12.0,50,11992.856177
-28.0,50,11993.057971
7.0,50,11993.252349
7.0,50,11993.468309
9.0,50,11993.666722
-11.0,50,11993.879794
14.0,50,11994.083268
0.0,50,11994.289738
9.0,50,12008.774888
-28.0,50,12023.846653
-1.0,50,12038.299705
-18.0,50,12053.132007
5.0,50,12068.49467
-18.0,50,12083.205068
-28.0,50,12096.689993
-28.0,50,12109.918539
-13.0,50,12123.515086
-26.0,50,12137.263017
-14.0,50,12151.234709
-22.0,50,12165.133718
0.0,50,12178.935571
-28.0,50,12192.639369
-27.0,50,12206.28163
-28.0,50,12220.27734
8.0,50,12234.243897
5.0,50,12248.320853
15.0,50,12262.031915
-3.0,50,12275.798395
16.0,50,12276.054856
-28.0,50,12276.256735
6.0,50,12276.487264
-14.0,50,12276.709189
2.0,50,12276.937192
10.0,50,12277.164643
2.0,50,12277.361049
11.0,50,12277.559244
8.0,50,12277.778429
-12.0,50,12277.995339
5.0,50,12291.915581
-24.0,50,12305.780574
-19.0,50,12319.727003
-21.0,50,12333.743145
5.0,50,12347.826615
-18.0,50,12361.706881
-26.0,50,12375.802123
-2.0,50,12389.995964
-28.0,50,12404.170272
14.0,50,12418.271004
-22.0,50,12432.169582
13.0,50,12446.368949
-28.0,50,12460.258719
-28.0,50,12474.283867
-28.0,50,12488.276529
-13.0,50,12502.482978
1.0,50,12516.417934
-4.0,50,12530.289175
-6.0,50,12544.303753
11.0,50,12558.019558
-28.0,50,12558.225425
11.0,50,12558.438475
-28.0,50,12558.632874
7.0,50,12558.83398
5.0,50,12559.012199
-28.0,50,12559.207733
-3.0,50,12559.386827
-28.0,50,12559.569298
8.0,50,12559.770893
-28.0,50,12559.952439
-28.0,50,12573.328781
-28.0,50,12587.261689
-16.0,50,12601.394297
1.0,50,12615.525018
-20.0,50,12629.6333
-28.0,50,12643.540845
-28.0,50,12657.894372
-8.0,50,12672.230956
-1.0,50,12686.286716
6.0,50,12701.073118
-28.0,50,12715.495862
4.0,50,12729.997886
-11.0,50,12744.520848
2.0,50,12758.751572
9.0,50,12772.574951
7.0,50,12786.439033
-17.0,50,12800.179286
-28.0,50,12814.35663
-28.0,50,12828.425214
4.0,50,12842.447118
4.0,50,12842.656142
3.0,50,12842.887582
12.0,50,12843.102169
-28.0,50,12843.285262
1.0,50,12843.497666
4.0,50,12843.696542
-1.0,50,12843.912626
12.0,50,12844.128415
2.0,50,12844.325859
-28.0,50,12844.51005
-28.0,50,12858.449618
-28.0,50,12872.576363
-39.0,50,12887.123532
-3.0,50,12901.18097
-28.0,50,12915.803491
-28.0,50,12929.929476
7.0,50,12944.719441
-28.0,50,12958.946288
-28.0,50,12973.292651
-28.0,50,12987.542378
5.0,50,13001.892119
-2.0,50,13016.504953
7.0,50,13031.088615
-18.0,50,13045.656945
-28.0,50,13060.33071
8.0,50,13075.037206
8.0,50,13089.985353
-17.0,50,13104.811204
-28.0,50,13119.436854
1.0,50,13134.373609
11.0,50,13134.569419
-28.0,50,13134.810259
5.0,50,13135.02335
5.0,50,13135.228097
-2.0,50,13135.450772
8.0,50,13135.643007
7.0,50,13135.881676
11.0,50,13136.089714
1.0,50,13136.309576
-15.0,50,13136.490159
-28.0,50,13150.636694
4.0,50,13164.756651
-5.0,50,13179.228885
11.0,50,13193.885723
5.0,50,13208.762482
-28.0,50,13224.172692
-28.0,50,13238.237052
4.0,50,13252.393648
2.0,50,13266.467039
5.0,50,13280.942143
-25.0,50,13295.451375
-11.0,50,13309.891008
-28.0,50,13324.196678
-28.0,50,13339.428668
-14.0,50,13354.081452
-28.0,50,13368.902247
-28.0,50,13383.834221
-28.0,50,13398.416475
-28.0,50,13414.837022
10.0,50,13429.515108
-28.0,50,13429.718211
-28.0,50,13429.95155
-21.0,50,13430.165801
-28.0,50,13430.378293
2.0,50,13430.600296
13.0,50,13430.824192
-28.0,50,13431.05943
13.0,50,13431.294169
-28.0,50,13431.496561
-28.0,50,13431.710414
-5.0,50,13445.962665
-28.0,50,13460.333354
-3.0,50,13475.365874
-28.0,50,13490.159062
-28.0,50,13504.890567
-28.0,50,13519.586226
-17.0,50,13534.12305
-15.0,50,13548.867733
-26.0,50,13563.860848
-16.0,50,13579.006004
10.0,50,13593.412863
-28.0,50,13607.931311
12.0,50,13622.863473
-10.0,50,13638.099874
4.0,50,13653.127789
-28.0,50,13668.974311
1.0,50,13683.467588
6.0,50,13697.980618
-22.0,50,13712.494788
4.0,50,13726.881632
-28.0,50,13727.08152
4.0,50,13727.287347
6.0,50,13727.508243
11.0,50,13727.751173
8.0,50,13727.960412
-28.0,50,13728.146881
4.0,50,13728.352634
-28.0,50,13728.548371
-28.0,50,13728.731438
9.0,50,13728.912795
-16.0,50,13742.950413
8.0,50,13757.182209
5.0,50,13771.305304
-28.0,50,13785.480732
-10.0,50,13799.772767
11.0,50,13814.743548
-28.0,50,13829.829798
-27.0,50,13845.052653
-6.0,50,13859.868779
-28.0,50,13874.3283
-28.0,50,13888.986086
6.0,50,13903.449429
13.0,50,13918.321629
14.0,50,13933.489472
-16.0,50,13948.789764
9.0,50,13964.260195
-25.0,50,13979.202705
4.0,50,13993.733405
7.0,50,14009.010736
-3.0,50,14024.227401
-19.0,50,14024.41798
-28.0,50,14024.640372
3.0,50,14024.897434
-28.0,50,14025.139049
1.0,50,14025.36393
5.0,50,14025.583679
-28.0,50,14025.819185
-28.0,50,14026.045559
7.0,50,14026.255561
-28.0,50,14026.490784
-18.0,50,14041.836763
-17.0,50,14057.011052
-6.0,50,14072.012136
-5.0,50,14087.429619
-28.0,50,14102.061312
-28.0,50,14116.808844
5.0,50,14131.775435
6.0,50,14146.687095
13.0,50,14161.605709
-28.0,50,14177.145153
-28.0,50,14192.077668
-28.0,50,14207.601281
-5.0,50,14222.821864
15.0,50,14237.775134
-8.0,50,14252.71317
-28.0,50,14267.848969
-28.0,50,14283.293832
6.0,50,14298.473692
11.0,50,14313.764755
-28.0,50,14328.707682
6.0,50,14328.925308
13.0,50,14329.129348
-28.0,50,14329.319404
12.0,50,14329.527231
6.0,50,14329.739396
11.0,50,14329.926241
10.0,50,14330.12263
8.0,50,14330.305524
13.0,50,14330.496806
-28.0,50,14330.668004
-25.0,50,14345.629244
-28.0,50,14360.885816
-28.0,50,14375.429553
13.0,50,14389.899666
-28.0,50,14404.550354
-9.0,50,14419.29872
15.0,50,14434.250165
-28.0,50,14448.919797
2.0,50,14463.454122
-4.0,50,14478.510481
-28.0,50,14493.326895
-13.0,50,14508.794762
-20.0,50,14524.409999
-28.0,50,14540.319029
3.0,50,14554.886041
-11.0,50,14570.323355
-28.0,50,14585.939924
-7.0,50,14601.327817
-2.0,50,14616.730186
10.0,50,14631.687678
9.0,50,14631.904454
-28.0,50,14632.114349
11.0,50,14632.324666
-3.0,50,14632.543873
17.0,50,14632.75
0.0,50,14632.947508
8.0,50,14633.1511
5.0,50,14633.364238
12.0,50,14633.577835
-28.0,50,14633.765151
-28.0,50,14648.789542
-28.0,50,14664.035831
-28.0,50,14679.559383
-28.0,50,14694.882982
4.0,50,14710.437747
5.0,50,14725.696241
-28.0,50,14740.883251
-6.0,50,14755.998253
-28.0,50,14771.317918
-28.0,50,14786.65294
8.0,50,14802.514361
6.0,50,14818.297876
-13.0,50,14834.109783
-28.0,50,14849.938601
2.0,50,14865.712054
-8.0,50,14881.219962
-28.0,50,14896.837341
-6.0,50,14912.353408
10.0,50,14928.162026
-28.0,50,14943.935673
8.0,50,14944.173362
-39.0,50,14944.370076
-28.0,50,14944.620442
10.0,50,14944.82767
-28.0,50,14945.025002
5.0,50,14945.278265
10.0,50,14945.488294
4.0,50,14945.722796
5.0,50,14945.946927
-39.0,50,14946.177191
-28.0,50,14961.846737
-28.0,50,14978.01881
-28.0,50,14994.187345
-28.0,50,15009.810211
-19.0,50,15025.932685
-28.0,50,15042.187888
-28.0,50,15057.527301
-28.0,50,15072.445213
-6.0,50,15087.299188
-28.0,50,15102.476021
6.0,50,15117.76517
-1.0,50,15132.629905
-28.0,50,15147.979146
-28.0,50,15163.308804
-28.0,50,15180.837327
-28.0,50,15196.597757
6.0,50,15212.254232
-12.0,50,15227.913008
-1.0,50,15243.825268
4.0,50,15259.567628
4.0,50,15259.776069
13.0,50,15259.977005
14.0,50,15260.179978
-5.0,50,15260.37642
-3.0,50,15260.561794
9.0,50,15260.759444
4.0,50,15260.966137
4.0,50,15261.183388
12.0,50,15261.382322
13.0,50,15261.580571
9.0,50,15277.223558
-28.0,50,15292.736605
-8.0,50,15308.397623
0.0,50,15324.119012
-6.0,50,15339.714459
-16.0,50,15356.085276
-28.0,50,15371.530606
-24.0,50,15387.221004
-16.0,50,15403.109682
-28.0,50,15418.675543
-28.0,50,15433.931174
13.0,50,15449.64294
