# {"t_start": 1585388028.9687347, "env_id": "FetchPickAndPlace-v1"} 
r,l,t
-50.0,50,4.407538
-38.0,50,5.540636
-44.0,50,6.595016
-44.0,50,7.654006
-38.0,50,8.712525
-50.0,50,9.778706
-44.0,50,10.839702
-44.0,50,11.916187
-38.0,50,12.996327
-38.0,50,14.079056
-38.0,50,15.176006
-38.0,50,16.277948
-44.0,50,17.38264
21.0,50,18.493842
-38.0,50,19.599882
-38.0,50,20.712339
-38.0,50,21.829908
-44.0,50,22.945065
-44.0,50,24.073744
-44.0,50,25.166844
-38.0,50,26.316287
-38.0,50,26.495506
14.0,50,26.67702
-38.0,50,26.862841
-38.0,50,27.032301
-38.0,50,27.209189
-38.0,50,27.386437
-38.0,50,27.568522
-38.0,50,27.744941
-38.0,50,27.927695
11.0,50,28.141941
-44.0,50,29.273372
-38.0,50,30.432736
-38.0,50,31.586892
-38.0,50,32.746864
-38.0,50,33.898209
-38.0,50,35.069168
-44.0,50,36.248792
-38.0,50,37.43033
0.0,50,38.617319
-38.0,50,39.798055
-38.0,50,40.9537
-38.0,50,42.1244
-38.0,50,43.330957
-38.0,50,44.496589
-38.0,50,45.667752
-38.0,50,46.842997
-38.0,50,48.040053
-38.0,50,49.239442
-38.0,50,50.449092
-38.0,50,51.641889
-38.0,50,51.815185
-38.0,50,51.993359
-38.0,50,52.166288
-38.0,50,52.344126
-38.0,50,52.51841
-38.0,50,52.692287
-38.0,50,52.865654
-38.0,50,53.040822
-38.0,50,53.221814
6.0,50,53.396738
-15.0,50,54.60511
-38.0,50,55.826375
-38.0,50,57.051389
-38.0,50,58.275172
-38.0,50,59.532184
-38.0,50,60.75356
-38.0,50,61.962729
-38.0,50,63.192958
14.0,50,64.427289
-38.0,50,65.656125
-17.0,50,66.889727
-38.0,50,68.14087
-38.0,50,69.409067
-38.0,50,70.654534
-38.0,50,71.924104
-38.0,50,73.167087
-38.0,50,74.427066
-38.0,50,75.719783
-38.0,50,76.984572
-38.0,50,78.267347
-38.0,50,78.45308
22.0,50,78.626007
-38.0,50,78.802867
-38.0,50,78.980409
-38.0,50,79.160172
21.0,50,79.339208
-38.0,50,79.519167
-38.0,50,79.701593
22.0,50,79.872849
-38.0,50,80.044649
-38.0,50,81.326758
-38.0,50,82.61525
-38.0,50,83.884216
-11.0,50,85.174061
-38.0,50,86.459618
-13.0,50,87.750226
-38.0,50,89.03037
1.0,50,90.316157
-38.0,50,91.603732
-38.0,50,92.86995
-38.0,50,94.149229
-38.0,50,95.433701
-38.0,50,96.709311
-7.0,50,97.999636
-38.0,50,99.288953
14.0,50,100.563224
-38.0,50,101.849852
-38.0,50,103.143541
-38.0,50,104.444879
-38.0,50,105.739877
-38.0,50,105.920472
-38.0,50,106.098128
10.0,50,106.279986
12.0,50,106.456175
-38.0,50,106.631804
-38.0,50,106.811512
-38.0,50,106.986249
-38.0,50,107.159789
-38.0,50,107.349079
-38.0,50,107.533209
-38.0,50,108.829167
-38.0,50,110.155578
-38.0,50,111.453302
-38.0,50,112.765575
-38.0,50,114.059341
-38.0,50,115.375955
-38.0,50,116.670674
9.0,50,117.997712
-44.0,50,119.314744
-38.0,50,120.62398
-38.0,50,121.935036
-38.0,50,123.249029
-38.0,50,124.566891
-38.0,50,125.836909
-38.0,50,127.095919
-38.0,50,128.362181
-38.0,50,129.64149
-38.0,50,130.922511
-38.0,50,132.22955
-38.0,50,133.526003
12.0,50,133.702653
15.0,50,133.869277
-38.0,50,134.037499
13.0,50,134.208023
15.0,50,134.382065
-38.0,50,134.550228
-38.0,50,134.726222
12.0,50,134.90094
-38.0,50,135.071307
-38.0,50,135.230031
-7.0,50,136.522098
-38.0,50,137.810751
-38.0,50,139.101766
-38.0,50,140.410865
3.0,50,141.720016
-38.0,50,143.023077
-38.0,50,144.321154
-38.0,50,145.65038
-38.0,50,146.970694
0.0,50,148.314148
-38.0,50,149.671162
-50.0,50,151.016269
-38.0,50,152.371513
-38.0,50,153.724622
-38.0,50,155.0837
-38.0,50,156.453552
-38.0,50,157.79217
-38.0,50,159.109123
5.0,50,160.44291
-38.0,50,161.80552
14.0,50,161.97519
11.0,50,162.166584
-3.0,50,162.34153
-38.0,50,162.527949
-38.0,50,162.698589
-38.0,50,162.879148
-38.0,50,163.040856
-38.0,50,163.227154
13.0,50,163.399464
-38.0,50,163.563204
-38.0,50,164.915375
-38.0,50,166.275727
-38.0,50,167.63862
-38.0,50,168.998151
-38.0,50,170.345576
-38.0,50,171.698206
-38.0,50,173.047878
-38.0,50,174.412906
-38.0,50,175.763612
-7.0,50,177.149598
-38.0,50,178.612377
11.0,50,180.057451
-38.0,50,181.508465
-38.0,50,182.952344
-38.0,50,184.386777
-38.0,50,185.820023
-38.0,50,187.256426
-38.0,50,188.693196
-38.0,50,190.169702
-38.0,50,191.649116
-38.0,50,191.820215
-38.0,50,191.996359
-38.0,50,192.172436
-38.0,50,192.347876
-38.0,50,192.525579
-38.0,50,192.704575
-38.0,50,192.872226
-38.0,50,193.069667
-38.0,50,193.256338
-38.0,50,193.428125
-38.0,50,194.89413
-38.0,50,196.351926
-38.0,50,197.824208
-38.0,50,199.292863
-38.0,50,200.800667
-38.0,50,202.269134
-38.0,50,203.745613
-38.0,50,205.235805
-38.0,50,206.726299
-38.0,50,208.217705
-38.0,50,209.700757
-5.0,50,211.178895
-38.0,50,212.668355
-38.0,50,214.129312
-38.0,50,215.590107
-38.0,50,217.045539
-38.0,50,218.531774
-38.0,50,220.00842
-38.0,50,221.496454
-38.0,50,222.983601
-38.0,50,223.15178
-38.0,50,223.328999
-38.0,50,223.499093
-38.0,50,223.664247
-38.0,50,223.835965
-38.0,50,224.002803
-38.0,50,224.179351
-38.0,50,224.349779
-38.0,50,224.521134
-38.0,50,224.698788
-38.0,50,226.208466
-38.0,50,227.70137
-38.0,50,229.191948
-38.0,50,230.700081
-38.0,50,232.187824
4.0,50,233.705634
-38.0,50,235.200227
-38.0,50,236.722368
-38.0,50,238.231063
-38.0,50,239.780888
-38.0,50,241.30078
-38.0,50,242.82909
-38.0,50,244.363665
-38.0,50,245.921768
-38.0,50,247.461124
-38.0,50,248.975638
-38.0,50,250.50162
-38.0,50,252.039905
-38.0,50,253.574892
-38.0,50,255.114711
-38.0,50,255.282828
-38.0,50,255.470938
-38.0,50,255.634343
-38.0,50,255.803305
20.0,50,255.974529
-38.0,50,256.154393
-38.0,50,256.346468
-38.0,50,256.520605
-38.0,50,256.690147
-38.0,50,256.868182
-38.0,50,258.456769
-38.0,50,260.037637
-38.0,50,261.60494
-38.0,50,263.178599
-38.0,50,264.746808
-38.0,50,266.320282
-4.0,50,267.904962
-38.0,50,269.474391
-38.0,50,271.064149
-38.0,50,272.658744
-38.0,50,274.242972
-38.0,50,275.828583
-38.0,50,277.415829
-38.0,50,279.017769
-38.0,50,280.609737
-38.0,50,282.208915
-38.0,50,283.808821
-38.0,50,285.413876
-38.0,50,287.026482
-38.0,50,288.630572
-38.0,50,288.789569
-38.0,50,288.949364
-38.0,50,289.124967
-38.0,50,289.293854
18.0,50,289.470714
-38.0,50,289.645
-38.0,50,289.805728
-38.0,50,289.966388
-38.0,50,290.1479
-38.0,50,290.311203
-38.0,50,291.94994
-38.0,50,293.555716
-38.0,50,295.197977
-38.0,50,296.812487
-38.0,50,298.433563
-38.0,50,300.084651
-38.0,50,301.785337
-38.0,50,303.41042
-38.0,50,305.040807
-38.0,50,306.69277
-38.0,50,308.34619
-38.0,50,309.983674
-38.0,50,311.634349
-38.0,50,313.264561
-38.0,50,314.905387
-38.0,50,316.552119
-10.0,50,318.191576
-38.0,50,319.807346
-38.0,50,321.443841
-38.0,50,323.08466
22.0,50,323.255383
-38.0,50,323.449322
-38.0,50,323.6276
-38.0,50,323.813303
-38.0,50,323.998618
-38.0,50,324.17917
-38.0,50,324.352236
-38.0,50,324.540649
-38.0,50,324.703986
-38.0,50,324.87636
-38.0,50,326.553765
-38.0,50,328.235729
-38.0,50,329.893624
-38.0,50,331.560274
-38.0,50,333.224557
-38.0,50,334.903568
-38.0,50,336.558916
-38.0,50,338.225679
-38.0,50,339.885012
-38.0,50,341.558053
-38.0,50,343.247835
-38.0,50,344.916539
-38.0,50,346.591664
-38.0,50,348.269255
-38.0,50,349.951007
-38.0,50,351.647095
-38.0,50,353.338475
-38.0,50,355.028744
-38.0,50,356.728992
-38.0,50,358.448388
-38.0,50,358.629419
-38.0,50,358.814404
-38.0,50,358.990984
-38.0,50,359.156172
-38.0,50,359.328032
-38.0,50,359.50486
-38.0,50,359.680537
-38.0,50,359.850628
-38.0,50,360.020384
-44.0,50,360.204896
-38.0,50,361.944264
-38.0,50,363.667596
-38.0,50,365.395369
-38.0,50,367.131355
-38.0,50,368.879907
-38.0,50,370.599114
-38.0,50,372.337414
-38.0,50,374.100039
-38.0,50,375.816263
-38.0,50,377.575572
-38.0,50,379.346513
-38.0,50,381.093427
-38.0,50,382.86537
-38.0,50,384.640631
-38.0,50,386.392806
-38.0,50,388.209049
-38.0,50,390.024014
-38.0,50,391.800563
-38.0,50,393.564403
11.0,50,395.358335
-38.0,50,395.533053
-38.0,50,395.712406
-38.0,50,395.885373
-38.0,50,396.059355
-38.0,50,396.218966
-38.0,50,396.381405
-38.0,50,396.553739
-38.0,50,396.722593
-38.0,50,396.885329
-38.0,50,397.054132
-38.0,50,398.831751
26.0,50,400.606647
-38.0,50,402.392111
-38.0,50,404.186793
-38.0,50,405.953805
-38.0,50,407.752728
-38.0,50,409.549845
-38.0,50,411.3909
-2.0,50,413.22883
-38.0,50,415.060073
-38.0,50,416.881786
-38.0,50,418.703701
-38.0,50,420.483593
-38.0,50,422.29855
-38.0,50,424.098739
-38.0,50,425.927011
9.0,50,427.752253
-38.0,50,429.592238
-38.0,50,431.447885
-38.0,50,433.320583
-38.0,50,433.50919
-38.0,50,433.687892
-38.0,50,433.85214
26.0,50,434.028935
-38.0,50,434.197186
-38.0,50,434.366707
-38.0,50,434.548204
-38.0,50,434.715089
25.0,50,434.90232
-38.0,50,435.066808
-38.0,50,436.892593
-38.0,50,438.702162
-38.0,50,440.530634
-38.0,50,442.350314
9.0,50,444.188943
-38.0,50,446.050202
26.0,50,447.888825
-38.0,50,449.746139
-38.0,50,451.634292
-38.0,50,453.475197
4.0,50,455.323382
-38.0,50,457.156944
19.0,50,459.000673
-38.0,50,460.842916
-38.0,50,462.700692
-38.0,50,464.541353
-50.0,50,466.399744
-38.0,50,468.268456
2.0,50,470.142931
-38.0,50,472.038069
2.0,50,472.233461
24.0,50,472.409585
19.0,50,472.6022
26.0,50,472.777075
-6.0,50,472.956912
-38.0,50,473.136355
-38.0,50,473.329531
20.0,50,473.514033
-2.0,50,473.70872
-38.0,50,473.878183
-44.0,50,475.759542
-38.0,50,477.652138
-38.0,50,479.555132
-38.0,50,481.440878
-38.0,50,483.309743
-38.0,50,485.211218
24.0,50,487.140933
-38.0,50,489.024902
-38.0,50,490.904081
-38.0,50,492.784757
-38.0,50,494.69717
-38.0,50,496.617314
-38.0,50,498.540537
-38.0,50,500.459078
-38.0,50,502.407909
-38.0,50,504.342989
-38.0,50,506.276285
-38.0,50,508.191208
-38.0,50,510.153989
-38.0,50,512.085253
-38.0,50,512.253108
-38.0,50,512.411039
-38.0,50,512.5763
-38.0,50,512.750701
-38.0,50,512.920125
-14.0,50,513.082026
-38.0,50,513.251776
-38.0,50,513.425383
-38.0,50,513.599114
-38.0,50,513.760278
-38.0,50,515.655858
-38.0,50,517.578722
-38.0,50,519.485603
-38.0,50,521.406701
-38.0,50,523.362737
-38.0,50,525.297713
-38.0,50,527.217508
-38.0,50,529.143702
-38.0,50,531.081063
-38.0,50,533.013428
-38.0,50,534.949121
-38.0,50,536.908448
-4.0,50,538.887834
-38.0,50,540.809144
-38.0,50,542.747936
-44.0,50,544.736093
-38.0,50,546.702275
-38.0,50,548.695805
-38.0,50,550.694044
-38.0,50,552.645203
-38.0,50,552.805817
-38.0,50,552.98085
-38.0,50,553.142555
-38.0,50,553.315166
-38.0,50,553.495549
-38.0,50,553.683625
-44.0,50,553.853118
-38.0,50,554.022171
-38.0,50,554.190674
-14.0,50,554.356948
-38.0,50,556.326732
13.0,50,558.265991
-38.0,50,560.212162
-38.0,50,562.154414
-38.0,50,564.128296
-38.0,50,566.083256
-38.0,50,568.030648
-38.0,50,570.000933
-38.0,50,571.952584
-38.0,50,573.912711
-38.0,50,575.880369
-38.0,50,577.843286
-38.0,50,579.851167
-38.0,50,581.840607
-2.0,50,583.851152
-38.0,50,585.872277
-38.0,50,587.875144
-38.0,50,589.857495
-38.0,50,591.848916
-38.0,50,593.862956
-38.0,50,594.028504
-38.0,50,594.202757
-38.0,50,594.387898
-38.0,50,594.563192
-38.0,50,594.736237
-38.0,50,594.906709
-38.0,50,595.078692
-38.0,50,595.252479
17.0,50,595.41907
-16.0,50,595.587112
-38.0,50,597.611737
-38.0,50,599.631555
-38.0,50,601.919447
-38.0,50,604.108572
2.0,50,606.128881
-38.0,50,608.15912
-38.0,50,610.193387
-38.0,50,612.235538
-38.0,50,614.277145
-38.0,50,616.346778
-38.0,50,618.401041
-38.0,50,620.441823
25.0,50,622.480718
-38.0,50,624.510831
-38.0,50,626.560595
13.0,50,628.609658
-38.0,50,630.655816
-38.0,50,632.701981
-44.0,50,634.754605
-38.0,50,636.820095
-38.0,50,636.973834
-38.0,50,637.140717
-38.0,50,637.317468
-38.0,50,637.477941
-38.0,50,637.651317
25.0,50,637.839818
-38.0,50,638.015806
-38.0,50,638.191665
-38.0,50,638.371873
-38.0,50,638.539261
21.0,50,640.598335
-38.0,50,642.658282
-38.0,50,644.718334
-38.0,50,646.805158
-38.0,50,648.85163
-38.0,50,650.918165
-38.0,50,652.997004
-38.0,50,655.069
-1.0,50,657.158237
-38.0,50,659.281061
-38.0,50,661.35402
-38.0,50,663.445792
-38.0,50,665.540159
-38.0,50,667.621876
-38.0,50,669.743671
-38.0,50,671.847234
-38.0,50,673.948822
-38.0,50,676.129119
-38.0,50,678.28735
-38.0,50,680.482577
-38.0,50,680.654475
-38.0,50,680.840992
13.0,50,681.028973
-38.0,50,681.2075
24.0,50,681.383486
-38.0,50,681.575001
-10.0,50,681.760216
-38.0,50,681.93183
-38.0,50,682.106095
-38.0,50,682.27966
24.0,50,684.397025
-38.0,50,686.542234
-38.0,50,688.683673
-38.0,50,690.821469
-38.0,50,692.949248
-38.0,50,695.098875
-38.0,50,697.282982
-38.0,50,699.394686
-38.0,50,701.556109
-38.0,50,703.68821
-38.0,50,705.837776
-38.0,50,708.035778
-38.0,50,710.270438
-38.0,50,712.460456
-44.0,50,714.633392
-38.0,50,716.826332
-44.0,50,718.993855
-38.0,50,721.166078
-38.0,50,723.368683
-38.0,50,725.564495
-38.0,50,725.743055
-38.0,50,725.915771
-38.0,50,726.104998
-38.0,50,726.285343
-38.0,50,726.469915
-38.0,50,726.655615
-44.0,50,726.845984
-38.0,50,727.013668
18.0,50,727.185897
-38.0,50,727.358375
-38.0,50,729.54044
-38.0,50,731.735451
-38.0,50,733.922441
-38.0,50,736.085234
-38.0,50,738.279
-38.0,50,740.468174
-38.0,50,742.668211
-38.0,50,744.869748
-38.0,50,747.042777
-38.0,50,749.227812
-38.0,50,751.432592
-38.0,50,753.631534
-38.0,50,755.843325
-38.0,50,758.025299
-38.0,50,760.232324
-38.0,50,762.438615
-38.0,50,764.676608
-38.0,50,766.941616
-38.0,50,769.179706
-38.0,50,771.389453
-38.0,50,771.563237
-44.0,50,771.73254
-38.0,50,771.920933
-38.0,50,772.090499
-38.0,50,772.249091
-38.0,50,772.438476
-38.0,50,772.618224
-38.0,50,772.799757
-38.0,50,772.982723
3.0,50,773.149459
-38.0,50,775.351386
-38.0,50,777.544048
21.0,50,779.764701
-38.0,50,781.965545
-38.0,50,784.190316
-38.0,50,786.417305
-38.0,50,788.631158
-38.0,50,790.826946
-38.0,50,793.04757
-38.0,50,795.305883
-17.0,50,797.606456
-38.0,50,799.928712
-38.0,50,802.257001
-38.0,50,804.544121
-38.0,50,806.852494
-38.0,50,809.154998
-38.0,50,811.458774
-38.0,50,813.756893
-44.0,50,816.062368
-15.0,50,818.409886
-38.0,50,818.57674
-38.0,50,818.752602
-38.0,50,818.919034
-38.0,50,819.07458
-38.0,50,819.230988
-38.0,50,819.3921
-38.0,50,819.557381
-38.0,50,819.721844
-38.0,50,819.888697
-38.0,50,820.053105
-38.0,50,822.319347
-38.0,50,824.565317
-38.0,50,826.83744
-15.0,50,829.110663
-38.0,50,831.374023
-38.0,50,833.676928
23.0,50,835.998116
-38.0,50,838.316541
-38.0,50,840.660161
-38.0,50,842.960972
-38.0,50,845.285291
-38.0,50,847.587741
-38.0,50,849.909789
25.0,50,852.239553
-38.0,50,854.519331
-38.0,50,856.862667
-38.0,50,859.158848
-5.0,50,861.500283
-38.0,50,863.837856
-38.0,50,866.172829
-38.0,50,866.338428
-44.0,50,866.512516
-38.0,50,866.68514
-38.0,50,866.859496
-38.0,50,867.030609
-38.0,50,867.204271
-38.0,50,867.376368
-38.0,50,867.543258
-38.0,50,867.712366
-38.0,50,867.886681
-38.0,50,870.24188
-38.0,50,872.576831
-38.0,50,874.912705
-38.0,50,877.243707
-38.0,50,879.591208
-38.0,50,881.959707
-38.0,50,884.29113
-38.0,50,886.649259
-38.0,50,889.005572
-38.0,50,891.347728
-38.0,50,893.735336
-38.0,50,896.089786
-38.0,50,898.518744
-38.0,50,900.946734
-38.0,50,903.319463
-38.0,50,905.692633
-38.0,50,908.094539
-38.0,50,910.522709
-38.0,50,912.910569
-38.0,50,915.389249
-38.0,50,915.57444
-38.0,50,915.756914
-38.0,50,915.938397
-38.0,50,916.117691
-38.0,50,916.293062
-38.0,50,916.462929
-38.0,50,916.653565
-38.0,50,916.833763
-38.0,50,917.011387
-38.0,50,917.185502
-38.0,50,919.590327
-38.0,50,921.972565
-38.0,50,924.37316
-38.0,50,926.768315
-38.0,50,929.17167
-38.0,50,931.572814
-38.0,50,933.986289
-38.0,50,936.419346
-38.0,50,938.862753
-38.0,50,941.304633
-38.0,50,943.728212
-38.0,50,946.154722
-38.0,50,948.572486
-38.0,50,951.012649
-38.0,50,953.398023
-38.0,50,955.785897
-38.0,50,958.162629
-38.0,50,960.552162
-38.0,50,962.9326
-38.0,50,965.34613
-38.0,50,965.518778
-38.0,50,965.696832
-38.0,50,965.876029
-38.0,50,966.053959
-38.0,50,966.234405
-38.0,50,966.398736
-38.0,50,966.568916
-38.0,50,966.747705
-38.0,50,966.906791
18.0,50,967.082162
-38.0,50,969.495187
-38.0,50,971.895693
-38.0,50,974.306881
-38.0,50,976.729498
-38.0,50,979.166624
-2.0,50,981.610062
-38.0,50,984.049505
-38.0,50,986.487758
-38.0,50,988.920288
-38.0,50,991.375575
-38.0,50,993.808382
-38.0,50,996.278602
-38.0,50,998.794692
-38.0,50,1001.349213
-17.0,50,1003.825038
-38.0,50,1006.374561
-44.0,50,1008.911679
-38.0,50,1011.464569
-38.0,50,1013.986458
-17.0,50,1016.50492
-38.0,50,1016.689539
-38.0,50,1016.869097
-38.0,50,1017.050754
-38.0,50,1017.227513
-38.0,50,1017.40703
-9.0,50,1017.592111
-44.0,50,1017.768943
-38.0,50,1017.9435
-38.0,50,1018.123644
-38.0,50,1018.303283
-38.0,50,1020.777516
-38.0,50,1023.216721
-38.0,50,1025.66672
-38.0,50,1028.132718
-38.0,50,1030.615605
-38.0,50,1033.050921
-38.0,50,1035.53624
-38.0,50,1037.999828
-38.0,50,1040.492391
-38.0,50,1042.982339
-38.0,50,1045.480433
-38.0,50,1047.9645
-38.0,50,1050.453008
-38.0,50,1052.984813
-38.0,50,1055.502197
-38.0,50,1058.038553
-38.0,50,1060.611654
23.0,50,1063.151767
-38.0,50,1065.686777
-38.0,50,1068.198141
-38.0,50,1068.367597
-38.0,50,1068.533207
-38.0,50,1068.704784
-38.0,50,1068.87784
-38.0,50,1069.05665
-38.0,50,1069.227004
-38.0,50,1069.396748
-38.0,50,1069.577303
-38.0,50,1069.753461
-38.0,50,1069.928177
-38.0,50,1072.443008
-38.0,50,1074.961356
-38.0,50,1077.48537
-38.0,50,1079.980883
21.0,50,1082.490716
-38.0,50,1085.022888
-38.0,50,1087.55062
-38.0,50,1090.061406
-38.0,50,1092.572258
-38.0,50,1095.09913
-38.0,50,1097.640031
-38.0,50,1100.154929
-38.0,50,1102.795112
7.0,50,1105.342442
-38.0,50,1107.897903
-38.0,50,1110.459443
-38.0,50,1113.060391
-38.0,50,1115.619468
-38.0,50,1118.224314
-38.0,50,1120.810395
-5.0,50,1120.987426
23.0,50,1121.16551
-38.0,50,1121.338256
-38.0,50,1121.524344
-38.0,50,1121.698468
-38.0,50,1121.876062
-38.0,50,1122.054976
-38.0,50,1122.229335
-38.0,50,1122.403388
-44.0,50,1122.589577
-38.0,50,1125.153618
-38.0,50,1127.717485
-38.0,50,1130.275975
-38.0,50,1132.847693
-38.0,50,1135.409225
-38.0,50,1137.987513
-38.0,50,1140.573337
-38.0,50,1143.155912
-38.0,50,1145.73488
-38.0,50,1148.332032
-38.0,50,1150.934651
-38.0,50,1153.558132
-38.0,50,1156.160432
-38.0,50,1158.775034
13.0,50,1161.436656
-38.0,50,1164.04977
-38.0,50,1166.652506
-38.0,50,1169.265954
-38.0,50,1171.862241
-38.0,50,1174.509242
-38.0,50,1174.696686
18.0,50,1174.876451
-38.0,50,1175.05457
-38.0,50,1175.236646
24.0,50,1175.40331
-38.0,50,1175.607087
-38.0,50,1175.789959
-38.0,50,1175.988628
-38.0,50,1176.163002
-38.0,50,1176.340094
-38.0,50,1178.939242
-38.0,50,1181.556114
17.0,50,1184.163982
-38.0,50,1186.813952
-38.0,50,1189.405995
-38.0,50,1192.038599
-38.0,50,1194.684172
-38.0,50,1197.323696
-38.0,50,1199.974745
-38.0,50,1202.861538
-38.0,50,1205.50583
-38.0,50,1208.161176
-38.0,50,1210.804533
-38.0,50,1213.424258
-38.0,50,1216.102367
-38.0,50,1218.776226
-38.0,50,1221.43231
-38.0,50,1224.131145
7.0,50,1226.886576
-38.0,50,1229.594004
-38.0,50,1229.764757
-38.0,50,1229.943028
-38.0,50,1230.118748
-38.0,50,1230.293411
-38.0,50,1230.468507
24.0,50,1230.647485
-38.0,50,1230.818843
-38.0,50,1230.993643
-38.0,50,1231.164833
-38.0,50,1231.330823
-38.0,50,1233.986616
-38.0,50,1236.642321
-38.0,50,1239.314759
26.0,50,1242.000372
-38.0,50,1244.685793
-38.0,50,1247.352334
-38.0,50,1250.031095
-38.0,50,1252.762591
-38.0,50,1255.503823
-10.0,50,1258.230485
-38.0,50,1260.928926
-38.0,50,1263.613459
-38.0,50,1266.398243
-38.0,50,1269.093701
-38.0,50,1271.803976
-38.0,50,1274.534573
-38.0,50,1277.323797
-38.0,50,1280.065593
-38.0,50,1282.765038
-38.0,50,1285.565912
-38.0,50,1285.735734
-38.0,50,1285.896728
-38.0,50,1286.071772
-38.0,50,1286.246808
-38.0,50,1286.42596
-38.0,50,1286.60919
-38.0,50,1286.785076
-38.0,50,1286.950525
-38.0,50,1287.120376
9.0,50,1287.30641
-38.0,50,1290.039133
-38.0,50,1292.776399
-38.0,50,1295.480483
-38.0,50,1298.207008
-38.0,50,1300.954792
-38.0,50,1303.710949
-38.0,50,1306.51072
-38.0,50,1309.296553
-38.0,50,1312.078812
-38.0,50,1314.888417
-8.0,50,1317.701268
-38.0,50,1320.493102
-38.0,50,1323.24975
-38.0,50,1325.977853
-38.0,50,1328.685998
-38.0,50,1331.402355
-38.0,50,1334.10663
-38.0,50,1336.823729
-38.0,50,1339.54941
-38.0,50,1342.325997
25.0,50,1342.51307
-38.0,50,1342.700116
-38.0,50,1342.879472
-38.0,50,1343.054376
-38.0,50,1343.254056
-38.0,50,1343.435579
16.0,50,1343.62307
27.0,50,1343.803714
-38.0,50,1343.985988
-38.0,50,1344.154926
-38.0,50,1346.91585
-38.0,50,1349.684631
-38.0,50,1352.441068
-38.0,50,1355.214591
-38.0,50,1357.990338
23.0,50,1360.801355
-38.0,50,1363.579662
-38.0,50,1366.373956
4.0,50,1369.129845
-38.0,50,1371.930434
-38.0,50,1374.715679
-38.0,50,1377.546582
-38.0,50,1380.332718
-38.0,50,1383.135376
-38.0,50,1385.938373
-38.0,50,1388.743092
-38.0,50,1391.538437
-38.0,50,1394.369335
-38.0,50,1397.173962
-38.0,50,1400.000426
-38.0,50,1400.177214
-38.0,50,1400.36137
-38.0,50,1400.523411
-38.0,50,1400.69376
-11.0,50,1400.872235
-38.0,50,1401.053487
-38.0,50,1401.232884
-38.0,50,1401.407601
-38.0,50,1401.586476
-38.0,50,1401.763272
-38.0,50,1404.57506
-38.0,50,1407.389794
-38.0,50,1410.176453
-38.0,50,1412.996938
-38.0,50,1415.898458
-38.0,50,1418.822912
-38.0,50,1421.688704
-38.0,50,1424.552934
-38.0,50,1427.386926
-38.0,50,1430.312073
11.0,50,1433.166741
-38.0,50,1436.039849
-38.0,50,1438.949674
-38.0,50,1441.808976
-38.0,50,1444.668869
-38.0,50,1447.501206
-38.0,50,1450.375931
-38.0,50,1453.236388
-10.0,50,1456.097833
-38.0,50,1458.982422
-38.0,50,1459.158347
-38.0,50,1459.34582
-38.0,50,1459.529759
-38.0,50,1459.711035
-38.0,50,1459.885273
26.0,50,1460.073435
-38.0,50,1460.245163
-38.0,50,1460.415905
-38.0,50,1460.594979
18.0,50,1460.790012
-38.0,50,1463.623706
-38.0,50,1466.491497
-38.0,50,1469.35168
-38.0,50,1472.27736
-38.0,50,1475.161074
-38.0,50,1478.06116
-38.0,50,1480.937952
-38.0,50,1483.910479
-38.0,50,1486.879689
-38.0,50,1489.882912
-38.0,50,1492.843729
-38.0,50,1495.844198
-38.0,50,1498.820089
-38.0,50,1501.84185
-38.0,50,1504.760591
-38.0,50,1507.689594
7.0,50,1510.675509
-38.0,50,1513.666029
-38.0,50,1516.628388
12.0,50,1519.609436
18.0,50,1519.791363
-38.0,50,1519.957156
-38.0,50,1520.135106
-38.0,50,1520.313329
-38.0,50,1520.514889
-38.0,50,1520.686473
18.0,50,1520.86626
16.0,50,1521.074528
13.0,50,1521.250784
-38.0,50,1521.429962
-38.0,50,1524.360502
-38.0,50,1527.335618
-38.0,50,1530.309604
-38.0,50,1533.314869
-38.0,50,1536.34185
-38.0,50,1539.416102
-38.0,50,1542.43943
-38.0,50,1545.510194
-38.0,50,1548.49296
25.0,50,1551.471498
-38.0,50,1554.465462
-38.0,50,1557.496005
-38.0,50,1560.493
-38.0,50,1563.490733
-38.0,50,1566.524563
-38.0,50,1569.494394
-38.0,50,1572.433481
-38.0,50,1575.496916
-38.0,50,1578.502712
-38.0,50,1581.55092
-38.0,50,1581.727157
-38.0,50,1581.881805
-38.0,50,1582.069522
-38.0,50,1582.25283
-38.0,50,1582.432884
-9.0,50,1582.623519
-38.0,50,1582.808772
-38.0,50,1582.98714
-38.0,50,1583.148696
-38.0,50,1583.321455
-38.0,50,1586.293817
-38.0,50,1589.274213
-38.0,50,1592.264966
-38.0,50,1595.271336
-38.0,50,1598.284979
-38.0,50,1601.311319
-38.0,50,1604.324803
-38.0,50,1607.34404
-38.0,50,1610.370582
-38.0,50,1613.388565
13.0,50,1616.410151
-38.0,50,1619.446396
-38.0,50,1622.448849
-38.0,50,1625.459868
-38.0,50,1628.477495
3.0,50,1631.510107
-38.0,50,1634.530829
23.0,50,1637.582413
1.0,50,1640.607018
18.0,50,1643.641623
-38.0,50,1643.822647
-38.0,50,1643.999729
-38.0,50,1644.184539
26.0,50,1644.379558
-16.0,50,1644.566036
-38.0,50,1644.742984
-38.0,50,1644.918408
11.0,50,1645.093925
-38.0,50,1645.275813
-38.0,50,1645.457317
-38.0,50,1648.490441
-38.0,50,1651.536578
-38.0,50,1654.584157
-3.0,50,1657.665236
-9.0,50,1660.788977
-17.0,50,1663.895729
19.0,50,1666.957608
-38.0,50,1670.028962
-38.0,50,1673.07523
-3.0,50,1676.11281
-38.0,50,1679.161696
12.0,50,1682.217559
-38.0,50,1685.277524
-13.0,50,1688.354091
-38.0,50,1691.453699
-15.0,50,1694.49902
8.0,50,1697.527068
-38.0,50,1700.561992
-38.0,50,1703.585448
-12.0,50,1706.658855
-38.0,50,1706.837367
-38.0,50,1707.023994
-38.0,50,1707.206838
-38.0,50,1707.377079
-38.0,50,1707.558984
-38.0,50,1707.742867
-38.0,50,1707.927346
-38.0,50,1708.121988
-38.0,50,1708.297566
-38.0,50,1708.481074
-38.0,50,1711.572777
-38.0,50,1714.670598
-38.0,50,1717.747717
-38.0,50,1720.830052
-38.0,50,1723.941905
-38.0,50,1727.048625
-38.0,50,1730.180075
-38.0,50,1733.257761
-38.0,50,1736.344588
-38.0,50,1739.496963
-38.0,50,1742.648008
-38.0,50,1745.773919
-38.0,50,1748.925774
-38.0,50,1752.100696
-38.0,50,1755.210315
-38.0,50,1758.331536
-38.0,50,1761.509686
-38.0,50,1764.654523
-38.0,50,1767.80389
-38.0,50,1770.983285
-38.0,50,1771.168743
-38.0,50,1771.364534
-38.0,50,1771.550457
-38.0,50,1771.731411
-38.0,50,1771.912383
-38.0,50,1772.091372
-38.0,50,1772.285308
25.0,50,1772.463258
-38.0,50,1772.637072
-1.0,50,1772.821045
-38.0,50,1775.976796
-38.0,50,1779.132448
-38.0,50,1782.285634
-38.0,50,1785.432126
-38.0,50,1788.679698
-9.0,50,1791.843717
3.0,50,1795.095368
-13.0,50,1798.314544
-38.0,50,1801.793719
-15.0,50,1805.163583
16.0,50,1808.333212
24.0,50,1811.463625
-38.0,50,1814.609945
22.0,50,1817.739972
-38.0,50,1820.863312
-38.0,50,1824.001156
26.0,50,1827.207145
-7.0,50,1830.37056
-38.0,50,1833.550273
-38.0,50,1836.786933
-38.0,50,1836.953398
-38.0,50,1837.135797
-38.0,50,1837.314574
-38.0,50,1837.500573
-38.0,50,1837.682522
-38.0,50,1837.862839
-38.0,50,1838.043141
-38.0,50,1838.232495
-38.0,50,1838.409305
-38.0,50,1838.594628
-38.0,50,1841.763474
-38.0,50,1844.920389
-38.0,50,1848.094793
-38.0,50,1851.267889
-38.0,50,1854.44307
-38.0,50,1857.635709
-38.0,50,1860.84118
17.0,50,1864.0789
-38.0,50,1867.506786
-38.0,50,1871.478004
-38.0,50,1874.864305
-38.0,50,1878.186283
-38.0,50,1881.390881
-38.0,50,1884.574001
-38.0,50,1887.745419
-14.0,50,1890.931507
-38.0,50,1894.11485
-38.0,50,1897.295182
-38.0,50,1900.485226
24.0,50,1903.69177
-38.0,50,1903.876295
-15.0,50,1904.052333
11.0,50,1904.239719
7.0,50,1904.425303
19.0,50,1904.604824
-38.0,50,1904.782834
14.0,50,1904.960898
-38.0,50,1905.140941
-38.0,50,1905.337181
-38.0,50,1905.513438
-38.0,50,1908.739741
-38.0,50,1911.994689
-38.0,50,1915.227061
-38.0,50,1918.491919
-14.0,50,1921.734363
-38.0,50,1924.959914
-38.0,50,1928.243604
-38.0,50,1931.513011
-44.0,50,1934.747374
-38.0,50,1938.027339
-38.0,50,1941.295287
-38.0,50,1944.507351
-38.0,50,1947.810674
-38.0,50,1951.151329
-38.0,50,1954.442978
-44.0,50,1957.720128
-38.0,50,1960.970979
-38.0,50,1964.238194
-38.0,50,1967.5005
-38.0,50,1970.806037
-7.0,50,1970.975418
15.0,50,1971.165924
15.0,50,1971.347552
-7.0,50,1971.541304
-38.0,50,1971.734309
-38.0,50,1971.912812
-38.0,50,1972.100373
-15.0,50,1972.275322
16.0,50,1972.466537
-38.0,50,1972.649146
-38.0,50,1975.93295
-38.0,50,1979.225724
-38.0,50,1982.525099
-38.0,50,1985.79206
-38.0,50,1989.072011
-38.0,50,1992.349783
-38.0,50,1995.639248
-38.0,50,1998.928406
-38.0,50,2002.200837
-38.0,50,2005.506881
-38.0,50,2008.798091
-44.0,50,2012.100548
-38.0,50,2015.399443
-15.0,50,2018.710438
12.0,50,2022.03672
-38.0,50,2025.380888
-38.0,50,2028.800104
-38.0,50,2032.151587
13.0,50,2035.528707
17.0,50,2038.937108
-38.0,50,2039.116956
-38.0,50,2039.292254
-38.0,50,2039.473823
-38.0,50,2039.647818
14.0,50,2039.8312
-38.0,50,2040.003521
-15.0,50,2040.177198
-38.0,50,2040.348759
-38.0,50,2040.546824
-38.0,50,2040.746573
-38.0,50,2044.045655
-38.0,50,2047.367077
-38.0,50,2050.688589
13.0,50,2054.060978
-38.0,50,2057.462879
-38.0,50,2060.813456
-38.0,50,2064.139703
-38.0,50,2067.558633
-38.0,50,2070.901333
-38.0,50,2074.29964
-38.0,50,2077.694256
-38.0,50,2081.098812
-38.0,50,2084.461476
-38.0,50,2087.866795
-17.0,50,2091.286428
-38.0,50,2094.703731
7.0,50,2098.1363
-38.0,50,2101.610515
-38.0,50,2105.004838
-38.0,50,2108.428576
-44.0,50,2108.617097
-38.0,50,2108.788978
-38.0,50,2108.984424
-38.0,50,2109.157316
-38.0,50,2109.338843
-38.0,50,2109.506294
-38.0,50,2109.67811
-38.0,50,2109.869829
-38.0,50,2110.052826
-38.0,50,2110.225472
-38.0,50,2113.591047
-38.0,50,2116.95238
-38.0,50,2120.304766
-38.0,50,2123.673776
-38.0,50,2127.084321
25.0,50,2130.463861
-38.0,50,2133.85216
-9.0,50,2137.242454
8.0,50,2140.646446
-38.0,50,2144.033683
14.0,50,2147.412335
3.0,50,2150.7796
-15.0,50,2154.198124
-38.0,50,2157.670394
-38.0,50,2161.083741
-12.0,50,2164.569738
-38.0,50,2168.017536
-38.0,50,2171.443023
18.0,50,2174.896297
-38.0,50,2178.381722
-38.0,50,2178.562679
20.0,50,2178.739519
16.0,50,2178.916793
18.0,50,2179.092628
17.0,50,2179.270287
15.0,50,2179.456547
-38.0,50,2179.644791
26.0,50,2179.82254
-38.0,50,2180.018383
-38.0,50,2180.210012
-38.0,50,2183.658864
-38.0,50,2187.107026
-38.0,50,2190.521962
-38.0,50,2193.991477
16.0,50,2197.476621
-38.0,50,2200.937296
-17.0,50,2204.409218
-38.0,50,2207.87133
-38.0,50,2211.333226
-14.0,50,2214.811755
-38.0,50,2218.298419
-38.0,50,2221.783085
-38.0,50,2225.311281
20.0,50,2228.903039
-38.0,50,2232.464327
-38.0,50,2236.070233
-38.0,50,2239.67618
-38.0,50,2243.272385
-38.0,50,2246.729838
16.0,50,2250.215734
20.0,50,2250.396217
10.0,50,2250.584431
13.0,50,2250.767951
17.0,50,2250.956653
26.0,50,2251.140432
-38.0,50,2251.331331
-38.0,50,2251.509381
-38.0,50,2251.68686
7.0,50,2251.88028
-38.0,50,2252.056856
-38.0,50,2255.542044
-12.0,50,2258.990154
-38.0,50,2262.456518
-38.0,50,2265.919363
-38.0,50,2269.380593
-38.0,50,2272.864225
-38.0,50,2276.350914
-38.0,50,2279.814474
-38.0,50,2283.298566
-2.0,50,2286.7902
-38.0,50,2290.271428
-38.0,50,2293.73688
-38.0,50,2297.227059
-38.0,50,2300.724824
-38.0,50,2304.201734
8.0,50,2307.706823
-38.0,50,2311.278462
-38.0,50,2314.874888
-38.0,50,2318.435127
-38.0,50,2322.071078
-38.0,50,2322.267748
14.0,50,2322.441606
-4.0,50,2322.613719
-38.0,50,2322.794161
-38.0,50,2322.973795
-38.0,50,2323.165257
27.0,50,2323.342486
-38.0,50,2323.518226
17.0,50,2323.713262
-38.0,50,2323.903288
-38.0,50,2327.386343
-8.0,50,2330.87702
-38.0,50,2334.471154
-38.0,50,2337.974885
-44.0,50,2341.486201
-2.0,50,2345.000225
-38.0,50,2348.507544
-38.0,50,2352.013774
-38.0,50,2355.539697
-38.0,50,2359.04676
1.0,50,2362.564211
-7.0,50,2366.061054
10.0,50,2369.653468
-38.0,50,2373.194206
-38.0,50,2376.698773
-38.0,50,2380.229201
-38.0,50,2383.754314
-38.0,50,2387.259903
13.0,50,2390.783765
-38.0,50,2394.311797
-38.0,50,2394.48759
-38.0,50,2394.661225
-3.0,50,2394.845426
-38.0,50,2395.039421
-38.0,50,2395.218498
13.0,50,2395.395378
-38.0,50,2395.583547
-7.0,50,2395.768586
26.0,50,2395.947794
25.0,50,2396.120312
-38.0,50,2399.680718
-38.0,50,2403.433198
-38.0,50,2407.01938
-38.0,50,2410.627228
-38.0,50,2414.194869
-38.0,50,2417.788253
-38.0,50,2421.367799
-38.0,50,2424.95055
26.0,50,2428.59978
-38.0,50,2432.224854
-38.0,50,2435.857703
-38.0,50,2439.607095
-38.0,50,2443.330891
-38.0,50,2447.007352
-38.0,50,2450.645638
-38.0,50,2454.319201
-38.0,50,2457.975572
-38.0,50,2461.644469
-38.0,50,2465.353917
-38.0,50,2469.078903
-16.0,50,2469.264124
-38.0,50,2469.439737
18.0,50,2469.623609
18.0,50,2469.817567
16.0,50,2469.998948
-38.0,50,2470.183364
-38.0,50,2470.364988
-38.0,50,2470.536798
16.0,50,2470.717065
-38.0,50,2470.885584
-38.0,50,2474.480077
-38.0,50,2478.054222
14.0,50,2481.61844
-38.0,50,2485.188676
10.0,50,2488.776103
-38.0,50,2492.340905
-38.0,50,2495.954359
-7.0,50,2499.543698
-38.0,50,2503.125974
-44.0,50,2506.775635
-10.0,50,2510.448502
0.0,50,2514.104217
-38.0,50,2517.733859
-38.0,50,2521.350524
18.0,50,2524.973592
-38.0,50,2528.642709
-38.0,50,2532.281915
15.0,50,2536.012661
-1.0,50,2539.770719
11.0,50,2543.528385
-38.0,50,2543.714829
-38.0,50,2543.895913
15.0,50,2544.081387
16.0,50,2544.277407
18.0,50,2544.460288
10.0,50,2544.640467
23.0,50,2544.808519
-38.0,50,2544.987372
26.0,50,2545.160659
-38.0,50,2545.348326
-38.0,50,2549.007802
-38.0,50,2552.694035
-38.0,50,2556.343933
-38.0,50,2560.024418
-38.0,50,2563.684931
-38.0,50,2567.344937
-38.0,50,2571.042514
-1.0,50,2574.719096
-38.0,50,2578.380183
22.0,50,2582.068772
-38.0,50,2585.739903
-10.0,50,2589.415749
-38.0,50,2593.089684
-38.0,50,2596.808945
-6.0,50,2600.475366
-2.0,50,2604.176311
-38.0,50,2607.864565
-11.0,50,2611.597566
-8.0,50,2615.305084
27.0,50,2619.030503
-38.0,50,2619.21243
-38.0,50,2619.390038
-38.0,50,2619.563019
-38.0,50,2619.739316
-38.0,50,2619.90888
19.0,50,2620.088472
-38.0,50,2620.269968
14.0,50,2620.465863
-38.0,50,2620.637336
-38.0,50,2620.818761
-38.0,50,2624.571907
-1.0,50,2628.310632
-2.0,50,2632.040124
-38.0,50,2635.77758
-38.0,50,2639.555562
-38.0,50,2643.271649
-38.0,50,2646.994789
-38.0,50,2650.698061
-38.0,50,2654.443618
-13.0,50,2658.147378
16.0,50,2661.878249
-38.0,50,2665.553932
-38.0,50,2669.26861
-38.0,50,2673.01873
-38.0,50,2676.74964
-38.0,50,2680.510002
-38.0,50,2684.280335
-38.0,50,2688.048101
-38.0,50,2691.88374
8.0,50,2695.720089
-7.0,50,2695.908505
19.0,50,2696.103347
-38.0,50,2696.292348
20.0,50,2696.475248
25.0,50,2696.663099
-38.0,50,2696.848889
12.0,50,2697.032192
-38.0,50,2697.210833
-38.0,50,2697.387478
4.0,50,2697.571991
-17.0,50,2701.383586
-38.0,50,2705.166995
-38.0,50,2708.963807
-5.0,50,2712.704091
-4.0,50,2716.435685
-38.0,50,2720.186074
13.0,50,2723.928922
-38.0,50,2727.65858
-15.0,50,2731.433435
-38.0,50,2735.192947
-38.0,50,2738.946649
-5.0,50,2742.70397
-38.0,50,2746.43838
-38.0,50,2750.218414
19.0,50,2754.015129
-38.0,50,2757.841218
-38.0,50,2761.957195
-38.0,50,2765.844208
17.0,50,2769.759275
15.0,50,2773.662116
-38.0,50,2773.8355
-38.0,50,2774.012154
-38.0,50,2774.188527
10.0,50,2774.364499
7.0,50,2774.547082
-38.0,50,2774.713139
-38.0,50,2774.867719
-38.0,50,2775.051893
-1.0,50,2775.242392
-38.0,50,2775.423062
23.0,50,2779.217856
-38.0,50,2782.998311
7.0,50,2786.763088
1.0,50,2790.528741
-13.0,50,2794.378239
-11.0,50,2798.211008
11.0,50,2802.026478
-38.0,50,2805.879556
-38.0,50,2809.675458
-9.0,50,2813.496452
-38.0,50,2817.311884
-38.0,50,2821.096445
0.0,50,2824.955084
-10.0,50,2828.833813
-38.0,50,2832.735708
-38.0,50,2836.637528
-38.0,50,2840.491364
-38.0,50,2844.350642
-16.0,50,2848.21537
9.0,50,2852.138498
-38.0,50,2852.329818
15.0,50,2852.515591
5.0,50,2852.713259
19.0,50,2852.901727
17.0,50,2853.084579
25.0,50,2853.278176
9.0,50,2853.455128
18.0,50,2853.635531
-38.0,50,2853.819131
11.0,50,2854.002943
-38.0,50,2857.825071
-38.0,50,2861.713413
15.0,50,2865.583992
-38.0,50,2869.441981
-5.0,50,2873.311028
-38.0,50,2877.214261
-38.0,50,2881.105864
12.0,50,2885.00316
-38.0,50,2888.881931
-16.0,50,2892.733846
-38.0,50,2896.608228
-38.0,50,2900.548098
-38.0,50,2904.440432
15.0,50,2908.348788
-38.0,50,2912.260049
-38.0,50,2916.206593
-38.0,50,2920.110712
-38.0,50,2924.025128
19.0,50,2927.934401
-38.0,50,2931.844027
12.0,50,2932.037964
-38.0,50,2932.223253
10.0,50,2932.395479
12.0,50,2932.569171
17.0,50,2932.748257
-38.0,50,2932.928191
-38.0,50,2933.104569
0.0,50,2933.290426
-9.0,50,2933.465728
-38.0,50,2933.633052
-38.0,50,2937.557514
-38.0,50,2941.487676
17.0,50,2945.428085
-38.0,50,2949.354749
13.0,50,2953.307932
-16.0,50,2957.270682
-44.0,50,2961.20878
-38.0,50,2965.162221
-38.0,50,2969.110902
-38.0,50,2973.076784
-15.0,50,2977.08104
-8.0,50,2981.063967
-38.0,50,2985.063204
-38.0,50,2989.025901
-38.0,50,2992.941249
14.0,50,2996.973746
-38.0,50,3001.239879
-38.0,50,3005.422541
-38.0,50,3009.382745
-38.0,50,3013.41935
16.0,50,3013.608318
14.0,50,3013.791425
20.0,50,3013.97087
-38.0,50,3014.160273
15.0,50,3014.346974
17.0,50,3014.532267
16.0,50,3014.708621
-7.0,50,3014.89762
7.0,50,3015.089441
-38.0,50,3015.274361
18.0,50,3019.211752
-7.0,50,3023.181824
-38.0,50,3027.165612
21.0,50,3031.156964
-38.0,50,3035.142008
-38.0,50,3039.132679
-38.0,50,3043.113836
-38.0,50,3047.122793
-38.0,50,3051.174323
-38.0,50,3055.200954
-16.0,50,3059.223963
-38.0,50,3063.246429
-38.0,50,3067.314124
-38.0,50,3071.409409
-38.0,50,3075.398623
19.0,50,3079.472928
-38.0,50,3083.585578
-38.0,50,3087.677509
-38.0,50,3091.772772
19.0,50,3095.879682
18.0,50,3096.057489
-10.0,50,3096.240563
-6.0,50,3096.417767
8.0,50,3096.594973
-38.0,50,3096.78137
16.0,50,3096.964148
15.0,50,3097.153989
-13.0,50,3097.336232
25.0,50,3097.505919
-38.0,50,3097.667486
-38.0,50,3101.657883
-38.0,50,3105.683448
5.0,50,3109.72104
-38.0,50,3113.76292
-11.0,50,3117.791188
-38.0,50,3121.983009
-38.0,50,3126.364196
0.0,50,3130.406643
-38.0,50,3134.911955
-16.0,50,3139.167223
15.0,50,3143.250624
-17.0,50,3147.34444
-1.0,50,3151.436604
-38.0,50,3155.550373
-38.0,50,3159.671666
-38.0,50,3163.771023
-38.0,50,3167.851902
-16.0,50,3171.953977
-38.0,50,3176.022984
-3.0,50,3180.147594
26.0,50,3180.330083
17.0,50,3180.516865
-38.0,50,3180.700629
-38.0,50,3180.87828
-38.0,50,3181.056689
17.0,50,3181.25524
-38.0,50,3181.445652
-38.0,50,3181.636647
-38.0,50,3181.82485
-38.0,50,3182.002944
15.0,50,3186.071338
-38.0,50,3190.188886
-7.0,50,3194.237028
8.0,50,3198.320493
-38.0,50,3202.356911
-38.0,50,3206.421675
-38.0,50,3210.48894
-38.0,50,3214.573853
-8.0,50,3218.734302
8.0,50,3222.906313
2.0,50,3227.113406
-3.0,50,3231.273037
-38.0,50,3235.413532
-38.0,50,3239.587364
-38.0,50,3243.732137
-38.0,50,3247.838441
-38.0,50,3251.932601
-38.0,50,3256.063273
-38.0,50,3260.175839
16.0,50,3264.298864
21.0,50,3264.500742
19.0,50,3264.687614
2.0,50,3264.873803
-7.0,50,3265.055806
-14.0,50,3265.24308
16.0,50,3265.442291
-38.0,50,3265.628944
2.0,50,3265.808387
-12.0,50,3265.993235
-38.0,50,3266.167983
19.0,50,3270.252617
20.0,50,3274.352669
8.0,50,3278.451538
-38.0,50,3282.668779
-38.0,50,3286.88249
-38.0,50,3291.083989
-38.0,50,3295.493571
-38.0,50,3299.766233
-38.0,50,3304.630875
-38.0,50,3308.915059
-38.0,50,3313.048358
-38.0,50,3317.185175
-38.0,50,3321.263353
-38.0,50,3325.364908
-38.0,50,3329.487499
-38.0,50,3333.563792
-1.0,50,3337.690933
-38.0,50,3341.908394
-38.0,50,3346.013107
-38.0,50,3350.124028
-38.0,50,3350.292818
12.0,50,3350.472323
18.0,50,3350.658516
-2.0,50,3350.831491
9.0,50,3351.01081
-38.0,50,3351.183131
17.0,50,3351.366819
-38.0,50,3351.544958
-38.0,50,3351.722579
-38.0,50,3351.905003
-16.0,50,3356.054994
-38.0,50,3360.179796
-38.0,50,3364.374096
-38.0,50,3368.515778
-38.0,50,3372.676555
-38.0,50,3376.833016
-38.0,50,3380.984207
-38.0,50,3385.126375
-38.0,50,3389.283714
-38.0,50,3393.446663
-38.0,50,3397.612474
-11.0,50,3401.769857
-38.0,50,3405.92307
-17.0,50,3410.102187
-38.0,50,3414.281907
-38.0,50,3418.473926
-38.0,50,3422.662934
-38.0,50,3426.911268
16.0,50,3431.130154
-38.0,50,3435.313149
5.0,50,3435.494423
-4.0,50,3435.685132
15.0,50,3435.862894
24.0,50,3436.045578
-38.0,50,3436.221688
6.0,50,3436.412699
-2.0,50,3436.593012
22.0,50,3436.776259
-15.0,50,3436.954915
-38.0,50,3437.133261
-38.0,50,3441.317582
-38.0,50,3445.500854
-38.0,50,3449.728184
-38.0,50,3454.059124
-38.0,50,3458.257334
-38.0,50,3462.458856
-38.0,50,3466.706368
-38.0,50,3471.00591
-38.0,50,3475.199043
-38.0,50,3479.4062
-38.0,50,3483.595499
-16.0,50,3487.799236
-11.0,50,3492.028478
-38.0,50,3496.331165
-13.0,50,3500.527312
-38.0,50,3504.732243
-6.0,50,3508.933873
6.0,50,3513.129692
-38.0,50,3517.36235
-38.0,50,3521.607483
12.0,50,3521.78778
-4.0,50,3521.968751
13.0,50,3522.15805
22.0,50,3522.335452
-5.0,50,3522.52309
16.0,50,3522.699967
-38.0,50,3522.878159
10.0,50,3523.067951
12.0,50,3523.243008
-38.0,50,3523.418836
-38.0,50,3527.646246
9.0,50,3531.899731
13.0,50,3536.184656
-17.0,50,3540.59248
-38.0,50,3544.965596
20.0,50,3549.318372
18.0,50,3553.580827
-16.0,50,3557.86805
-38.0,50,3562.162155
13.0,50,3566.45124
-38.0,50,3570.712054
-38.0,50,3574.982033
-38.0,50,3579.350168
-3.0,50,3583.700824
-11.0,50,3587.933599
-38.0,50,3592.197331
-38.0,50,3596.470443
19.0,50,3600.756732
-17.0,50,3605.070623
10.0,50,3609.355141
-38.0,50,3609.551092
20.0,50,3609.732545
22.0,50,3609.915251
-38.0,50,3610.088983
11.0,50,3610.274264
20.0,50,3610.459634
-38.0,50,3610.623844
5.0,50,3610.816813
20.0,50,3610.994588
17.0,50,3611.176081
-15.0,50,3615.451624
-38.0,50,3619.730425
-38.0,50,3624.008517
-38.0,50,3628.30213
-38.0,50,3632.590772
-38.0,50,3636.959292
-38.0,50,3641.384666
-38.0,50,3645.658308
4.0,50,3649.964772
18.0,50,3654.258751
12.0,50,3658.572346
3.0,50,3662.892211
11.0,50,3667.196331
18.0,50,3671.507825
25.0,50,3675.816236
-38.0,50,3680.115668
-38.0,50,3684.436386
21.0,50,3688.785477
-38.0,50,3693.124611
15.0,50,3697.481816
-1.0,50,3697.657201
-38.0,50,3697.835123
20.0,50,3698.02183
15.0,50,3698.205693
-38.0,50,3698.383137
19.0,50,3698.574015
18.0,50,3698.753001
-38.0,50,3698.931178
19.0,50,3699.10924
-38.0,50,3699.299803
-12.0,50,3703.606366
-38.0,50,3707.948107
12.0,50,3712.327234
18.0,50,3716.69688
-38.0,50,3721.060234
-38.0,50,3725.43453
-13.0,50,3729.792485
-14.0,50,3734.162255
-38.0,50,3738.492721
-38.0,50,3742.909767
-11.0,50,3747.451623
-38.0,50,3751.849642
-14.0,50,3756.271538
23.0,50,3760.676704
-38.0,50,3765.045975
3.0,50,3769.534488
-38.0,50,3773.983439
14.0,50,3778.495301
-38.0,50,3782.981545
19.0,50,3787.371288
17.0,50,3787.545316
10.0,50,3787.712824
-15.0,50,3787.892226
13.0,50,3788.081874
12.0,50,3788.260293
16.0,50,3788.455851
7.0,50,3788.638649
12.0,50,3788.811592
0.0,50,3788.994788
-38.0,50,3789.163858
-38.0,50,3793.613096
-38.0,50,3798.072432
-38.0,50,3802.55922
-38.0,50,3807.115388
-38.0,50,3811.71563
-38.0,50,3816.313788
-12.0,50,3820.911802
-38.0,50,3825.507777
-17.0,50,3830.06102
-16.0,50,3834.522953
9.0,50,3838.967279
-16.0,50,3843.340763
10.0,50,3847.740848
-17.0,50,3852.160017
-38.0,50,3856.567268
-38.0,50,3860.970889
-38.0,50,3865.393721
10.0,50,3869.803937
-38.0,50,3874.189447
-38.0,50,3878.597095
27.0,50,3878.783167
0.0,50,3878.962181
5.0,50,3879.14378
-13.0,50,3879.326234
-38.0,50,3879.503332
18.0,50,3879.688025
12.0,50,3879.86592
9.0,50,3880.047107
20.0,50,3880.217753
-12.0,50,3880.38793
20.0,50,3884.83989
-38.0,50,3889.2536
6.0,50,3893.724327
16.0,50,3898.150256
-2.0,50,3902.767571
-38.0,50,3907.358827
-15.0,50,3911.886486
-38.0,50,3916.411337
-38.0,50,3920.926706
-38.0,50,3925.49841
-38.0,50,3930.031545
-38.0,50,3934.559475
-14.0,50,3939.119442
-38.0,50,3943.662877
-38.0,50,3948.197795
21.0,50,3952.734858
-38.0,50,3957.301434
-38.0,50,3961.848262
-38.0,50,3966.31736
-6.0,50,3970.845005
19.0,50,3971.023033
-38.0,50,3971.229944
19.0,50,3971.41045
-38.0,50,3971.588393
23.0,50,3971.766408
26.0,50,3971.943372
-38.0,50,3972.131813
12.0,50,3972.316424
-38.0,50,3972.496123
-15.0,50,3972.671833
1.0,50,3977.146635
9.0,50,3981.631261
8.0,50,3986.162684
12.0,50,3990.652637
15.0,50,3995.170066
-38.0,50,3999.710569
21.0,50,4004.259834
-14.0,50,4008.73447
-38.0,50,4013.16801
-38.0,50,4017.74973
-5.0,50,4022.262301
-38.0,50,4026.76768
-38.0,50,4031.293404
-38.0,50,4035.808412
-5.0,50,4040.324967
0.0,50,4044.846897
-12.0,50,4049.357975
-38.0,50,4053.88622
-12.0,50,4058.422242
13.0,50,4062.970098
16.0,50,4063.144757
15.0,50,4063.327801
7.0,50,4063.517795
15.0,50,4063.70255
8.0,50,4063.890829
20.0,50,4064.078552
3.0,50,4064.258018
20.0,50,4064.444964
16.0,50,4064.635818
-13.0,50,4064.812896
15.0,50,4069.43104
22.0,50,4073.974942
8.0,50,4078.553345
9.0,50,4083.122484
-38.0,50,4087.719858
17.0,50,4092.359203
-38.0,50,4096.972128
-38.0,50,4101.537037
-38.0,50,4106.131785
17.0,50,4110.725704
-38.0,50,4115.300054
10.0,50,4119.844016
-38.0,50,4124.423653
-38.0,50,4128.97788
-38.0,50,4133.583548
12.0,50,4138.181021
23.0,50,4142.764256
-38.0,50,4147.345516
-38.0,50,4151.937095
23.0,50,4156.562744
-38.0,50,4156.740475
17.0,50,4156.913452
-38.0,50,4157.093656
-38.0,50,4157.27474
9.0,50,4157.474157
-38.0,50,4157.648493
11.0,50,4157.821474
12.0,50,4158.005762
-4.0,50,4158.177203
-38.0,50,4158.354346
11.0,50,4162.949954
17.0,50,4167.566351
-3.0,50,4172.208589
13.0,50,4176.878299
-17.0,50,4181.529248
20.0,50,4186.180988
-38.0,50,4190.743836
-12.0,50,4195.338137
-38.0,50,4199.969932
-38.0,50,4205.050535
-38.0,50,4209.696228
9.0,50,4214.34678
-6.0,50,4219.065413
-38.0,50,4223.717748
-38.0,50,4228.417755
-12.0,50,4233.135667
2.0,50,4237.832959
0.0,50,4242.421572
-38.0,50,4247.047873
-11.0,50,4251.83093
24.0,50,4252.008502
20.0,50,4252.18932
6.0,50,4252.372496
-38.0,50,4252.547319
-38.0,50,4252.745625
16.0,50,4252.914476
-38.0,50,4253.100414
-38.0,50,4253.276717
16.0,50,4253.464117
-17.0,50,4253.63428
-14.0,50,4258.382966
-38.0,50,4263.024309
13.0,50,4267.744795
-38.0,50,4272.522051
1.0,50,4277.264709
26.0,50,4281.966065
-38.0,50,4286.737744
11.0,50,4291.521806
-8.0,50,4296.291761
-38.0,50,4300.989551
-38.0,50,4305.69663
-38.0,50,4310.418786
-38.0,50,4315.107213
23.0,50,4319.82438
-38.0,50,4324.569062
-38.0,50,4329.37625
15.0,50,4334.137542
-7.0,50,4339.013504
0.0,50,4343.689776
7.0,50,4348.448818
-10.0,50,4348.623244
-38.0,50,4348.811911
14.0,50,4349.014882
17.0,50,4349.208941
8.0,50,4349.401386
-38.0,50,4349.581591
-38.0,50,4349.762428
12.0,50,4349.941036
19.0,50,4350.111719
-38.0,50,4350.283179
16.0,50,4354.946543
-38.0,50,4359.617796
-16.0,50,4364.268736
-38.0,50,4368.901657
-38.0,50,4373.548139
-38.0,50,4378.23608
-38.0,50,4382.928492
16.0,50,4387.632564
-38.0,50,4392.323554
-38.0,50,4396.976476
-38.0,50,4401.636062
10.0,50,4406.317736
-1.0,50,4410.973206
-38.0,50,4415.638126
-38.0,50,4420.281858
15.0,50,4424.953799
21.0,50,4429.647693
-38.0,50,4434.386364
-38.0,50,4439.174927
-2.0,50,4443.882255
20.0,50,4444.055497
18.0,50,4444.232679
7.0,50,4444.415203
16.0,50,4444.590245
12.0,50,4444.76329
17.0,50,4444.941722
7.0,50,4445.12111
12.0,50,4445.290401
-38.0,50,4445.46698
25.0,50,4445.630208
-38.0,50,4450.419689
-7.0,50,4455.125556
-38.0,50,4459.917216
-38.0,50,4464.796137
12.0,50,4469.571082
-38.0,50,4474.375199
-1.0,50,4479.172238
-38.0,50,4483.942543
17.0,50,4488.767361
10.0,50,4493.590375
-38.0,50,4498.398385
12.0,50,4503.223129
-12.0,50,4508.055015
-38.0,50,4512.833582
-9.0,50,4517.639078
12.0,50,4522.453574
-38.0,50,4527.268775
-9.0,50,4532.07814
-38.0,50,4536.862459
-4.0,50,4541.692437
14.0,50,4541.873183
-38.0,50,4542.059762
20.0,50,4542.2401
2.0,50,4542.423666
13.0,50,4542.613069
3.0,50,4542.788517
-38.0,50,4542.969132
22.0,50,4543.165149
20.0,50,4543.357662
-38.0,50,4543.530689
-38.0,50,4548.408588
21.0,50,4553.229741
-4.0,50,4558.083746
-1.0,50,4562.97214
-38.0,50,4567.834947
5.0,50,4572.643717
11.0,50,4577.42111
-38.0,50,4582.173447
-38.0,50,4586.944623
-38.0,50,4591.720603
-15.0,50,4596.535056
-38.0,50,4601.354608
-38.0,50,4606.126695
10.0,50,4610.992982
21.0,50,4615.896918
-38.0,50,4620.781512
4.0,50,4625.671018
20.0,50,4630.480998
-38.0,50,4635.25766
13.0,50,4640.141216
6.0,50,4640.32269
19.0,50,4640.502474
20.0,50,4640.689108
17.0,50,4640.886347
16.0,50,4641.063237
9.0,50,4641.241399
15.0,50,4641.424591
17.0,50,4641.6026
-9.0,50,4641.782816
-4.0,50,4641.954266
-38.0,50,4646.841197
-38.0,50,4651.697202
-38.0,50,4656.649649
-38.0,50,4661.514297
-6.0,50,4666.464021
4.0,50,4671.339971
-38.0,50,4676.191085
6.0,50,4681.041386
-38.0,50,4685.915763
-38.0,50,4690.78543
-9.0,50,4695.651139
-38.0,50,4700.524714
14.0,50,4705.392459
25.0,50,4710.268398
-16.0,50,4715.140473
3.0,50,4720.010781
-3.0,50,4724.888979
-38.0,50,4729.767899
-13.0,50,4734.65029
-10.0,50,4739.56935
11.0,50,4739.758045
11.0,50,4739.949808
16.0,50,4740.1302
10.0,50,4740.316009
16.0,50,4740.51026
15.0,50,4740.706022
-38.0,50,4740.880767
26.0,50,4741.062012
-17.0,50,4741.238849
13.0,50,4741.417472
-38.0,50,4746.301447
-11.0,50,4751.215414
-38.0,50,4756.145089
9.0,50,4761.089324
-38.0,50,4766.023175
-11.0,50,4770.995366
-38.0,50,4775.951347
-38.0,50,4780.903046
8.0,50,4785.860517
1.0,50,4790.820767
-38.0,50,4795.839068
-38.0,50,4800.8713
13.0,50,4805.911807
-10.0,50,4810.887179
-38.0,50,4815.852486
-1.0,50,4820.862289
13.0,50,4825.787835
24.0,50,4830.815342
8.0,50,4835.79153
13.0,50,4840.820317
14.0,50,4841.012384
24.0,50,4841.19115
12.0,50,4841.364325
21.0,50,4841.542927
-5.0,50,4841.729101
10.0,50,4841.907317
18.0,50,4842.090083
17.0,50,4842.267235
16.0,50,4842.450988
22.0,50,4842.630465
-3.0,50,4847.655842
22.0,50,4852.584422
-38.0,50,4857.561643
19.0,50,4862.506757
3.0,50,4867.427561
13.0,50,4872.342088
-38.0,50,4877.245145
-38.0,50,4882.283908
4.0,50,4887.185564
-38.0,50,4892.153644
14.0,50,4897.19235
15.0,50,4902.232832
-15.0,50,4907.186794
-16.0,50,4912.132023
22.0,50,4917.033334
18.0,50,4921.957578
3.0,50,4926.940925
-10.0,50,4932.025455
-10.0,50,4936.935658
-38.0,50,4941.86854
24.0,50,4942.044732
17.0,50,4942.215249
21.0,50,4942.386199
-3.0,50,4942.556151
-9.0,50,4942.728469
13.0,50,4942.896298
15.0,50,4943.062165
17.0,50,4943.239618
21.0,50,4943.415335
-8.0,50,4943.585707
-10.0,50,4948.622065
-38.0,50,4953.576243
-38.0,50,4958.540621
14.0,50,4963.503484
6.0,50,4968.472733
-14.0,50,4973.425224
-12.0,50,4978.359393
-12.0,50,4983.551439
-38.0,50,4988.696029
-38.0,50,4993.84397
-38.0,50,4999.058478
-38.0,50,5004.312121
-2.0,50,5009.432388
-6.0,50,5014.437367
-38.0,50,5019.477079
7.0,50,5024.478728
-38.0,50,5029.458344
-10.0,50,5034.466735
-38.0,50,5039.647872
23.0,50,5044.657947
27.0,50,5044.845836
26.0,50,5045.041997
8.0,50,5045.23055
3.0,50,5045.413266
15.0,50,5045.594858
13.0,50,5045.76714
-1.0,50,5045.963624
16.0,50,5046.148132
21.0,50,5046.328348
-12.0,50,5046.508702
-38.0,50,5051.607362
-15.0,50,5056.684249
15.0,50,5061.664616
-17.0,50,5066.685079
-38.0,50,5071.790262
-15.0,50,5076.842231
-8.0,50,5081.872801
-5.0,50,5086.96691
1.0,50,5092.162191
15.0,50,5097.364311
-7.0,50,5102.538166
14.0,50,5107.742615
-38.0,50,5112.938138
-10.0,50,5118.081271
-38.0,50,5123.285299
-38.0,50,5128.519154
-13.0,50,5133.66369
-9.0,50,5138.694949
13.0,50,5143.757282
19.0,50,5148.872599
19.0,50,5149.066806
16.0,50,5149.250992
14.0,50,5149.430165
20.0,50,5149.602195
20.0,50,5149.788866
21.0,50,5149.972409
21.0,50,5150.159839
13.0,50,5150.344852
18.0,50,5150.532118
17.0,50,5150.711991
-12.0,50,5155.834069
-38.0,50,5160.978681
9.0,50,5166.12829
-3.0,50,5171.268565
-14.0,50,5176.478623
-9.0,50,5181.616524
-9.0,50,5186.814089
-38.0,50,5191.997124
7.0,50,5197.147091
5.0,50,5202.315655
-38.0,50,5207.487038
10.0,50,5212.656699
-38.0,50,5217.748462
25.0,50,5222.869348
-38.0,50,5228.054383
8.0,50,5233.255716
-38.0,50,5238.443535
-38.0,50,5243.613369
-38.0,50,5248.755812
-2.0,50,5253.904088
5.0,50,5254.07976
18.0,50,5254.257863
10.0,50,5254.438863
13.0,50,5254.618321
17.0,50,5254.812989
22.0,50,5254.998009
18.0,50,5255.17963
14.0,50,5255.364837
11.0,50,5255.556443
-38.0,50,5255.727758
-38.0,50,5260.903099
-38.0,50,5266.046182
-13.0,50,5271.180388
5.0,50,5276.357308
-38.0,50,5281.633917
-38.0,50,5286.857613
12.0,50,5292.081496
-38.0,50,5297.269439
-38.0,50,5302.458702
-38.0,50,5307.656336
11.0,50,5312.889668
-38.0,50,5318.200365
19.0,50,5323.388605
11.0,50,5328.647184
-38.0,50,5333.880621
15.0,50,5339.146379
4.0,50,5344.388676
-38.0,50,5349.648908
-38.0,50,5354.838775
8.0,50,5360.184957
17.0,50,5360.36219
20.0,50,5360.550772
16.0,50,5360.737175
3.0,50,5360.920215
15.0,50,5361.093901
-38.0,50,5361.273957
15.0,50,5361.449076
-38.0,50,5361.646639
22.0,50,5361.823684
15.0,50,5362.000787
12.0,50,5367.108326
-38.0,50,5372.183437
-16.0,50,5377.427378
-38.0,50,5382.634883
-9.0,50,5387.880111
26.0,50,5393.15931
14.0,50,5398.44937
-38.0,50,5404.134861
-16.0,50,5409.279066
18.0,50,5414.510894
-38.0,50,5419.772719
-38.0,50,5425.042933
-38.0,50,5430.368466
-3.0,50,5435.70524
-38.0,50,5441.057727
-7.0,50,5446.373832
15.0,50,5451.682492
16.0,50,5457.088842
17.0,50,5462.420879
-38.0,50,5467.793813
21.0,50,5467.970805
13.0,50,5468.14605
19.0,50,5468.335848
17.0,50,5468.522178
17.0,50,5468.70108
14.0,50,5468.886249
14.0,50,5469.062869
-10.0,50,5469.252869
26.0,50,5469.435824
-3.0,50,5469.611481
-38.0,50,5474.835684
-10.0,50,5480.067309
-38.0,50,5485.380155
-14.0,50,5490.709665
-13.0,50,5496.037323
19.0,50,5501.389698
10.0,50,5506.716965
11.0,50,5512.101834
-38.0,50,5517.329905
-38.0,50,5522.608625
-1.0,50,5527.942941
-38.0,50,5533.13862
4.0,50,5538.489387
-38.0,50,5543.835413
12.0,50,5549.237837
-38.0,50,5554.488705
8.0,50,5559.945798
15.0,50,5565.230756
10.0,50,5570.510723
22.0,50,5575.820805
18.0,50,5576.011473
17.0,50,5576.189183
-38.0,50,5576.361222
9.0,50,5576.541383
-17.0,50,5576.726969
11.0,50,5576.920263
19.0,50,5577.096718
16.0,50,5577.282679
-2.0,50,5577.448736
-38.0,50,5577.628085
-7.0,50,5582.923783
4.0,50,5588.166161
-9.0,50,5593.529864
10.0,50,5599.001773
-38.0,50,5604.376295
-15.0,50,5609.770697
-5.0,50,5615.154802
-15.0,50,5620.525961
-14.0,50,5625.895189
-38.0,50,5631.272743
17.0,50,5636.652015
-6.0,50,5642.04184
-38.0,50,5647.405309
-38.0,50,5652.859034
20.0,50,5658.348019
-16.0,50,5663.80093
-15.0,50,5669.286614
21.0,50,5674.774769
-8.0,50,5680.283103
7.0,50,5685.779514
20.0,50,5685.969225
-8.0,50,5686.148473
11.0,50,5686.337847
12.0,50,5686.533678
19.0,50,5686.720167
13.0,50,5686.903769
18.0,50,5687.073577
1.0,50,5687.242488
26.0,50,5687.419633
14.0,50,5687.596624
-16.0,50,5692.980014
-15.0,50,5698.353541
0.0,50,5703.784475
-13.0,50,5709.20312
-38.0,50,5714.617237
-38.0,50,5720.137612
-2.0,50,5725.721833
14.0,50,5731.104518
21.0,50,5736.48807
18.0,50,5741.833493
-38.0,50,5747.245485
15.0,50,5752.654241
17.0,50,5758.011987
17.0,50,5763.438451
-15.0,50,5768.886305
-38.0,50,5774.338113
16.0,50,5779.73343
15.0,50,5785.144056
8.0,50,5790.574989
5.0,50,5796.021279
15.0,50,5796.199475
-38.0,50,5796.383879
17.0,50,5796.577803
19.0,50,5796.751115
-38.0,50,5796.942743
17.0,50,5797.117619
12.0,50,5797.295011
7.0,50,5797.47301
17.0,50,5797.67504
-38.0,50,5797.833
-38.0,50,5803.230472
-17.0,50,5808.643775
-8.0,50,5814.049319
-38.0,50,5819.479553
-38.0,50,5824.917873
-14.0,50,5830.378767
9.0,50,5835.804126
17.0,50,5841.237256
-13.0,50,5846.703667
-9.0,50,5852.212878
19.0,50,5857.607646
-1.0,50,5863.064044
-6.0,50,5868.558375
2.0,50,5874.040108
-38.0,50,5879.570856
-38.0,50,5885.02383
18.0,50,5890.507116
0.0,50,5895.960075
-9.0,50,5901.405935
-15.0,50,5906.907836
20.0,50,5907.091044
22.0,50,5907.276417
-38.0,50,5907.459759
-12.0,50,5907.67735
19.0,50,5907.865653
15.0,50,5908.048105
26.0,50,5908.226261
23.0,50,5908.423993
13.0,50,5908.616892
-38.0,50,5908.807683
-38.0,50,5914.164868
7.0,50,5919.575134
-15.0,50,5925.053574
12.0,50,5930.548835
-38.0,50,5935.982014
-38.0,50,5941.445295
-38.0,50,5946.903657
-16.0,50,5952.409222
-13.0,50,5957.816044
12.0,50,5963.252746
-38.0,50,5968.667544
-38.0,50,5974.117124
5.0,50,5979.632635
-38.0,50,5985.08108
5.0,50,5990.595642
16.0,50,5996.047186
-38.0,50,6001.708883
-14.0,50,6007.201729
7.0,50,6012.719948
9.0,50,6018.247162
-16.0,50,6018.440983
14.0,50,6018.628152
-38.0,50,6018.818157
-38.0,50,6018.99823
14.0,50,6019.181944
-13.0,50,6019.393152
15.0,50,6019.575999
14.0,50,6019.761158
20.0,50,6019.941151
16.0,50,6020.118806
-38.0,50,6025.647654
12.0,50,6031.130038
20.0,50,6036.608891
16.0,50,6042.088401
-14.0,50,6047.606932
16.0,50,6053.06348
9.0,50,6058.553917
-38.0,50,6064.074736
-6.0,50,6069.586874
0.0,50,6075.073597
-38.0,50,6080.557199
20.0,50,6086.020618
-6.0,50,6091.486706
16.0,50,6096.986161
-38.0,50,6102.487732
-8.0,50,6108.055573
-10.0,50,6113.565441
-38.0,50,6119.048412
12.0,50,6124.582955
12.0,50,6130.116461
-8.0,50,6130.300509
17.0,50,6130.479775
8.0,50,6130.668956
18.0,50,6130.848319
16.0,50,6131.032995
17.0,50,6131.224062
18.0,50,6131.408687
19.0,50,6131.595867
-15.0,50,6131.766895
-38.0,50,6131.946336
3.0,50,6137.463389
-38.0,50,6142.974312
-13.0,50,6148.609334
-38.0,50,6154.12273
-12.0,50,6159.643567
-16.0,50,6165.237653
-38.0,50,6170.764045
9.0,50,6176.301011
4.0,50,6181.95051
-38.0,50,6187.498043
-38.0,50,6193.146743
-12.0,50,6198.706625
10.0,50,6204.27523
11.0,50,6209.967667
9.0,50,6215.707533
-38.0,50,6221.441683
25.0,50,6227.188596
-38.0,50,6232.92609
7.0,50,6238.678567
-38.0,50,6244.413129
-38.0,50,6244.591244
18.0,50,6244.777706
18.0,50,6244.96029
27.0,50,6245.14441
18.0,50,6245.335335
-38.0,50,6245.515443
21.0,50,6245.698315
17.0,50,6245.87275
17.0,50,6246.049512
14.0,50,6246.245489
6.0,50,6251.868048
-38.0,50,6257.524185
-4.0,50,6263.144849
-7.0,50,6268.798495
-2.0,50,6274.570784
-8.0,50,6280.425529
-9.0,50,6286.033782
-14.0,50,6291.662301
-17.0,50,6297.301188
-38.0,50,6303.082109
-13.0,50,6308.989988
11.0,50,6314.747684
-38.0,50,6320.514726
13.0,50,6326.269657
13.0,50,6332.09655
16.0,50,6337.907622
-6.0,50,6343.600487
-11.0,50,6349.34202
-5.0,50,6355.03605
16.0,50,6360.86655
19.0,50,6361.038303
13.0,50,6361.222162
26.0,50,6361.391909
16.0,50,6361.57756
13.0,50,6361.766022
-14.0,50,6361.944267
8.0,50,6362.124932
-38.0,50,6362.305268
12.0,50,6362.486172
-38.0,50,6362.646618
13.0,50,6368.324696
-38.0,50,6374.020669
11.0,50,6379.788675
-8.0,50,6385.648816
-1.0,50,6391.526789
17.0,50,6397.427575
-13.0,50,6403.29617
9.0,50,6409.177556
19.0,50,6415.089829
-12.0,50,6420.888641
24.0,50,6426.782377
22.0,50,6432.65506
11.0,50,6438.367039
18.0,50,6444.083807
26.0,50,6449.799606
20.0,50,6455.540285
-12.0,50,6461.228985
12.0,50,6466.96472
-38.0,50,6472.685036
14.0,50,6478.412721
21.0,50,6478.602388
-15.0,50,6478.785336
-14.0,50,6478.960053
-38.0,50,6479.13677
-38.0,50,6479.307258
12.0,50,6479.492595
18.0,50,6479.678344
2.0,50,6479.872857
19.0,50,6480.059273
-38.0,50,6480.224581
-8.0,50,6486.008015
-38.0,50,6491.7171
18.0,50,6497.543017
-6.0,50,6503.469906
0.0,50,6509.211659
8.0,50,6514.977581
-38.0,50,6520.772752
-6.0,50,6526.456933
16.0,50,6532.154119
7.0,50,6537.809733
1.0,50,6543.694528
-38.0,50,6549.489846
-8.0,50,6555.31099
-38.0,50,6561.027471
0.0,50,6566.817515
-38.0,50,6572.549512
-8.0,50,6578.28947
20.0,50,6584.14083
-38.0,50,6590.004522
18.0,50,6595.928427
-7.0,50,6596.104551
19.0,50,6596.30372
-5.0,50,6596.512928
22.0,50,6596.692353
16.0,50,6596.872164
17.0,50,6597.061189
17.0,50,6597.245358
17.0,50,6597.425303
-38.0,50,6597.603793
-38.0,50,6597.780371
-38.0,50,6604.000492
16.0,50,6609.772933
-12.0,50,6615.642162
-3.0,50,6621.481591
21.0,50,6627.345124
10.0,50,6633.153325
9.0,50,6638.967266
10.0,50,6644.788912
11.0,50,6650.5374
-15.0,50,6656.365806
-3.0,50,6662.262229
-8.0,50,6668.169665
-9.0,50,6674.058279
-1.0,50,6679.963373
-4.0,50,6685.844186
8.0,50,6691.756629
4.0,50,6697.691496
-38.0,50,6703.640771
19.0,50,6709.578914
8.0,50,6715.484402
12.0,50,6715.666998
-7.0,50,6715.847307
20.0,50,6716.030422
-13.0,50,6716.20308
20.0,50,6716.389085
18.0,50,6716.570665
12.0,50,6716.77333
20.0,50,6716.956948
22.0,50,6717.13926
3.0,50,6717.32247
-38.0,50,6723.150275
14.0,50,6728.974061
-38.0,50,6734.792729
1.0,50,6740.704153
-17.0,50,6746.614466
-38.0,50,6752.45067
19.0,50,6758.381953
-38.0,50,6764.301193
16.0,50,6770.220097
-9.0,50,6776.195475
18.0,50,6782.085015
-38.0,50,6787.97522
20.0,50,6793.852324
-38.0,50,6799.767382
-17.0,50,6805.759163
21.0,50,6811.749401
13.0,50,6817.712918
-38.0,50,6823.659155
20.0,50,6829.688603
-14.0,50,6835.590926
-15.0,50,6835.781423
23.0,50,6835.963094
-6.0,50,6836.152181
-38.0,50,6836.319179
21.0,50,6836.494163
24.0,50,6836.676755
17.0,50,6836.878711
-38.0,50,6837.04729
20.0,50,6837.227714
-5.0,50,6837.407158
15.0,50,6843.261708
13.0,50,6849.149891
11.0,50,6854.999118
17.0,50,6860.878967
14.0,50,6866.751854
-38.0,50,6872.624068
-38.0,50,6878.514707
-38.0,50,6884.462692
-11.0,50,6890.326035
16.0,50,6896.592478
15.0,50,6902.531066
19.0,50,6908.556662
20.0,50,6914.416495
21.0,50,6920.324915
-11.0,50,6926.210683
-38.0,50,6932.060457
10.0,50,6937.958005
16.0,50,6943.94436
1.0,50,6949.899224
16.0,50,6955.898943
18.0,50,6956.084115
13.0,50,6956.265975
-6.0,50,6956.449268
15.0,50,6956.64378
13.0,50,6956.834434
-38.0,50,6957.009265
14.0,50,6957.182462
0.0,50,6957.364758
11.0,50,6957.563899
-38.0,50,6957.739608
8.0,50,6963.708303
3.0,50,6969.597653
20.0,50,6975.503242
18.0,50,6981.476608
3.0,50,6987.410767
-38.0,50,6993.436743
-16.0,50,6999.370258
-3.0,50,7005.343639
0.0,50,7011.300817
15.0,50,7017.286387
-15.0,50,7023.253436
17.0,50,7029.252974
-38.0,50,7035.301838
-2.0,50,7041.386301
20.0,50,7047.38653
7.0,50,7053.289386
20.0,50,7059.164712
25.0,50,7065.073584
-12.0,50,7070.988409
17.0,50,7076.971701
19.0,50,7077.149077
21.0,50,7077.323942
-38.0,50,7077.502531
17.0,50,7077.683537
9.0,50,7077.877517
18.0,50,7078.059747
5.0,50,7078.240452
22.0,50,7078.419046
-9.0,50,7078.600973
-14.0,50,7078.774773
-38.0,50,7084.832201
-15.0,50,7090.820509
-12.0,50,7096.991096
-15.0,50,7103.116904
-3.0,50,7109.168074
19.0,50,7115.309267
-38.0,50,7121.290443
-38.0,50,7127.259689
-4.0,50,7133.38406
-3.0,50,7139.44688
-3.0,50,7145.609327
-38.0,50,7151.660825
10.0,50,7157.730394
6.0,50,7163.807121
2.0,50,7169.880377
-38.0,50,7175.921936
16.0,50,7181.89045
-9.0,50,7187.868073
-11.0,50,7193.842432
16.0,50,7200.019488
26.0,50,7200.236726
15.0,50,7200.464867
-3.0,50,7200.669731
11.0,50,7200.91498
-1.0,50,7201.139644
-38.0,50,7201.368806
10.0,50,7201.608663
21.0,50,7201.831718
20.0,50,7202.045148
-5.0,50,7202.220734
17.0,50,7208.285379
-8.0,50,7214.314319
18.0,50,7220.471163
8.0,50,7226.689086
25.0,50,7232.885978
-44.0,50,7239.105212
-38.0,50,7245.263549
-38.0,50,7251.202884
8.0,50,7257.185376
4.0,50,7263.423084
-38.0,50,7269.576239
-5.0,50,7275.987472
-38.0,50,7282.191215
16.0,50,7288.233928
16.0,50,7294.259878
9.0,50,7300.486485
-38.0,50,7306.693364
-17.0,50,7312.90794
-6.0,50,7319.05198
21.0,50,7325.232921
10.0,50,7325.421934
17.0,50,7325.621881
4.0,50,7325.800614
22.0,50,7325.983549
26.0,50,7326.162493
16.0,50,7326.35692
17.0,50,7326.532723
11.0,50,7326.713445
20.0,50,7326.895234
-16.0,50,7327.069987
-38.0,50,7333.155634
-4.0,50,7339.329883
14.0,50,7345.610663
14.0,50,7351.914813
-2.0,50,7358.209214
21.0,50,7364.398497
-38.0,50,7370.670689
-38.0,50,7376.821023
14.0,50,7383.07414
-12.0,50,7389.278135
10.0,50,7395.450776
21.0,50,7401.605649
-38.0,50,7407.827361
13.0,50,7414.054208
21.0,50,7420.400641
-38.0,50,7426.720031
-2.0,50,7432.950253
-2.0,50,7439.049873
2.0,50,7445.139814
14.0,50,7451.277319
26.0,50,7451.467348
3.0,50,7451.670409
16.0,50,7451.854239
15.0,50,7452.037788
10.0,50,7452.225555
-15.0,50,7452.413925
21.0,50,7452.597453
18.0,50,7452.76676
19.0,50,7452.963093
