# {"t_start": 1586405447.796689, "env_id": "FetchPickAndPlace-v1"} 
r,l,t
-12.103298,50,2.493543
-10.641824,50,3.488423
-15.264879,50,4.388944
-8.691635,50,5.299296
-8.68592,50,6.185133
-20.050731,50,7.067474
-8.608219,50,7.959187
-5.479838,50,8.855005
-2.415503,50,9.746865
-16.700491,50,10.638301
-3.011743,50,11.522069
-11.894891,50,12.415621
-17.565024,50,13.300384
-20.213283,50,14.160966
-14.193986,50,15.027463
-19.067183,50,15.930306
-23.629889,50,16.81948
-16.619165,50,17.704231
-17.448779,50,18.603557
-11.35425,50,19.489668
-21.830178,50,20.417938
-17.767174,50,20.597421
-8.344772,50,20.756916
-15.87479,50,20.932747
-4.957997,50,21.112597
-12.507342,50,21.283896
-21.306212,50,21.453928
-12.909983,50,21.617302
-10.903069,50,21.783668
-6.941889,50,21.95634
-23.835017,50,22.179389
-12.846126,50,23.057898
-8.882736,50,23.946765
-16.202574,50,24.845727
-10.810403,50,25.741436
-4.306207,50,26.649059
-12.842175,50,27.551737
-7.160598,50,28.464756
-20.856662,50,29.378776
-2.575749,50,30.277561
-20.39218,50,31.18028
-14.91188,50,32.069131
-15.823323,50,32.966365
-6.742423,50,33.824516
-14.990196,50,34.720382
-5.246673,50,35.607994
-9.047948,50,36.528925
-11.245531,50,37.437195
-11.295415,50,38.329
-3.479616,50,39.218489
-9.189665,50,40.125459
-11.500582,50,40.283136
-2.552009,50,40.455807
-1.620437,50,40.628224
-6.329052,50,40.799139
-9.9369,50,40.973377
-3.591124,50,41.136404
-9.822189,50,41.305992
-13.615934,50,41.465994
-11.076335,50,41.633972
-13.994648,50,41.804212
-7.232755,50,42.72945
-11.065418,50,43.655282
-6.660162,50,44.57856
-8.624093,50,45.510699
-9.72066,50,46.412356
-12.130451,50,47.320419
-11.544371,50,48.226452
-5.74307,50,49.142646
-13.698647,50,50.070565
-10.549505,50,50.978056
-11.856381,50,51.88391
-11.088484,50,52.802073
-10.668438,50,53.731709
-12.418909,50,54.661953
-17.366417,50,55.571829
-13.704923,50,56.47164
-12.319971,50,57.375513
-16.101104,50,58.284068
-14.705864,50,59.201127
-8.314371,50,60.117895
-13.232136,50,60.298583
-14.234672,50,60.464589
-10.439721,50,60.6369
-21.353752,50,60.789762
-6.031466,50,60.948768
-5.453955,50,61.107034
-2.954958,50,61.274541
-19.504012,50,61.427553
-11.681065,50,61.580473
-1.860796,50,61.74557
-11.107977,50,62.659625
-6.261145,50,63.560006
-6.220684,50,64.452791
-9.894567,50,65.330498
-19.322676,50,66.220528
-12.934964,50,67.113535
-13.577187,50,67.992403
-12.131137,50,68.888561
-12.164107,50,69.791772
-20.888931,50,70.691688
-13.006736,50,71.600152
-23.349483,50,72.531581
-9.987441,50,73.438887
-12.272234,50,74.33904
-9.402664,50,75.241623
-5.128173,50,76.128606
-24.603606,50,77.019746
-13.156254,50,77.925307
-17.400448,50,78.845205
-8.076615,50,79.752988
-5.209668,50,79.911069
-21.186903,50,80.076727
-4.45157,50,80.237669
-6.278862,50,80.394442
-16.994564,50,80.565223
-5.878107,50,80.730586
-8.96721,50,80.892213
-13.650583,50,81.064262
-6.72171,50,81.236088
-15.088426,50,81.411101
-9.303175,50,82.323187
-8.287977,50,83.229704
-14.071743,50,84.150014
-5.948098,50,85.069689
-11.849043,50,85.986604
-8.286787,50,86.919865
-16.11749,50,87.839532
-10.494165,50,88.775509
-21.32646,50,89.692151
-7.269743,50,90.611941
-12.791551,50,91.536115
-10.698087,50,92.452798
-21.473953,50,93.382933
-17.584587,50,94.303055
-11.703099,50,95.22207
-14.442232,50,96.141067
-23.873909,50,97.067204
-6.039834,50,97.984837
-8.788904,50,98.906269
-9.808916,50,99.846309
-2.461241,50,100.009562
-21.649152,50,100.161949
-7.013795,50,100.336246
-5.585113,50,100.497834
-17.839917,50,100.652882
-16.79459,50,100.808745
-6.412855,50,100.977259
-11.657909,50,101.142828
-13.692578,50,101.290885
-22.587752,50,101.446533
-13.605601,50,102.37076
-6.098616,50,103.278027
-15.467427,50,104.205687
-26.643489,50,105.124737
-11.281214,50,106.043416
-19.963364,50,106.995215
-14.709411,50,107.913888
-15.779249,50,108.831981
-18.425428,50,109.750922
-10.489529,50,110.681912
-19.316626,50,111.606351
-5.258931,50,112.508055
-16.60874,50,113.411
-16.484322,50,114.31582
-10.451461,50,115.22079
-4.644874,50,116.137835
-10.509593,50,117.046611
-12.824209,50,117.961347
-9.290512,50,118.886202
-7.179721,50,119.798537
-26.077047,50,119.965612
-12.114861,50,120.131077
-6.395425,50,120.29606
-9.365267,50,120.450127
-21.877952,50,120.592588
-12.999514,50,120.760295
-13.042937,50,120.91618
-15.851822,50,121.066502
-9.320447,50,121.213797
-14.355167,50,121.369459
-13.894211,50,122.286966
-14.942053,50,123.218488
-10.928757,50,124.137769
-11.151151,50,125.055147
-6.624523,50,125.975732
-7.249369,50,126.89017
-7.703343,50,127.802317
-8.410869,50,128.72161
-12.046449,50,129.634073
-8.870287,50,130.562316
-18.847926,50,131.490008
-2.534315,50,132.424843
-7.504545,50,133.362376
-20.469428,50,134.293657
-6.235684,50,135.22562
-2.065972,50,136.166492
-12.488866,50,137.086784
-21.462623,50,138.012621
-10.522757,50,138.945522
-5.58735,50,139.887905
-11.808341,50,140.058163
-15.205588,50,140.209564
-12.067751,50,140.386433
-7.761715,50,140.548244
-23.653662,50,140.699939
-22.060281,50,140.862897
-5.889895,50,141.030518
-15.163802,50,141.177415
-8.469285,50,141.343876
-4.041337,50,141.530041
-12.819503,50,142.448449
-22.786955,50,143.380991
-2.651403,50,144.331895
-12.468518,50,145.265942
-17.98712,50,146.216968
-11.369197,50,147.16657
-6.085211,50,148.119929
-11.945894,50,149.065341
-16.72367,50,150.014477
-4.82437,50,150.970056
-21.709177,50,151.922608
-11.858751,50,152.873899
-2.722017,50,153.807596
-12.763553,50,154.73947
-9.946872,50,155.667376
-14.787124,50,156.591167
-11.978151,50,157.512742
-14.634819,50,158.440415
-22.954451,50,159.384238
-1.735958,50,160.344201
-8.345899,50,160.51134
-9.413145,50,160.676713
-4.905401,50,160.847195
-18.213076,50,161.015114
-9.578259,50,161.196395
-5.859755,50,161.360925
-15.515569,50,161.540176
-14.834025,50,161.704492
-15.126027,50,161.861272
-7.83762,50,162.030241
-5.831352,50,162.964648
-2.442696,50,163.910927
-14.232124,50,164.862073
-11.967156,50,165.822346
-18.870525,50,166.779389
-4.527664,50,167.739542
-11.667688,50,168.681418
-10.934984,50,169.642338
-10.361213,50,170.589245
-16.746305,50,171.535824
-16.200771,50,172.482125
-4.231646,50,173.428514
-14.097454,50,174.369665
-14.413963,50,175.30766
-8.381788,50,176.254279
-10.668485,50,177.198965
-5.977775,50,178.155444
-13.249134,50,179.133274
-18.557217,50,180.093546
-21.659245,50,181.077272
-16.401698,50,181.230288
-8.11215,50,181.396307
-3.647451,50,181.566139
-2.92119,50,181.733466
-10.049893,50,181.900319
-9.400074,50,182.061573
-7.510334,50,182.226363
-12.441158,50,182.399043
-9.256098,50,182.570609
-21.439297,50,182.738801
-10.331967,50,183.690902
-20.502822,50,184.656637
-11.411779,50,185.625548
-9.451454,50,186.590599
-7.906483,50,187.565988
-10.915566,50,188.546079
-6.364655,50,189.526723
-14.199254,50,190.500997
-25.594173,50,191.474101
-9.383869,50,192.430863
-9.480609,50,193.357901
-9.160123,50,194.288198
-2.758209,50,195.21944
-2.757913,50,196.191187
-10.447027,50,197.167043
-11.639142,50,198.144894
-19.438348,50,199.101458
-21.37876,50,200.069437
-12.919596,50,201.051949
-14.136958,50,202.025617
-24.731846,50,202.191896
-6.92926,50,202.352459
-16.326039,50,202.507229
-16.677762,50,202.669153
-10.792466,50,202.824261
-9.159088,50,203.005638
-10.190694,50,203.167626
-9.933221,50,203.321831
-10.648957,50,203.492454
-14.096848,50,203.652823
-15.272388,50,204.635152
-14.219722,50,205.61487
-3.170084,50,206.594675
-5.788412,50,207.575433
-15.66646,50,208.547392
-11.054714,50,209.531233
-19.399063,50,210.525292
-12.548662,50,211.510004
-21.452994,50,212.508918
-23.237756,50,213.49481
-10.116667,50,214.481601
-7.300591,50,215.462035
-22.659017,50,216.441341
-8.665329,50,217.434084
-16.898282,50,218.412566
-18.229681,50,219.392004
-19.104862,50,220.369537
-5.467007,50,221.346143
-19.655575,50,222.342087
-5.979402,50,223.329217
-15.057875,50,223.491965
-7.361786,50,223.654299
-21.15461,50,223.81217
-5.019952,50,223.983788
-11.555992,50,224.136405
-22.321074,50,224.291151
-16.844022,50,224.448313
-24.052497,50,224.603161
-13.840416,50,224.765454
-15.872348,50,224.919943
-4.474453,50,225.902828
-7.352892,50,226.886892
-13.074805,50,227.918985
-8.829363,50,228.92237
-12.963795,50,229.908252
-6.090312,50,230.895869
-2.402232,50,231.874455
-15.073433,50,232.859056
-9.075038,50,233.853215
-4.194029,50,234.850351
-28.189202,50,235.854
-16.118856,50,236.85231
-21.806422,50,237.838165
-2.946264,50,238.835787
-6.470183,50,239.828798
-6.695125,50,240.830997
-16.097488,50,241.813432
-10.663446,50,242.738869
-9.71671,50,243.654765
-9.945877,50,244.567944
-10.202625,50,244.730041
-17.450548,50,244.872662
-18.249782,50,245.02426
-7.491108,50,245.1822
-5.341876,50,245.347013
-10.55267,50,245.498646
-8.937083,50,245.641575
-11.002312,50,245.801644
-4.771458,50,245.961721
-21.195356,50,246.11953
-10.659022,50,247.041877
-8.772601,50,247.978749
-10.385651,50,248.905346
-13.128184,50,249.826998
-20.282081,50,250.749194
-23.998181,50,251.679437
-10.367088,50,252.637465
-12.826347,50,253.635226
-11.347961,50,254.639769
-11.23411,50,255.644618
-3.085287,50,256.649255
-22.808336,50,257.655641
-5.307229,50,258.659238
-15.164443,50,259.664859
-10.172893,50,260.66522
-15.251976,50,261.688149
-5.828493,50,262.706727
-8.250538,50,263.722877
-12.695178,50,264.752461
-8.525009,50,265.791415
-23.015039,50,265.966026
-12.182654,50,266.136627
-12.230944,50,266.291702
-5.520503,50,266.453653
-10.332347,50,266.620224
-3.18061,50,266.791844
-13.722699,50,266.939835
-14.398249,50,267.102097
-13.379254,50,267.269285
-14.667923,50,267.429733
-3.15865,50,268.430899
-15.368869,50,269.455424
-9.908291,50,270.487918
-13.14196,50,271.51715
-8.027057,50,272.547177
-6.442882,50,273.571029
-4.327255,50,274.591077
-20.437361,50,275.600862
-11.300628,50,276.61536
-16.953854,50,277.617288
-3.487254,50,278.70347
-1.739355,50,279.714988
-14.305633,50,280.724863
-14.084303,50,281.740036
-9.711224,50,282.770053
-9.583981,50,283.783815
-9.101805,50,284.809621
-14.101601,50,285.826782
-19.561161,50,286.843708
-2.787956,50,287.888501
-21.174202,50,288.058192
-17.738077,50,288.223085
-13.315175,50,288.401855
-5.592923,50,288.576486
-6.967655,50,288.749774
-12.873493,50,288.913088
-7.626909,50,289.082681
-12.578125,50,289.251236
-1.464027,50,289.419117
-16.355332,50,289.585745
-9.784703,50,290.608348
-14.130572,50,291.640959
-3.592621,50,292.666821
-21.198113,50,293.69236
-5.882888,50,294.71679
-16.534561,50,295.744524
-8.061517,50,296.776557
-19.91878,50,297.802305
-10.667224,50,298.843392
-14.354899,50,299.8705
-13.442774,50,300.900009
-11.390627,50,301.934523
-8.790318,50,302.963079
-8.783219,50,304.000863
-4.700448,50,305.034181
-13.55492,50,306.064313
-2.583179,50,307.090022
-9.104885,50,308.118021
-16.331809,50,309.142697
-19.101199,50,310.175693
-5.299955,50,310.345837
-5.758662,50,310.506325
-6.025243,50,310.669822
-2.820224,50,310.846257
-6.234518,50,311.013806
-3.945797,50,311.175645
-2.988,50,311.331421
-7.424715,50,311.494257
-16.078938,50,311.677832
-5.953672,50,311.843477
-6.31236,50,312.874336
-20.180861,50,313.910807
-13.187825,50,314.940431
-8.476232,50,315.989904
-0.837775,50,317.021565
-12.215407,50,318.060753
-5.991198,50,319.091918
-2.652566,50,320.142757
-24.589832,50,321.197915
-13.498269,50,322.230422
-22.800449,50,323.269771
-6.690387,50,324.301275
-2.88277,50,325.346314
-20.576845,50,326.382534
-2.990456,50,327.41784
-12.570343,50,328.453884
-16.747272,50,329.491502
-18.1429,50,330.543304
-6.024649,50,331.572757
-13.980934,50,332.599364
-18.633205,50,332.765521
-5.429751,50,332.930583
-20.219791,50,333.102815
-12.135151,50,333.264703
-11.74124,50,333.432026
-17.915943,50,333.595722
-3.57291,50,333.765272
-17.851155,50,333.940393
-8.467377,50,334.114506
-21.363866,50,334.273104
-14.42349,50,335.310742
-11.638668,50,336.371643
-10.050271,50,337.419008
-20.362734,50,338.472111
-19.226326,50,339.513489
-16.323034,50,340.557124
-8.130796,50,341.607821
-7.443327,50,342.645774
-5.811809,50,343.673021
-10.64145,50,344.714752
-12.692651,50,345.755799
-25.378097,50,346.812061
-11.137005,50,347.872178
-9.028213,50,348.943222
-3.943295,50,349.98774
-10.280634,50,351.039469
-3.772778,50,352.091418
-12.263304,50,353.205715
-7.244622,50,354.257149
-9.101633,50,355.323481
-14.887053,50,355.479312
-6.524104,50,355.638829
-3.67816,50,355.802553
-11.818915,50,355.972983
-14.079402,50,356.126258
-15.227795,50,356.285123
-7.984031,50,356.462171
-6.919881,50,356.620052
-13.187578,50,356.78615
-6.750925,50,356.946879
-7.859303,50,357.995439
-11.698779,50,359.061986
-7.840677,50,360.126723
-19.912042,50,361.180289
-10.737133,50,362.2383
-18.628018,50,363.310232
-14.952473,50,364.371181
-7.645178,50,365.43741
-8.778616,50,366.495163
-23.971762,50,367.556234
-22.173792,50,368.611802
-20.960575,50,369.653369
-5.539621,50,370.694936
-8.772369,50,371.75344
-18.478571,50,372.816748
-16.381693,50,373.87988
-6.239507,50,374.93985
-8.258005,50,376.000044
-16.698885,50,377.052681
-16.964139,50,378.117563
-13.818795,50,378.289005
-7.711661,50,378.462501
-18.208104,50,378.623233
-14.767142,50,378.787182
-10.791161,50,378.937373
-13.629426,50,379.123838
-7.836359,50,379.280852
-13.126906,50,379.456176
-5.403866,50,379.627307
-4.989382,50,379.787504
-13.932209,50,380.864083
-17.068507,50,381.933819
-10.611298,50,383.016982
-5.622376,50,384.086082
-8.994023,50,385.163507
-13.934066,50,386.226109
-12.887311,50,387.294513
-21.054361,50,388.366939
-9.803598,50,389.454396
-7.160427,50,390.506521
-6.620402,50,391.554367
-6.351396,50,392.603975
-21.803374,50,393.654495
-11.117076,50,394.729972
-12.382525,50,395.786793
-2.976451,50,396.84173
-17.869062,50,397.886992
-14.427832,50,398.95203
-14.184726,50,399.969072
-11.584161,50,400.964474
-7.038439,50,401.108009
-10.086894,50,401.263822
-16.767698,50,401.430608
-7.157845,50,401.589894
-3.338452,50,401.77058
-15.198233,50,401.947974
-5.810564,50,402.106648
-16.002605,50,402.249305
-17.150421,50,402.400883
-9.598133,50,402.568911
-20.520914,50,403.632688
-9.805279,50,404.709981
-12.581062,50,405.786325
-24.225405,50,406.879832
-21.985519,50,408.008058
-14.469149,50,409.08844
-5.700597,50,410.163959
-13.745034,50,411.256298
-22.404918,50,412.395974
-13.438902,50,413.468219
-14.3078,50,414.533226
-10.381121,50,415.59281
-9.920628,50,416.661989
-4.671951,50,417.742635
-5.491807,50,418.807684
-8.486625,50,419.901559
-8.324796,50,420.992842
-12.854178,50,422.078979
-5.410235,50,423.16906
-8.067648,50,424.280672
-6.889115,50,424.439621
-7.936102,50,424.619726
-11.250018,50,424.786235
-5.89803,50,424.949646
-24.572107,50,425.115184
-19.881664,50,425.284609
-19.799131,50,425.453063
-5.948067,50,425.623492
-6.058355,50,425.776325
-9.888928,50,425.934927
-10.835774,50,427.038282
-15.735903,50,428.133622
-21.569494,50,429.232181
-21.752058,50,430.324072
-12.215011,50,431.421228
-13.182062,50,432.52096
-5.3052,50,433.60862
-7.459172,50,434.695058
-19.218461,50,435.793003
-3.370461,50,436.881031
-23.271525,50,437.948611
-4.423929,50,439.047624
-16.173975,50,440.11768
-3.443946,50,441.203754
-7.718682,50,442.28864
-5.196201,50,443.370894
-10.415732,50,444.463962
-13.578975,50,445.531343
-8.286975,50,446.652045
-25.599111,50,447.765874
-15.766333,50,447.943624
-9.930467,50,448.125754
-14.765881,50,448.274398
-19.839501,50,448.445563
-5.361114,50,448.602978
-13.477261,50,448.767838
-8.442058,50,448.940145
-17.717495,50,449.115852
-12.724487,50,449.283241
-22.184148,50,449.444341
-17.774129,50,450.537943
-5.1366,50,451.618529
-3.816573,50,452.712934
-3.696734,50,453.821766
-16.746593,50,454.914037
-23.007683,50,456.016501
-16.267199,50,457.106776
-7.36749,50,458.18493
-6.424837,50,459.278688
-10.009864,50,460.371424
-14.560811,50,461.462809
-2.877297,50,462.555858
-12.399009,50,463.651065
-9.902739,50,464.731401
-11.683709,50,465.826919
-15.951624,50,466.921294
-22.467833,50,468.014333
-6.365896,50,469.110457
-14.956159,50,470.191739
-10.774066,50,471.310987
-0.79459,50,471.476048
-13.431587,50,471.646488
-9.18174,50,471.808274
-6.564484,50,471.977956
-15.835141,50,472.141738
-9.592849,50,472.308505
-8.281188,50,472.473361
-21.214443,50,472.624652
-12.506194,50,472.785567
-18.089745,50,472.953554
-14.462722,50,474.087703
-7.440809,50,475.202977
-17.823701,50,476.302206
-5.805667,50,477.403638
-23.124937,50,478.492812
-3.410713,50,479.610221
-9.579672,50,480.705711
-4.81225,50,481.819243
-24.012117,50,482.932396
-5.485914,50,484.039233
-11.341914,50,485.134609
-7.053248,50,486.224955
-20.245447,50,487.31571
-18.346121,50,488.422319
-9.065878,50,489.51322
-13.478331,50,490.618511
-20.149106,50,491.719205
-10.424329,50,492.808869
-18.546573,50,493.941269
-6.970344,50,495.027251
-3.831696,50,495.201876
-7.972451,50,495.374217
-11.475916,50,495.540824
-11.808596,50,495.695123
-14.368238,50,495.862519
-7.422479,50,496.015829
-11.704382,50,496.188251
-22.412997,50,496.338612
-2.091766,50,496.503335
-10.698379,50,496.650806
-7.401305,50,497.765066
-9.430762,50,498.866205
-10.043994,50,499.994325
-8.089818,50,501.074778
-14.070651,50,502.114259
-7.829064,50,503.157339
-11.613245,50,504.196294
-3.53326,50,505.280928
-9.299189,50,506.373318
-16.19187,50,507.478071
-2.239644,50,508.569324
-8.242835,50,509.69306
-10.094837,50,510.795732
-8.202903,50,511.81814
-11.986026,50,512.840909
-9.204464,50,513.898736
-23.046256,50,514.978194
-12.041048,50,516.087783
-11.944303,50,517.169579
-21.212899,50,518.248161
-11.659103,50,518.419343
-11.113719,50,518.594323
-16.49491,50,518.752293
-4.618173,50,518.927263
-12.280464,50,519.087219
-17.376879,50,519.230819
-6.160206,50,519.410591
-20.249109,50,519.558757
-7.901967,50,519.722152
-6.248338,50,519.880306
-11.821572,50,520.98592
-4.607919,50,522.085788
-8.368821,50,523.181088
-9.920246,50,524.265223
-12.295331,50,525.358262
-22.353629,50,526.462619
-24.334497,50,527.559683
-22.828603,50,528.66989
-20.918308,50,529.764256
-16.447518,50,530.871519
-6.663975,50,531.902798
-12.480327,50,532.93783
-6.219313,50,533.964041
-7.362594,50,535.000744
-14.26105,50,536.044737
-17.478452,50,537.07517
-1.257191,50,538.107966
-15.897766,50,539.150811
-5.734728,50,540.194739
-7.74336,50,541.333368
-4.920149,50,541.509133
-7.186543,50,541.670994
-8.54536,50,541.830674
-3.669889,50,541.999481
-12.796569,50,542.174453
-4.489487,50,542.340792
-2.675112,50,542.508666
-1.588655,50,542.683389
-9.453632,50,542.846584
-12.739148,50,543.023149
-14.650832,50,544.136497
-18.527378,50,545.241934
-6.324409,50,546.39773
-10.539383,50,547.482547
-11.495339,50,548.585972
-21.611869,50,549.689862
-5.630356,50,550.790382
-12.453551,50,551.875202
-12.537688,50,552.974691
-10.642352,50,554.075841
-13.561283,50,555.167793
-5.642424,50,556.270992
-15.420604,50,557.379427
-3.93115,50,558.479602
-4.963573,50,559.559348
-10.228053,50,560.63875
-15.771909,50,561.656826
-23.57132,50,562.668759
-15.313731,50,563.688721
-21.463899,50,564.79493
-3.802731,50,564.96178
-12.783471,50,565.127419
-11.90619,50,565.305947
-9.580241,50,565.466855
-18.92006,50,565.623103
-9.308944,50,565.781283
-8.79811,50,565.930244
-20.779564,50,566.082487
-5.560721,50,566.233507
-8.140875,50,566.388947
-5.791388,50,567.492923
-7.821668,50,568.626536
-6.998427,50,569.726312
-20.858663,50,570.832285
-11.568388,50,571.946392
-12.833979,50,573.093944
-16.735707,50,574.194635
-17.190773,50,575.294295
-9.969773,50,576.410767
-10.45106,50,577.532609
-11.298697,50,578.629574
-7.999332,50,579.707063
-13.261579,50,580.793284
-6.746444,50,581.879889
-13.714501,50,583.004825
-13.800983,50,584.094983
-16.899145,50,585.181011
-10.130746,50,586.262706
-11.384454,50,587.346576
-21.474138,50,588.460216
-21.763448,50,588.632695
-16.125763,50,588.796242
-13.223168,50,588.97769
-9.299577,50,589.144457
-14.099077,50,589.314422
-8.433164,50,589.465074
-7.43334,50,589.621247
-9.380585,50,589.794285
-9.53476,50,589.943823
-19.269703,50,590.094427
-7.765172,50,591.193681
-12.052144,50,592.270792
-13.215475,50,593.382481
-8.077088,50,594.48667
-15.373346,50,595.592297
-8.884122,50,596.708914
-8.883537,50,597.899514
-11.853253,50,599.006466
-17.575592,50,600.107199
-18.330104,50,601.247836
-10.660901,50,602.321308
-7.507963,50,603.341315
-6.644691,50,604.362578
-17.071794,50,605.384692
-10.63786,50,606.407195
-14.169721,50,607.433151
-12.212433,50,608.465001
-12.537138,50,609.495811
-5.51898,50,610.528468
-15.843005,50,611.572452
-10.382918,50,611.73394
-4.218478,50,611.88217
-8.674112,50,612.02616
-13.226033,50,612.198076
-20.53359,50,612.375687
-13.942914,50,612.533593
-7.206026,50,612.684189
-16.998338,50,612.844216
-14.321366,50,612.998047
-4.299624,50,613.161029
-9.102363,50,614.269263
-6.567024,50,615.372277
-7.01607,50,616.484604
-22.87775,50,617.600424
-0.772718,50,618.717002
-1.098894,50,619.835288
-16.332657,50,620.956103
-12.385293,50,622.084709
-14.533734,50,623.192774
-3.781618,50,624.318673
-8.62281,50,625.436364
-12.41048,50,626.550231
-24.788472,50,627.678214
-7.906756,50,628.796092
-24.560931,50,629.910007
-23.547034,50,631.024157
-5.510562,50,632.142029
-22.665041,50,633.256661
-4.455846,50,634.393085
-8.095617,50,635.499873
-18.408304,50,635.672164
-7.90191,50,635.843096
-6.071111,50,636.005362
-10.045538,50,636.174744
-4.8944,50,636.323191
-18.28844,50,636.494638
-11.820933,50,636.656228
-10.003059,50,636.81442
-6.881072,50,636.971847
-22.939546,50,637.130348
-13.403472,50,638.246262
-7.586332,50,639.364259
-16.326653,50,640.498696
-20.493963,50,641.603119
-12.741885,50,642.724028
-5.03148,50,643.828115
-10.93622,50,644.926157
-10.723638,50,646.032136
-9.914408,50,647.134654
-12.110966,50,648.236039
-10.620115,50,649.355469
-10.616589,50,650.46901
-19.248199,50,651.547159
-25.636843,50,652.620911
-15.39232,50,653.72651
-25.371439,50,654.82766
-4.696475,50,655.922822
-9.293672,50,657.015882
-13.166603,50,658.171817
-18.5195,50,659.306764
-22.281214,50,659.467328
-2.0297,50,659.646234
-8.72266,50,659.814372
-7.020616,50,659.991647
-16.464587,50,660.167232
-3.620852,50,660.338212
-3.666365,50,660.5093
-3.341195,50,660.668692
-5.531032,50,660.836623
-13.869321,50,660.994978
-11.592886,50,662.121817
-20.966309,50,663.217029
-12.932176,50,664.335844
-16.536714,50,665.442108
-14.501371,50,666.55089
-18.045674,50,667.668045
-3.16192,50,668.783308
-12.086827,50,669.891791
-13.899936,50,670.994113
-16.37697,50,672.102158
-6.489574,50,673.231818
-11.312851,50,674.340418
-13.85233,50,675.452704
-5.692622,50,676.556011
-15.903397,50,677.625878
-13.741095,50,678.724733
-12.807607,50,679.821554
-12.283931,50,680.91817
-23.862487,50,682.012481
-11.568022,50,683.130994
-8.236814,50,683.28852
-6.74697,50,683.452774
-18.983138,50,683.602387
-20.615939,50,683.768095
-9.995751,50,683.938711
-14.175458,50,684.114849
-13.476351,50,684.266953
-8.011608,50,684.428118
-12.243856,50,684.582864
-18.047984,50,684.740684
-13.780884,50,685.844551
-5.286874,50,686.982835
-15.817882,50,688.077992
-16.121683,50,689.186046
-19.188801,50,690.271713
-7.606281,50,691.384684
-10.204441,50,692.423467
-12.460103,50,693.462283
-13.08744,50,694.497642
-17.64796,50,695.526815
-18.334318,50,696.618275
-13.537715,50,697.734961
-4.716142,50,698.847988
-17.025698,50,699.957985
-6.393046,50,701.037086
-7.850785,50,702.113145
-8.757217,50,703.191249
-23.488859,50,704.296054
-7.601459,50,705.399538
-23.370326,50,706.50256
-10.909833,50,706.679008
-12.805079,50,706.836681
-3.29582,50,707.009848
-2.486333,50,707.17797
-17.135726,50,707.325287
-4.12996,50,707.50562
-20.177387,50,707.654737
-15.73617,50,707.822528
-9.691028,50,707.996429
-5.990676,50,708.157031
-17.429725,50,709.218583
-22.757688,50,710.310919
-0.91203,50,711.432125
-7.416795,50,712.515086
-17.830665,50,713.630331
-9.275699,50,714.754148
-23.470633,50,715.870302
-9.069856,50,716.996424
-4.80837,50,718.114009
-17.137961,50,719.223744
-3.104032,50,720.312111
-1.949634,50,721.446928
-11.857698,50,722.576087
-13.02804,50,723.676946
-14.504019,50,724.784874
-10.858528,50,725.877465
-13.603797,50,727.009656
-12.240286,50,728.117727
-8.578363,50,729.225724
-17.493172,50,730.346638
-3.203117,50,730.511296
-14.872518,50,730.685482
-11.98007,50,730.862743
-14.158306,50,731.025942
-14.479027,50,731.195014
-10.603343,50,731.358428
-3.828755,50,731.52569
-1.913273,50,731.694847
-12.554687,50,731.84902
-17.607403,50,732.01561
-5.826747,50,733.141615
-3.45887,50,734.251982
-13.854011,50,735.362482
-24.361687,50,736.471148
-7.69047,50,737.577822
-19.618324,50,738.693716
-6.458135,50,739.797057
-12.435938,50,740.891432
-4.97323,50,742.035101
-24.088369,50,743.14736
-2.156135,50,744.272079
-9.121258,50,745.375309
-24.301527,50,746.473431
-14.912765,50,747.580495
-16.106092,50,748.6878
-13.21398,50,749.783166
-17.367342,50,750.920262
-10.970554,50,752.046438
-3.247197,50,753.157427
-24.217072,50,754.257215
-10.573308,50,754.40819
-5.111822,50,754.578398
-16.848471,50,754.752256
-6.889579,50,754.927023
-9.978002,50,755.089129
-5.42727,50,755.259519
-2.698308,50,755.431751
-22.426778,50,755.611691
-10.579086,50,755.787524
-20.255378,50,755.940616
-4.072125,50,757.04515
-12.893367,50,758.173003
-16.799728,50,759.277879
-4.237741,50,760.402101
-21.022151,50,761.543006
-14.655557,50,762.665465
-10.127004,50,763.787247
-21.877224,50,764.877424
-11.251267,50,766.0039
-3.117385,50,767.114079
-12.227177,50,768.170076
-6.328027,50,769.202134
-12.634689,50,770.237853
-18.028264,50,771.383208
-19.395732,50,772.474451
-11.196091,50,773.582277
-9.990394,50,774.688781
-3.019393,50,775.788723
-10.127016,50,776.897212
-2.601579,50,777.980205
-9.998721,50,778.128724
-6.814781,50,778.285488
-4.901508,50,778.449932
-8.788999,50,778.622801
-8.457454,50,778.774112
-10.904929,50,778.949437
-17.89206,50,779.101578
-17.794805,50,779.260163
-2.493884,50,779.419012
-22.45535,50,779.571741
-14.680565,50,780.629084
-10.24694,50,781.686479
-11.146197,50,782.733563
-15.950553,50,783.858319
-21.371853,50,785.021952
-7.558408,50,786.139393
-16.335892,50,787.230162
-6.456626,50,788.330683
-19.569832,50,789.422415
-19.79562,50,790.534017
-11.715989,50,791.628576
-10.267908,50,792.733167
-2.961705,50,793.865425
-11.357896,50,794.987299
-1.543049,50,796.096977
-12.264963,50,797.227638
-14.515369,50,798.346042
-7.760564,50,799.461033
-3.862263,50,800.581343
-15.699644,50,801.672021
-15.267035,50,801.841455
-20.813194,50,801.996655
-20.786691,50,802.155394
-17.095673,50,802.311866
-4.894134,50,802.470807
-13.174701,50,802.650821
-5.851072,50,802.813465
-13.301753,50,802.97117
-17.999284,50,803.14529
-17.973864,50,803.307311
-7.257425,50,804.402905
-5.010193,50,805.543825
-24.883136,50,806.679356
-22.59606,50,807.81167
-12.703205,50,808.956026
-11.434144,50,810.084516
-15.560386,50,811.216361
-12.642809,50,812.320075
-16.402566,50,813.42705
-11.262871,50,814.529197
-15.830797,50,815.611787
-13.51404,50,816.709243
-6.851699,50,817.840465
-11.254976,50,818.959395
-15.94501,50,820.074763
-13.759472,50,821.194896
-8.153196,50,822.304795
-20.921899,50,823.42227
-16.271852,50,824.518096
-17.668773,50,825.634125
-16.590889,50,825.79405
-21.969246,50,825.959214
-10.291707,50,826.13071
-7.582445,50,826.293895
-5.178685,50,826.462422
-6.609935,50,826.630425
-6.390287,50,826.80684
-19.167656,50,826.996276
-5.427206,50,827.173841
-10.278594,50,827.329726
-19.51608,50,828.445471
-10.587138,50,829.560819
-7.998469,50,830.676873
-17.916418,50,831.785254
-12.907902,50,832.944599
-11.008399,50,834.06267
-21.008712,50,835.186097
-12.187911,50,836.305222
-4.542252,50,837.335464
-17.423832,50,838.376849
-9.816007,50,839.416467
-6.322817,50,840.458178
-11.586381,50,841.5137
-6.34098,50,842.518051
-9.432461,50,843.532197
-22.019285,50,844.542856
-10.308547,50,845.558249
-1.506623,50,846.578325
-14.935921,50,847.654301
-3.680923,50,848.750525
-5.135167,50,848.91009
-6.366857,50,849.084402
-5.310933,50,849.247671
-9.375325,50,849.4083
-9.022903,50,849.560934
-18.711014,50,849.725727
-14.12202,50,849.895108
-22.11964,50,850.053325
-9.980941,50,850.216221
-22.058109,50,850.372582
-17.817862,50,851.519209
-15.926583,50,852.635211
-14.848694,50,853.742517
-20.972149,50,854.852657
-6.374074,50,856.078121
-11.20977,50,857.204751
-3.181373,50,858.338809
-9.023151,50,859.45588
-11.281216,50,860.584896
-16.675682,50,861.696309
-16.20345,50,862.813631
-6.368077,50,863.904915
-8.503326,50,865.015268
-7.487444,50,866.125435
-7.443823,50,867.238425
-5.281323,50,868.341346
-11.646234,50,869.441241
-13.418967,50,870.544049
-3.84555,50,871.637363
-16.462694,50,872.742126
-8.944184,50,872.89456
-3.288797,50,873.043705
-8.547192,50,873.210683
-9.461575,50,873.37765
-11.690704,50,873.537633
-8.425471,50,873.691925
-5.951204,50,873.853459
-14.981126,50,874.031096
-11.956794,50,874.203319
-6.022212,50,874.359454
-9.83864,50,875.486586
-23.801411,50,876.595564
-5.072187,50,877.693582
-3.49208,50,878.815154
-12.971702,50,879.956227
-22.401586,50,881.079206
-28.202242,50,882.185617
-11.69269,50,883.287601
-9.548077,50,884.405197
-16.03133,50,885.526839
-8.943885,50,886.658079
-10.070174,50,887.783267
-16.68346,50,888.910092
-4.439165,50,889.960651
-8.047292,50,891.070907
-15.467436,50,892.169434
-10.779106,50,893.26105
-16.973222,50,894.380715
-11.587472,50,895.509948
-10.117137,50,896.62176
-5.665638,50,896.773525
-15.279342,50,896.945639
-13.612006,50,897.120587
-21.127131,50,897.290496
-14.592543,50,897.466948
-16.958475,50,897.641096
-6.600223,50,897.793184
-14.173141,50,897.970792
-11.595519,50,898.132171
-12.007664,50,898.293407
-5.89017,50,899.408361
-17.248813,50,900.538111
-3.628333,50,901.652616
-6.284036,50,902.755062
-12.268489,50,903.873363
-1.747388,50,904.998063
-11.370216,50,906.109433
-4.010952,50,907.232726
-12.763589,50,908.32149
-14.738929,50,909.44306
-4.936777,50,910.567219
-20.354525,50,911.726079
-13.721802,50,912.797996
-17.613116,50,913.834944
-8.374013,50,914.88011
-17.365657,50,915.924857
-11.291511,50,916.962267
-21.66547,50,917.99524
-3.937282,50,919.032372
-6.563627,50,920.109468
-4.797828,50,920.279581
-15.171398,50,920.431674
-16.337492,50,920.605227
-17.1238,50,920.778417
-12.3161,50,920.952714
-1.414512,50,921.112104
-17.342488,50,921.272773
-11.811105,50,921.427359
-4.024453,50,921.608907
-17.671407,50,921.776201
-14.336015,50,922.892374
-5.540833,50,924.019816
-4.809058,50,925.150724
-16.132335,50,926.273129
-18.277619,50,927.423824
-16.485865,50,928.553973
-11.867014,50,929.686184
-11.67299,50,930.799882
-11.402869,50,931.911008
-12.071419,50,933.007234
-9.989172,50,934.130934
-3.623261,50,935.252766
-10.958199,50,936.354728
-24.91209,50,937.442388
-3.264198,50,938.534325
-10.077675,50,939.604726
-18.942876,50,940.677908
-6.534995,50,941.766389
-19.045331,50,942.879986
-2.942706,50,943.979777
-8.848593,50,944.13796
-21.632468,50,944.295382
-6.318558,50,944.457661
-9.024198,50,944.630364
-9.404731,50,944.786761
-10.233959,50,944.962981
-16.218433,50,945.111055
-14.507339,50,945.281218
-14.901966,50,945.439545
-17.146965,50,945.606591
-14.114963,50,946.629962
-19.383156,50,947.653272
-13.004975,50,948.674162
-17.459304,50,949.693997
-8.281765,50,950.72182
-21.245842,50,951.831905
-6.870901,50,952.931697
-4.128521,50,954.041532
-12.729032,50,955.169225
-2.560035,50,956.266521
-11.419027,50,957.364858
-10.983143,50,958.457778
-8.49943,50,959.579572
-6.806881,50,960.669366
-8.505929,50,961.703797
-7.877989,50,962.801946
-6.510373,50,963.917808
-17.498877,50,965.022824
-10.043337,50,966.131225
-13.695936,50,967.253106
-5.87625,50,967.408263
-9.893367,50,967.571942
-11.157994,50,967.727626
-22.643663,50,967.875154
-1.734043,50,968.058663
-8.639489,50,968.217603
-1.884375,50,968.374822
-22.258002,50,968.533543
-11.231876,50,968.6855
-9.448879,50,968.831158
-13.500154,50,969.845767
-25.103375,50,970.957121
-12.874766,50,971.985154
-14.204321,50,973.141315
-9.267994,50,974.251235
-23.760463,50,975.360682
-15.665727,50,976.470686
-3.757777,50,977.57597
-14.837398,50,978.684998
-15.934915,50,979.797663
-34.096616,50,980.951154
-4.835418,50,982.068392
-6.384737,50,983.177961
-3.57284,50,984.275044
-13.354,50,985.387195
-13.735731,50,986.487902
-7.534896,50,987.58862
-10.649869,50,988.704345
-10.913558,50,989.824857
-8.409869,50,990.942184
-16.581669,50,991.096298
-19.07367,50,991.257378
-9.72674,50,991.424505
-8.748761,50,991.58688
-17.557333,50,991.768781
-12.733706,50,991.923344
-8.505091,50,992.08095
-20.52267,50,992.232758
-5.074803,50,992.39922
-1.983026,50,992.551017
-22.732958,50,993.660625
-15.441919,50,994.769488
-10.52476,50,995.859326
-11.886274,50,996.987764
-5.972238,50,998.096931
-11.898369,50,999.205991
-7.548358,50,1000.306711
-20.637627,50,1001.385882
-11.759965,50,1002.471383
-6.396456,50,1003.591466
-12.273863,50,1004.705629
-10.686573,50,1005.817484
-19.276462,50,1006.912041
-9.534439,50,1007.961482
-10.953648,50,1008.986678
-10.355939,50,1010.087583
-10.08884,50,1011.193915
-12.027339,50,1012.284382
-16.830753,50,1013.393453
-11.813821,50,1014.491709
-17.474756,50,1014.643163
-13.60969,50,1014.818234
-17.230645,50,1014.991457
-19.202286,50,1015.140766
-20.921908,50,1015.317921
-4.417261,50,1015.481788
-23.658249,50,1015.638027
-10.061713,50,1015.808724
-8.752922,50,1015.966706
-3.921997,50,1016.117951
-3.503711,50,1017.229594
-11.094974,50,1018.340585
-7.909078,50,1019.455831
-7.768198,50,1020.564804
-8.53419,50,1021.685458
-10.786314,50,1022.803782
-17.050809,50,1023.932037
-13.121447,50,1025.050963
-10.840357,50,1026.155257
-1.916574,50,1027.268711
-9.643381,50,1028.360378
-16.566097,50,1029.499551
-16.228961,50,1030.593534
-8.486057,50,1031.695064
-12.28757,50,1032.815723
-14.82983,50,1033.947843
-20.633884,50,1035.079154
-24.372841,50,1036.179556
-2.391817,50,1037.288984
-15.061219,50,1038.386245
-14.260114,50,1038.562238
-19.534758,50,1038.724237
-18.186893,50,1038.88315
-20.361947,50,1039.033671
-17.428649,50,1039.19397
-2.001821,50,1039.349694
-4.351462,50,1039.518362
-24.351614,50,1039.667673
-6.665013,50,1039.830709
-14.535616,50,1039.991437
-3.416896,50,1041.106957
-0.388873,50,1042.212877
-19.968451,50,1043.312806
-18.61936,50,1044.42785
-21.217443,50,1045.528656
-21.389567,50,1046.636124
-11.103275,50,1047.741927
-8.124798,50,1048.867209
-15.0801,50,1049.975298
-22.14327,50,1051.073258
-8.162155,50,1052.157974
-8.851391,50,1053.256566
-12.047386,50,1054.364954
-15.143385,50,1055.471082
-7.155433,50,1056.572617
-21.133036,50,1057.656891
-13.32818,50,1058.764022
-15.379773,50,1059.883118
-13.279009,50,1060.996627
-8.667454,50,1062.121219
-3.977071,50,1062.284774
-10.876134,50,1062.452217
-5.319817,50,1062.62367
-5.981037,50,1062.795484
-9.419354,50,1062.966139
-10.396881,50,1063.113791
-10.966022,50,1063.281537
-2.415887,50,1063.437522
-14.082181,50,1063.587829
-19.19118,50,1063.75112
-14.123322,50,1064.869934
-14.227429,50,1065.931138
-12.935245,50,1066.957884
-8.907869,50,1068.082003
-2.142719,50,1069.198256
-10.949515,50,1070.286978
-17.725878,50,1071.380497
-5.367381,50,1072.494774
-12.789435,50,1073.619753
-13.781756,50,1074.742388
-15.869863,50,1075.841447
-3.338208,50,1076.93706
-15.039977,50,1078.062154
-7.502704,50,1079.177862
-1.458618,50,1080.271143
-7.999256,50,1081.360183
-15.059557,50,1082.455683
-11.643095,50,1083.568384
-14.53734,50,1084.667204
-6.727303,50,1085.782036
-7.505991,50,1085.94615
-12.404254,50,1086.108239
-9.319061,50,1086.26116
-11.83653,50,1086.425813
-9.710645,50,1086.579453
-6.506952,50,1086.756684
-14.725103,50,1086.904888
-11.368983,50,1087.082151
-23.452418,50,1087.256397
-11.358201,50,1087.419819
-14.711159,50,1088.554559
-19.124628,50,1089.656379
-3.96992,50,1090.770586
-10.520449,50,1091.885863
-12.142862,50,1092.993812
-7.364275,50,1094.094269
-20.600064,50,1095.19216
-5.681162,50,1096.207227
-23.896096,50,1097.219493
-11.094064,50,1098.241732
-16.857666,50,1099.252918
-11.156826,50,1100.263895
-14.227797,50,1101.291998
-14.648235,50,1102.38671
-5.383975,50,1103.510629
-8.66732,50,1104.641404
-9.90945,50,1105.756306
-7.928694,50,1106.871458
-2.088147,50,1107.992463
-8.360605,50,1109.086714
-5.818055,50,1109.25598
-19.297744,50,1109.408101
-15.35535,50,1109.563116
-9.415241,50,1109.726541
-4.565156,50,1109.88521
-10.138265,50,1110.048407
-18.700615,50,1110.207178
-21.880444,50,1110.372204
-9.837992,50,1110.521463
-8.683815,50,1110.675776
-3.813523,50,1111.781421
-3.684795,50,1112.901044
-4.127656,50,1114.018417
-17.23743,50,1115.135969
-12.106859,50,1116.241726
-5.740985,50,1117.35872
-7.601127,50,1118.38642
-0.524961,50,1119.470756
-11.615356,50,1120.563618
-22.373699,50,1121.706888
-5.831922,50,1122.804465
-12.300967,50,1123.913678
-6.971315,50,1125.011751
-9.757385,50,1126.10629
-15.00307,50,1127.201203
-10.304768,50,1128.328532
-10.191983,50,1129.443079
-17.046485,50,1130.564609
-20.829268,50,1131.688796
-22.351942,50,1132.827575
-14.432419,50,1132.99291
-9.748569,50,1133.156653
-12.154697,50,1133.327161
-20.787841,50,1133.476632
-3.261657,50,1133.643432
-12.588879,50,1133.811875
-7.042175,50,1133.967487
-6.520732,50,1134.13191
-13.39136,50,1134.286179
-14.091812,50,1134.453669
-5.21911,50,1135.564344
-18.305422,50,1136.675936
-8.776287,50,1137.795646
-1.01018,50,1138.923043
-1.839416,50,1140.068243
-9.081517,50,1141.208116
-17.693878,50,1142.342902
-10.970732,50,1143.471577
-14.407951,50,1144.590575
-10.659551,50,1145.693097
-24.946723,50,1146.784111
-9.13664,50,1147.875894
-1.886025,50,1148.968352
-6.533448,50,1150.06186
-10.044502,50,1151.173364
-11.273008,50,1152.263067
-12.925029,50,1153.363489
-15.634499,50,1154.456956
-10.442623,50,1155.575668
-7.643392,50,1156.683839
-6.542079,50,1156.840157
-9.941622,50,1156.991901
-9.568218,50,1157.160712
-10.211983,50,1157.327804
-4.186847,50,1157.476107
-12.940305,50,1157.65159
-17.147271,50,1157.821081
-7.829833,50,1157.985077
-19.416301,50,1158.146088
-4.541318,50,1158.308846
-23.885327,50,1159.423276
-6.910773,50,1160.544128
-9.348644,50,1161.668818
-5.500808,50,1162.797331
-19.385164,50,1163.902858
-14.015535,50,1165.027414
-20.007925,50,1166.150334
-13.361534,50,1167.273794
-8.400043,50,1168.399838
-15.439864,50,1169.51555
-17.568136,50,1170.635782
-2.009476,50,1171.737254
-10.971278,50,1172.839182
-15.910183,50,1173.940206
-10.162851,50,1175.045097
-17.871496,50,1176.153036
-18.884886,50,1177.258604
-15.568718,50,1178.370291
-12.769563,50,1179.470692
-11.658668,50,1180.562764
-15.581692,50,1180.728652
-4.853171,50,1180.900626
-12.370866,50,1181.070318
-4.986002,50,1181.237376
-11.774602,50,1181.406355
-13.427927,50,1181.574386
-16.449682,50,1181.740682
-14.878272,50,1181.906596
-15.001126,50,1182.05764
-4.352586,50,1182.225118
-17.484055,50,1183.354142
-10.767723,50,1184.48316
-3.734197,50,1185.602481
-11.075648,50,1186.72189
-6.680245,50,1187.83468
-16.411089,50,1188.94748
-17.065423,50,1190.040912
-17.555496,50,1191.147586
-10.937679,50,1192.260041
-2.51601,50,1193.356727
-10.665845,50,1194.463924
-9.389517,50,1195.568102
-7.206532,50,1196.676283
-17.494231,50,1197.832789
-11.898454,50,1198.958488
-12.372352,50,1200.086061
-3.226588,50,1201.178759
-3.87943,50,1202.311145
-13.291872,50,1203.438354
-10.223238,50,1204.573523
-18.213439,50,1204.739564
-22.677095,50,1204.887207
-16.213781,50,1205.042166
-8.342787,50,1205.197936
-6.839488,50,1205.362677
-14.228118,50,1205.527332
-8.543675,50,1205.686652
-12.75906,50,1205.854213
-3.746565,50,1206.011969
-8.240035,50,1206.170142
-13.401321,50,1207.311212
-2.094002,50,1208.431356
-16.169334,50,1209.557191
-17.484158,50,1210.661863
-14.643826,50,1211.814784
-22.015459,50,1212.950904
-9.778084,50,1214.062554
-20.769438,50,1215.116645
-14.892445,50,1216.220325
-14.313102,50,1217.336848
-13.240591,50,1218.44839
-17.321216,50,1219.551765
-6.501328,50,1220.64799
-9.696669,50,1221.738336
-11.217302,50,1222.821882
-13.27318,50,1223.916304
-14.154504,50,1225.018133
-10.530037,50,1226.104719
-6.608769,50,1227.234287
-6.760477,50,1228.440949
-5.140389,50,1228.603334
-15.678465,50,1228.758646
-15.817547,50,1228.911582
-12.806844,50,1229.082231
-23.073321,50,1229.249279
-3.106785,50,1229.422495
-13.20655,50,1229.588529
-14.722265,50,1229.752517
-21.76797,50,1229.915895
-5.33013,50,1230.088114
-9.384473,50,1231.209367
-10.61623,50,1232.326532
-2.759471,50,1233.439457
-17.752547,50,1234.552154
-5.046982,50,1235.69198
-6.461372,50,1236.81317
-13.851061,50,1237.929941
-11.031114,50,1239.040325
-9.084179,50,1240.131855
-10.705768,50,1241.236973
-8.926274,50,1242.345179
-7.229813,50,1243.45701
-18.787289,50,1244.579212
-7.744701,50,1245.699591
-16.177028,50,1246.811225
-21.941743,50,1247.909539
-24.551569,50,1249.031228
-7.935052,50,1250.139018
-8.747339,50,1251.246866
-0.646031,50,1252.359342
-18.160978,50,1252.511792
-24.557238,50,1252.664112
-16.974266,50,1252.829347
-6.437685,50,1252.99963
-4.10461,50,1253.170055
-0.389266,50,1253.329825
-24.196467,50,1253.484129
-5.156875,50,1253.646627
-15.140186,50,1253.794532
-3.453317,50,1253.965988
-10.84645,50,1255.093791
-7.73971,50,1256.219042
-20.407196,50,1257.350011
-15.279324,50,1258.457963
-5.497675,50,1259.586709
-11.153277,50,1260.706219
-9.234969,50,1261.822331
-9.74628,50,1262.930732
-7.418048,50,1264.033962
-8.411222,50,1265.152938
-20.215713,50,1266.248631
-16.165749,50,1267.340414
-12.250488,50,1268.450662
-10.179721,50,1269.577225
-7.370834,50,1270.678716
-17.487405,50,1271.769871
-23.712847,50,1272.901542
-2.837091,50,1274.003048
-19.800023,50,1275.101667
-2.354139,50,1276.189213
-4.786892,50,1276.348957
-7.076868,50,1276.499808
-25.487359,50,1276.665492
-0.144273,50,1276.813851
-7.728294,50,1276.959439
-8.819403,50,1277.10176
-5.85329,50,1277.246313
-10.915879,50,1277.393652
-14.369419,50,1277.556446
-14.609208,50,1277.705523
-17.359961,50,1278.71951
-7.514061,50,1279.734726
-0.385637,50,1280.753996
-10.504616,50,1281.864892
-9.865665,50,1282.966021
-7.232276,50,1284.052952
-13.861638,50,1285.152542
-9.425294,50,1286.270895
-7.529406,50,1287.396803
-23.451072,50,1288.51047
-10.904058,50,1289.620509
-11.729437,50,1290.727613
-5.004296,50,1291.777561
-23.73301,50,1292.78459
-21.725246,50,1293.819826
-16.813545,50,1294.832242
-17.552074,50,1295.851731
-8.924135,50,1296.862179
-8.759909,50,1297.886587
-21.991729,50,1298.923394
-4.925154,50,1299.086177
-3.174522,50,1299.240078
-13.777836,50,1299.406204
-15.142241,50,1299.555005
-13.931464,50,1299.713967
-5.818052,50,1299.867826
-11.968395,50,1300.045632
-20.875723,50,1300.200446
-14.860166,50,1300.368222
-13.387673,50,1300.519236
-7.324855,50,1301.597286
-11.733126,50,1302.711789
-9.636949,50,1303.81726
-9.477907,50,1304.938244
-7.662443,50,1306.064512
-11.679562,50,1307.21229
-6.476305,50,1308.315875
-22.987596,50,1309.431837
-8.983396,50,1310.536027
-8.616634,50,1311.655046
-12.768588,50,1312.743004
-9.102598,50,1313.849093
-12.133312,50,1314.980201
-18.829581,50,1316.093597
-4.314888,50,1317.179014
-4.147396,50,1318.293031
-0.881463,50,1319.377295
-16.835441,50,1320.475942
-12.53615,50,1321.587073
-22.60485,50,1322.688684
-7.522906,50,1322.858682
-6.566735,50,1323.02868
-21.869591,50,1323.17644
-5.749008,50,1323.328112
-9.285991,50,1323.47767
-12.729103,50,1323.628774
-11.016011,50,1323.794389
-19.886468,50,1323.948488
-8.721736,50,1324.099428
-8.96249,50,1324.249148
-7.136836,50,1325.358107
-4.747971,50,1326.449716
-4.912635,50,1327.54451
-12.50054,50,1328.655814
-7.79307,50,1329.770308
-20.97226,50,1330.870785
-25.611763,50,1331.964143
-12.509231,50,1333.076749
-7.5667,50,1334.169636
-21.730366,50,1335.274322
-20.292457,50,1336.361047
-5.86675,50,1337.465737
-18.774515,50,1338.561713
-8.562452,50,1339.64921
-16.678056,50,1340.738469
-3.688868,50,1341.856183
-8.753064,50,1342.953518
-23.118969,50,1344.06163
-3.080343,50,1345.179798
-10.208378,50,1346.334694
-26.491011,50,1346.491772
-22.793938,50,1346.645644
-8.881584,50,1346.801196
-10.487733,50,1346.961804
-7.725697,50,1347.131788
-12.433982,50,1347.293196
-15.874343,50,1347.456023
-15.107793,50,1347.622769
-0.897395,50,1347.769053
-8.820667,50,1347.921214
-7.123642,50,1349.032857
-14.834986,50,1350.137372
-4.013269,50,1351.264856
-6.142045,50,1352.395135
-12.885994,50,1353.528556
-4.446895,50,1354.636339
-3.602242,50,1355.727498
-11.062071,50,1356.836552
-22.763197,50,1357.940022
-23.94676,50,1359.05384
-9.781545,50,1360.173503
-21.683724,50,1361.291276
-6.539286,50,1362.394948
-13.750002,50,1363.501825
-12.583286,50,1364.596548
-10.061217,50,1365.720115
-22.388816,50,1366.820372
-12.739285,50,1367.936739
-13.419156,50,1369.024131
-9.164511,50,1370.12827
-7.727133,50,1370.286898
-10.731362,50,1370.465373
-15.470635,50,1370.618799
-17.781542,50,1370.775895
-10.027172,50,1370.954616
-5.092402,50,1371.128084
-16.475666,50,1371.280129
-12.731976,50,1371.453918
-22.525418,50,1371.6243
-14.023788,50,1371.791408
-13.754724,50,1372.906713
-11.181219,50,1374.022275
-16.421743,50,1375.161969
-10.01219,50,1376.289102
-23.025562,50,1377.427711
-17.017582,50,1378.533473
-23.610152,50,1379.658959
-6.345012,50,1380.772158
-13.756859,50,1381.885188
-24.268739,50,1383.004693
-14.539724,50,1384.100614
-10.124964,50,1385.209503
-3.803167,50,1386.303431
-7.68033,50,1387.421494
-24.043168,50,1388.542112
-23.566341,50,1389.64059
-8.058979,50,1390.756585
-11.126599,50,1391.87696
-10.68677,50,1393.004915
-2.663267,50,1394.125241
-21.911681,50,1394.269485
-12.539853,50,1394.43583
-16.598029,50,1394.595778
-12.159618,50,1394.764944
-12.157206,50,1394.938282
-11.908627,50,1395.103729
-17.03418,50,1395.254196
-6.003617,50,1395.424762
-21.803951,50,1395.582699
-12.47898,50,1395.749091
-19.398133,50,1396.864085
-7.502244,50,1397.981799
-19.703834,50,1399.088068
-11.0671,50,1400.20786
-25.321524,50,1401.358284
-5.513025,50,1402.487524
-8.516753,50,1403.617261
-14.508407,50,1404.744752
-16.22772,50,1405.864245
-15.295033,50,1406.97639
-14.898486,50,1408.082345
-9.852721,50,1409.105793
-9.772326,50,1410.132806
-4.763826,50,1411.150411
-17.493917,50,1412.166247
-9.608758,50,1413.191616
-15.726935,50,1414.216818
-3.982912,50,1415.231824
-10.281185,50,1416.254189
-16.528557,50,1417.308176
-12.926642,50,1417.47776
-9.220074,50,1417.637466
-17.680972,50,1417.81402
-5.85824,50,1417.976497
-12.513288,50,1418.132075
-10.071975,50,1418.287686
-6.718778,50,1418.449567
-18.043891,50,1418.607502
-4.541575,50,1418.780557
-4.195981,50,1418.943503
-14.454554,50,1419.964134
-3.011061,50,1420.995312
-2.708516,50,1422.009805
-3.861012,50,1423.013513
-8.107597,50,1424.033198
-8.071467,50,1425.067789
-19.702478,50,1426.185559
-13.731395,50,1427.302697
-4.539573,50,1428.400755
-12.369325,50,1429.519391
-12.454054,50,1430.615823
-18.313803,50,1431.714052
-17.398317,50,1432.817862
-5.449713,50,1433.914885
-20.370381,50,1435.011853
-10.249856,50,1436.104977
-14.326578,50,1437.223711
-13.357154,50,1438.318417
-3.793594,50,1439.434293
-20.659007,50,1440.538295
-17.678387,50,1440.691173
-20.613844,50,1440.848848
-13.648714,50,1441.001684
-20.441418,50,1441.163959
-1.768626,50,1441.318149
-2.719431,50,1441.490224
-9.867197,50,1441.649308
-6.607989,50,1441.816963
-9.117758,50,1441.978968
-13.42437,50,1442.132932
-8.744018,50,1443.265506
-2.746853,50,1444.364042
-12.354584,50,1445.474613
-11.080569,50,1446.605284
-4.733861,50,1447.691914
-21.388104,50,1448.803004
-21.319094,50,1449.924929
-15.627056,50,1451.025752
-9.917204,50,1452.130357
-15.17812,50,1453.254004
-25.361897,50,1454.279685
-6.880935,50,1455.29391
-4.664813,50,1456.308554
-4.516677,50,1457.327214
-10.13275,50,1458.347822
-7.140594,50,1459.391034
-0.303126,50,1460.487698
-11.985161,50,1461.597869
-1.905846,50,1462.687445
-6.473875,50,1463.772659
-11.726066,50,1463.921539
-20.365626,50,1464.102271
-10.834804,50,1464.269721
-8.772876,50,1464.422349
-2.993788,50,1464.580233
-7.324315,50,1464.730196
-3.674662,50,1464.88866
-10.450878,50,1465.063958
-5.632097,50,1465.229516
-19.800507,50,1465.383436
-7.770662,50,1466.489464
-5.723267,50,1467.621733
-15.71329,50,1468.749339
-18.975096,50,1469.786309
-13.021149,50,1470.831151
-10.32892,50,1471.869438
-3.542929,50,1472.907752
-3.686017,50,1473.957686
-12.639998,50,1475.019769
-7.694941,50,1476.150616
-3.421732,50,1477.258541
-12.052452,50,1478.282616
-9.906256,50,1479.318015
-8.837944,50,1480.360275
-14.53122,50,1481.395844
-12.64458,50,1482.422046
-7.072735,50,1483.452018
-22.391918,50,1484.480456
-6.205573,50,1485.515414
-3.715169,50,1486.565547
-2.900277,50,1486.731204
-16.172177,50,1486.897011
-20.894068,50,1487.048809
-19.429294,50,1487.21503
-13.0197,50,1487.390966
-16.436359,50,1487.551862
-7.166692,50,1487.714839
-12.752798,50,1487.891903
-12.863469,50,1488.041297
-13.080213,50,1488.204087
-13.655983,50,1489.336483
-5.839899,50,1490.454292
-10.306685,50,1491.555333
-6.458097,50,1492.673942
-11.07016,50,1493.769042
-17.291764,50,1494.891576
-15.167543,50,1496.009156
-4.68696,50,1497.095398
-15.771415,50,1498.197341
-11.745245,50,1499.307694
-13.045604,50,1500.432443
-7.545666,50,1501.537198
-10.260684,50,1502.668335
-8.255108,50,1503.764767
-14.721348,50,1504.857639
-6.310175,50,1505.988143
-1.577625,50,1507.120078
-19.677056,50,1508.223143
-3.078454,50,1509.338777
-3.659138,50,1510.428493
-7.877529,50,1510.586399
-15.70171,50,1510.737882
-12.801381,50,1510.910531
-17.125304,50,1511.06181
-12.304474,50,1511.213016
-15.358372,50,1511.384436
-6.18557,50,1511.540715
-11.728316,50,1511.715789
-15.288111,50,1511.865993
-11.70597,50,1512.020113
-4.449243,50,1513.163796
-3.660698,50,1514.266643
-22.341323,50,1515.391879
-21.535093,50,1516.516229
-8.445386,50,1517.630511
-11.980718,50,1518.749096
-21.154757,50,1519.847095
-6.030329,50,1520.973073
-10.718497,50,1522.090977
-6.430779,50,1523.205807
-12.734572,50,1524.33051
-9.777765,50,1525.442856
-13.951099,50,1526.539801
-11.019029,50,1527.664762
-21.576312,50,1528.756487
-2.861191,50,1529.848449
-9.077014,50,1530.962828
-19.453727,50,1532.047041
-5.049393,50,1533.136787
-14.670733,50,1534.229718
-19.951032,50,1534.390986
-13.325257,50,1534.561459
-9.28497,50,1534.717268
-8.00821,50,1534.875321
-8.882125,50,1535.043541
-23.183924,50,1535.193563
-12.778697,50,1535.353326
-10.179874,50,1535.507913
-21.294872,50,1535.649907
-16.127771,50,1535.817592
-11.093936,50,1536.950222
-11.552221,50,1538.062708
-18.107195,50,1539.113942
-10.963244,50,1540.239023
-23.048834,50,1541.359649
-9.206314,50,1542.478856
-15.009284,50,1543.593591
-14.284148,50,1544.730254
-10.552471,50,1545.842515
-6.845387,50,1546.945559
-19.647198,50,1548.039535
-9.212268,50,1549.130689
-17.311847,50,1550.22472
-18.116185,50,1551.321362
-9.246471,50,1552.41521
-21.791076,50,1553.517049
-3.158177,50,1554.608268
-3.311735,50,1555.705237
-9.48776,50,1556.80103
-5.581788,50,1557.937328
-13.577059,50,1558.088392
-13.644369,50,1558.241944
-18.154414,50,1558.407896
-7.654551,50,1558.561457
-8.472879,50,1558.738303
-5.051185,50,1558.889507
-7.464199,50,1559.042195
-2.23589,50,1559.208328
-13.503562,50,1559.357644
-20.303688,50,1559.515956
-11.090521,50,1560.639226
-17.718917,50,1561.73763
-7.346647,50,1562.846312
-6.292584,50,1563.968183
-14.984653,50,1565.098083
-11.037818,50,1566.224092
-10.410017,50,1567.343222
-2.823995,50,1568.455132
-18.178231,50,1569.569613
-14.593971,50,1570.680333
-20.152506,50,1571.770371
-15.935031,50,1572.88889
-3.425471,50,1573.994321
-14.464354,50,1575.10794
-10.443287,50,1576.217553
-10.137069,50,1577.320091
-23.798774,50,1578.430746
-11.891393,50,1579.547534
-8.353789,50,1580.640553
-9.122374,50,1581.737865
-6.916236,50,1581.883932
-6.348799,50,1582.045624
-11.814023,50,1582.207788
-10.241284,50,1582.378175
-14.242188,50,1582.554112
-15.417257,50,1582.707011
-13.602728,50,1582.856082
-2.821311,50,1583.034405
-4.944894,50,1583.179243
-20.396576,50,1583.339669
-13.121326,50,1584.46394
-15.008774,50,1585.57367
-9.764058,50,1586.705125
-2.470125,50,1587.827233
-8.956863,50,1588.945674
-5.807535,50,1590.061605
-3.294418,50,1591.173673
-16.38477,50,1592.282648
-6.322279,50,1593.40437
-3.725566,50,1594.560124
-15.143185,50,1595.672534
-15.906266,50,1596.778792
-14.090178,50,1597.88117
-12.840981,50,1598.998144
-7.121457,50,1600.128947
-13.041854,50,1601.257921
-4.350478,50,1602.381224
-9.720825,50,1603.505287
-12.65833,50,1604.605277
-1.98353,50,1605.637471
-11.866215,50,1605.796232
-19.753432,50,1605.942537
-10.582438,50,1606.120281
-7.171037,50,1606.286163
-23.653084,50,1606.438328
-6.962803,50,1606.608039
-0.914096,50,1606.768706
-14.583517,50,1606.932582
-10.372718,50,1607.09817
-13.169028,50,1607.268015
-22.760591,50,1608.401399
-4.9414,50,1609.511257
-12.960343,50,1610.617785
-21.478888,50,1611.717905
-15.828091,50,1612.837749
-4.068556,50,1613.943114
-6.369139,50,1615.06188
-10.3548,50,1616.186695
-9.052334,50,1617.291469
-17.324663,50,1618.404595
-3.89526,50,1619.516259
-16.568534,50,1620.617699
-14.816839,50,1621.725171
-18.596969,50,1622.833616
-17.419179,50,1623.944133
-5.782686,50,1625.053654
-22.17091,50,1626.173222
-19.20696,50,1627.28071
-17.972336,50,1628.408113
-7.580584,50,1629.550241
-9.304946,50,1629.703633
-17.905648,50,1629.87638
-23.064604,50,1630.033543
-1.91737,50,1630.196271
-11.178572,50,1630.366476
-10.170317,50,1630.530756
-15.519504,50,1630.70275
-9.886309,50,1630.856609
-10.318505,50,1631.011912
-13.647856,50,1631.165127
-18.422484,50,1632.290525
-15.574642,50,1633.440337
-4.850986,50,1634.582197
-13.175674,50,1635.713161
-19.80441,50,1636.772395
-7.916031,50,1637.812985
-9.835,50,1638.867963
-9.610675,50,1639.915036
-19.790031,50,1640.976183
-13.16546,50,1642.021244
-7.179656,50,1643.066833
-10.820836,50,1644.1172
-11.429266,50,1645.162868
-10.370034,50,1646.224028
-15.215945,50,1647.316626
-12.308923,50,1648.455128
-8.178887,50,1649.571496
-4.814588,50,1650.695187
-14.985583,50,1651.802285
-10.468862,50,1652.9244
-6.930894,50,1653.086211
-21.014468,50,1653.254955
-16.094823,50,1653.430339
-14.741672,50,1653.588378
-8.800919,50,1653.760066
-21.925054,50,1653.91694
-8.417898,50,1654.068661
-1.60305,50,1654.223512
-3.49415,50,1654.393155
-16.859814,50,1654.554838
-6.58749,50,1655.69704
-21.362726,50,1656.81409
-26.09815,50,1657.925011
-17.564188,50,1658.974342
-9.216278,50,1660.017991
-10.793901,50,1661.072359
-5.116065,50,1662.124702
-11.797256,50,1663.173606
-6.813917,50,1664.224334
-5.566006,50,1665.328908
-9.733444,50,1666.440172
-21.442546,50,1667.559128
-13.956393,50,1668.682932
-2.395172,50,1669.776112
-4.717714,50,1670.880645
-20.620766,50,1671.988666
-11.196583,50,1673.106521
-11.657182,50,1674.211153
-12.590709,50,1675.306064
-13.808322,50,1676.443393
-10.167616,50,1676.600854
-8.517038,50,1676.774795
-10.222359,50,1676.937161
-13.050021,50,1677.103878
-13.662952,50,1677.256546
-20.48119,50,1677.421759
-13.269217,50,1677.586458
-14.059066,50,1677.740669
-4.661945,50,1677.900772
-9.610595,50,1678.052922
-18.525502,50,1679.173917
-11.723554,50,1680.295424
-21.170209,50,1681.346924
-10.853209,50,1682.382542
-9.360879,50,1683.479335
-20.525782,50,1684.606332
-20.717088,50,1685.735162
-22.428375,50,1686.861632
-10.70066,50,1687.981785
-1.577441,50,1689.101939
-19.516126,50,1690.195919
-10.872621,50,1691.296274
-21.225053,50,1692.417317
-17.544211,50,1693.524919
-22.283623,50,1694.616166
-12.448303,50,1695.728951
-15.638538,50,1696.821136
-10.015457,50,1697.93801
-19.274701,50,1699.04368
-2.410535,50,1700.169553
-20.30932,50,1700.330485
-8.474435,50,1700.483934
-6.221557,50,1700.650625
-13.225539,50,1700.821669
-5.770791,50,1700.990365
-10.27174,50,1701.148932
-6.087646,50,1701.306665
-12.836667,50,1701.476714
-2.921469,50,1701.645512
-9.037546,50,1701.799807
-13.605562,50,1702.917731
-8.263665,50,1704.04804
-9.382434,50,1705.172112
-10.60578,50,1706.289254
-5.796909,50,1707.441819
-13.680085,50,1708.577215
-22.360769,50,1709.690027
-13.530813,50,1710.815521
-12.765205,50,1711.929889
-17.829332,50,1713.051546
-15.533095,50,1714.161278
-12.365072,50,1715.272113
-13.398548,50,1716.387335
-6.21849,50,1717.49297
-3.673578,50,1718.599406
-7.987699,50,1719.715446
-13.767584,50,1720.832507
-18.54944,50,1721.938576
-4.553164,50,1723.053641
-10.834857,50,1724.182626
-12.582813,50,1724.339685
-12.206336,50,1724.50439
-24.271005,50,1724.660081
-2.662932,50,1724.822542
-14.142407,50,1724.973092
-22.833984,50,1725.131097
-15.590431,50,1725.291863
-14.593765,50,1725.436179
-14.806995,50,1725.586912
-9.523507,50,1725.743244
-6.328203,50,1726.773491
-13.116157,50,1727.859347
-7.560871,50,1728.985021
-5.712197,50,1730.113362
-10.913281,50,1731.228521
-5.1644,50,1732.358228
-14.896545,50,1733.478875
-21.875736,50,1734.597976
-5.268318,50,1735.71075
-9.781815,50,1736.833083
-20.963406,50,1737.937653
-7.312716,50,1739.056182
-2.688686,50,1740.200843
-21.504431,50,1741.299081
-12.699476,50,1742.397482
-8.611078,50,1743.496925
-10.813971,50,1744.606279
-22.227825,50,1745.714688
-11.897784,50,1746.819347
-4.216202,50,1747.948979
-12.439815,50,1748.102619
-20.371377,50,1748.248836
-13.234423,50,1748.419268
-15.817589,50,1748.577121
-5.707342,50,1748.733976
-14.264276,50,1748.895993
-11.439203,50,1749.048607
-11.198452,50,1749.236896
-8.16725,50,1749.390293
-17.335117,50,1749.540733
-16.752188,50,1750.557817
-13.848319,50,1751.572412
-15.077495,50,1752.600978
-16.485382,50,1753.605747
-1.325018,50,1754.634735
-11.091815,50,1755.657346
-15.548377,50,1756.693172
-12.890304,50,1757.721272
-12.514518,50,1758.751531
-13.612568,50,1759.790298
-12.758979,50,1760.840883
-3.022946,50,1761.862954
-17.436181,50,1762.888573
-7.975653,50,1763.912866
-8.382071,50,1765.028935
-19.784377,50,1766.13353
-4.285596,50,1767.263578
-16.36955,50,1768.370248
-7.537537,50,1769.487143
-9.427678,50,1770.617883
-18.533458,50,1770.77379
-14.690658,50,1770.953998
-12.245763,50,1771.128593
-8.771885,50,1771.283742
-18.581425,50,1771.443556
-8.0229,50,1771.600871
-8.778002,50,1771.756782
-15.834598,50,1771.914455
-14.8146,50,1772.083648
-13.89248,50,1772.240757
-9.411968,50,1773.380403
-13.823933,50,1774.506588
-10.561792,50,1775.649316
-15.456154,50,1776.790612
-3.072702,50,1777.869289
-22.541918,50,1778.991717
-18.25728,50,1780.065288
-16.221735,50,1781.200146
-13.883695,50,1782.313534
-3.227118,50,1783.441037
-20.217525,50,1784.546045
-12.357714,50,1785.669997
-15.744256,50,1786.76534
-4.176719,50,1787.906058
-16.571884,50,1789.025237
-5.204588,50,1790.147501
-2.205374,50,1791.19715
-6.801647,50,1792.252674
-8.830643,50,1793.260586
-12.91618,50,1794.274499
-12.161123,50,1794.436691
-24.95025,50,1794.57813
-3.435309,50,1794.726773
-19.390872,50,1794.885995
-12.608033,50,1795.057959
-18.914589,50,1795.205767
-13.164489,50,1795.356157
-15.281724,50,1795.512288
-3.195865,50,1795.66071
-10.964931,50,1795.821235
-12.030299,50,1796.959581
-4.661966,50,1798.117881
-22.114279,50,1799.331876
-12.730741,50,1800.456788
-23.759548,50,1801.555366
-11.273054,50,1802.686403
-7.921576,50,1803.814451
-4.132066,50,1804.939989
-15.457076,50,1806.065691
-14.244778,50,1807.189034
-3.078791,50,1808.309966
-3.190745,50,1809.426431
-13.76534,50,1810.54105
-8.977342,50,1811.653052
-7.871861,50,1812.804763
-21.117699,50,1813.911722
-10.127714,50,1815.048805
-7.113097,50,1816.159322
-9.834681,50,1817.263114
-1.718028,50,1818.389789
-7.773676,50,1818.550936
-15.019836,50,1818.725601
-24.664231,50,1818.882682
-9.336766,50,1819.03523
-8.76065,50,1819.198022
-3.458571,50,1819.362137
-21.406327,50,1819.522256
-11.151622,50,1819.690962
-9.176146,50,1819.857455
-14.436149,50,1820.023955
-13.887184,50,1821.151133
-12.697937,50,1822.267242
-6.695108,50,1823.399562
-12.664496,50,1824.514942
-17.801479,50,1825.631029
-16.440462,50,1826.763597
-6.137238,50,1827.89896
-6.724154,50,1829.046504
-13.987144,50,1830.181312
-16.477421,50,1831.298438
-20.170839,50,1832.402673
-11.063392,50,1833.51932
-14.285006,50,1834.630774
-14.275136,50,1835.743717
-13.59612,50,1836.859466
-24.957478,50,1837.97185
-13.533264,50,1839.0896
-15.751925,50,1840.232882
-13.884822,50,1841.366187
-14.607776,50,1842.471805
-2.754066,50,1842.630474
-14.052627,50,1842.781891
-8.952855,50,1842.945339
-15.676367,50,1843.10808
-17.116895,50,1843.270343
-9.11507,50,1843.427748
-7.131171,50,1843.599559
-13.893626,50,1843.750489
-15.241984,50,1843.928566
-13.543484,50,1844.077947
-3.324369,50,1845.149969
-20.485476,50,1846.290975
-11.763868,50,1847.434631
-4.716739,50,1848.566047
-14.894036,50,1849.706514
-12.269143,50,1850.857191
-15.649917,50,1851.99908
-12.009705,50,1853.137541
-15.552465,50,1854.253455
-15.005276,50,1855.387111
-5.297566,50,1856.521398
-11.573554,50,1857.664133
-22.611785,50,1858.814435
-25.335718,50,1859.936762
-8.398901,50,1861.069444
-10.92663,50,1862.211076
-5.047316,50,1863.331744
-19.268961,50,1864.459148
-6.255348,50,1865.585585
-14.417296,50,1866.734257
-4.600408,50,1866.884826
-13.949366,50,1867.049779
-14.187593,50,1867.200158
-11.778887,50,1867.373041
-21.056829,50,1867.520076
-10.473179,50,1867.698812
-15.701529,50,1867.871799
-2.454803,50,1868.042322
-10.91409,50,1868.209978
-12.121288,50,1868.377973
-14.069901,50,1869.522182
-1.594832,50,1870.683825
-18.474454,50,1871.807043
-9.729086,50,1872.938961
-16.378821,50,1874.076591
-8.467125,50,1875.292944
-16.523732,50,1876.448991
-8.407912,50,1877.591724
-21.948233,50,1878.721559
-7.113064,50,1879.872827
-13.578719,50,1880.988899
-17.738247,50,1882.101038
-20.234433,50,1883.209144
-14.611875,50,1884.334986
-7.947264,50,1885.491299
-11.708667,50,1886.641347
-14.715998,50,1887.791871
-15.222802,50,1888.949821
-6.422664,50,1890.097481
-18.146795,50,1891.247412
-13.6961,50,1891.415844
-17.876174,50,1891.563208
-7.669987,50,1891.73817
-25.879495,50,1891.907716
-12.507543,50,1892.069158
-10.472735,50,1892.230256
-6.957395,50,1892.390886
-17.837609,50,1892.566099
-3.768209,50,1892.720807
-5.964344,50,1892.892612
-16.265011,50,1894.021644
-6.755922,50,1895.144692
-1.906281,50,1896.292787
-11.807021,50,1897.449143
-12.459399,50,1898.602065
-11.777289,50,1899.773649
-11.144052,50,1900.944859
-9.159663,50,1902.096642
-15.387677,50,1903.232708
-11.736368,50,1904.360347
-6.02886,50,1905.503113
-5.442334,50,1906.64677
-16.534418,50,1907.79975
-18.610282,50,1908.955559
-10.280997,50,1910.109674
-6.622592,50,1911.268767
-13.598589,50,1912.414388
-9.595877,50,1913.578053
-26.406135,50,1914.723414
-17.374727,50,1915.895004
-7.517317,50,1916.04521
-21.673167,50,1916.194446
-5.27693,50,1916.34877
-11.528448,50,1916.507327
-6.92378,50,1916.666263
-10.253092,50,1916.847082
-8.386704,50,1917.016525
-16.466913,50,1917.182492
-13.622043,50,1917.342064
-22.557253,50,1917.506459
-12.019077,50,1918.679661
-7.372408,50,1919.840343
-18.473316,50,1920.95986
-24.042417,50,1922.030202
-11.60189,50,1923.184935
-1.497904,50,1924.327709
-14.847846,50,1925.476903
-17.260979,50,1926.632864
-7.233077,50,1927.808696
-12.005395,50,1928.971795
-15.713447,50,1930.111043
-9.551248,50,1931.263023
-10.111832,50,1932.419382
-13.91432,50,1933.556193
-14.739234,50,1934.70617
-17.846729,50,1935.847672
-17.128927,50,1936.993399
-8.8531,50,1938.167151
-21.614326,50,1939.3359
-11.507941,50,1940.519022
-20.337117,50,1940.678664
-20.339737,50,1940.833558
-4.078908,50,1940.989219
-12.303927,50,1941.163666
-12.332653,50,1941.335236
-3.348149,50,1941.497587
-2.509064,50,1941.675426
-11.515965,50,1941.844443
-15.832011,50,1942.011144
-8.564,50,1942.171622
-15.695891,50,1943.330238
-12.143538,50,1944.495236
-6.757345,50,1945.654768
-6.777874,50,1946.819264
-8.209646,50,1947.998398
-22.546308,50,1949.145869
-17.351905,50,1950.254434
-8.728043,50,1951.427701
-14.914127,50,1952.602682
-5.373229,50,1953.783491
-24.827976,50,1954.939367
-13.595656,50,1956.144876
-19.693898,50,1957.324107
-12.859704,50,1958.48323
-7.442959,50,1959.662874
-11.111862,50,1960.858637
-15.5167,50,1962.052427
-17.385177,50,1963.24615
-20.898861,50,1964.408251
-15.446633,50,1965.607486
-11.525317,50,1965.765824
-19.99396,50,1965.917961
-11.110576,50,1966.068472
-8.292122,50,1966.234066
-9.310874,50,1966.394997
-22.953242,50,1966.55488
-9.677836,50,1966.719637
-17.610277,50,1966.877564
-15.185921,50,1967.04373
-18.535178,50,1967.199084
-10.400906,50,1968.312312
-10.652247,50,1969.414979
-20.964591,50,1970.536092
-7.365718,50,1971.708187
-8.168305,50,1972.900482
-11.880534,50,1974.088185
-1.071038,50,1975.281063
-12.349993,50,1976.466277
-7.328818,50,1977.655988
-4.711324,50,1978.866677
-2.777287,50,1980.044474
-16.613641,50,1981.237742
-18.301403,50,1982.398974
-8.042961,50,1983.566069
-8.336481,50,1984.736169
-9.706898,50,1985.907265
-9.576066,50,1987.109372
-9.712761,50,1988.291763
-13.806885,50,1989.397032
-4.259123,50,1990.508376
-7.064256,50,1990.677864
-13.677001,50,1990.847972
-8.740545,50,1991.022767
-12.144303,50,1991.190148
-18.872959,50,1991.35196
-21.357585,50,1991.500179
-18.898798,50,1991.650708
-8.029953,50,1991.809835
-4.501857,50,1991.957577
-13.947458,50,1992.111178
-18.492467,50,1993.314336
-8.262652,50,1994.497055
-12.029487,50,1995.688479
-1.592768,50,1996.884476
-18.655605,50,1998.02482
-14.613036,50,1999.125341
-8.535805,50,2000.329798
-14.553792,50,2001.547177
-12.601738,50,2002.747691
-9.380137,50,2003.925296
-12.260815,50,2005.116244
-14.000547,50,2006.302465
-11.215085,50,2007.501667
-11.90101,50,2008.687556
-6.609481,50,2009.882429
-22.139663,50,2011.058815
-14.907281,50,2012.249559
-12.964212,50,2013.460429
-7.419258,50,2014.646933
-1.779487,50,2015.839407
-1.573085,50,2016.00505
-6.760897,50,2016.18651
-3.927148,50,2016.360544
-5.709086,50,2016.52948
-1.588062,50,2016.700667
-20.846326,50,2016.852162
-8.440538,50,2017.015436
-14.765189,50,2017.18323
-9.170249,50,2017.339648
-7.937613,50,2017.496844
-8.31143,50,2018.695967
-10.368127,50,2019.92947
-14.794132,50,2021.1242
-7.031754,50,2022.352233
-13.024004,50,2023.57438
-9.613927,50,2024.802814
-12.992453,50,2026.00994
-9.329774,50,2027.138065
-10.685246,50,2028.283032
-12.723377,50,2029.421365
-3.94269,50,2030.551856
-18.239296,50,2031.705623
-13.128646,50,2032.93107
-1.731697,50,2034.126921
-9.481772,50,2035.35325
-11.177922,50,2036.579495
-2.32964,50,2037.77783
-13.913755,50,2039.009641
-7.671852,50,2040.242503
-8.134044,50,2041.476294
-20.592591,50,2041.63705
-7.229815,50,2041.800495
-19.739643,50,2041.959734
-10.554216,50,2042.112427
-14.251603,50,2042.270018
-5.882132,50,2042.446823
-6.967853,50,2042.626374
-16.649108,50,2042.795749
-9.227866,50,2042.959887
-21.807696,50,2043.115957
-4.845725,50,2044.35697
-8.264164,50,2045.557579
-16.381828,50,2046.76701
-10.544858,50,2047.978762
-15.418241,50,2049.206116
-1.504585,50,2050.426009
-7.721535,50,2051.643855
-11.143991,50,2052.86583
-8.512151,50,2054.069967
-10.924908,50,2055.273812
-12.056881,50,2056.471235
-20.276631,50,2057.664202
-17.482799,50,2058.861187
-2.139531,50,2060.070765
-8.040856,50,2061.27946
-6.606754,50,2062.490957
-7.723344,50,2063.717301
-21.392658,50,2064.928262
-22.112434,50,2066.144447
-23.109394,50,2067.383273
-3.826044,50,2067.54811
-9.40735,50,2067.710292
-19.785686,50,2067.858955
-10.827007,50,2068.012519
-12.467979,50,2068.170299
-8.098649,50,2068.340494
-2.641987,50,2068.506597
-10.066737,50,2068.673907
-16.271066,50,2068.821108
-12.097741,50,2068.982229
-5.743354,50,2070.226572
-6.575633,50,2071.464538
-5.307342,50,2072.586748
-7.221022,50,2073.718011
-21.55518,50,2074.84324
-6.548541,50,2075.978353
-5.991637,50,2077.107269
-11.035712,50,2078.264348
-12.378872,50,2079.498914
-1.738094,50,2080.718854
-9.207773,50,2081.922358
-10.164098,50,2083.158834
-12.406633,50,2084.375311
-5.440758,50,2085.582381
-18.921787,50,2086.782692
-10.148023,50,2088.046898
-16.05914,50,2089.29175
-14.732079,50,2090.518426
-8.77488,50,2091.773041
-2.558245,50,2093.004814
-10.285153,50,2093.185167
-12.548916,50,2093.345576
-12.898321,50,2093.50066
-3.762914,50,2093.679767
-19.140387,50,2093.855151
-8.92724,50,2094.031487
-7.924009,50,2094.209419
-15.846944,50,2094.375325
-11.218644,50,2094.547283
-24.083794,50,2094.711719
-9.335311,50,2095.978902
-17.122279,50,2097.154186
-5.926302,50,2098.302873
-22.2756,50,2099.536196
-11.169069,50,2100.763941
-6.587885,50,2102.005086
-15.722618,50,2103.24714
-1.85569,50,2104.483513
-7.309921,50,2105.724591
-11.971585,50,2106.944045
-13.508477,50,2108.15833
-8.019137,50,2109.403053
-14.173615,50,2110.614587
-8.576779,50,2111.859804
-13.372588,50,2113.092636
-12.003666,50,2114.315564
-3.62404,50,2115.531145
-10.439141,50,2116.744392
-7.325241,50,2117.95453
-10.368201,50,2119.109238
-1.731413,50,2119.267417
-2.420992,50,2119.442466
-3.696231,50,2119.601722
-15.839741,50,2119.754636
-15.81948,50,2119.91517
-5.284931,50,2120.080123
-22.653278,50,2120.241503
-10.363762,50,2120.400957
-3.931793,50,2120.579964
-13.893797,50,2120.739916
-19.317871,50,2121.962515
-4.045567,50,2123.21242
-17.185907,50,2124.433934
-9.90924,50,2125.66681
-10.027819,50,2126.931562
-20.373561,50,2128.165377
-8.823178,50,2129.413948
-4.863895,50,2130.67173
-12.513803,50,2131.90496
-13.916307,50,2133.135332
-4.721379,50,2134.37525
-21.907954,50,2135.605916
-14.278123,50,2136.824162
-15.930652,50,2138.03946
-9.038361,50,2139.293342
-14.275016,50,2140.507192
-8.542368,50,2141.742768
-6.05616,50,2142.98114
-10.644334,50,2144.215805
-2.17041,50,2145.449803
-11.154594,50,2145.6147
-10.545766,50,2145.77343
-14.655727,50,2145.944344
-20.486485,50,2146.092114
-7.018625,50,2146.251285
-10.565194,50,2146.426284
-11.161185,50,2146.603873
-16.802228,50,2146.771996
-9.782969,50,2146.929125
-12.119196,50,2147.090037
-10.422423,50,2148.349656
-4.246238,50,2149.590325
-4.412843,50,2150.829646
-0.521463,50,2152.08587
-6.17037,50,2153.3175
-13.051086,50,2154.552601
-17.555088,50,2155.807611
-2.960914,50,2157.020403
-3.397956,50,2158.251837
-20.567698,50,2159.47824
-6.723076,50,2160.730419
-6.631934,50,2161.949551
-20.293372,50,2163.191663
-1.591548,50,2164.445673
-3.964204,50,2165.650964
-7.551479,50,2166.882153
-13.298402,50,2168.13865
-10.436105,50,2169.384472
-13.474021,50,2170.620011
-13.756616,50,2171.863516
-18.650014,50,2172.025911
-4.565666,50,2172.191453
-12.668954,50,2172.372078
-5.022877,50,2172.529705
-10.347986,50,2172.694507
-12.191464,50,2172.846681
-21.0849,50,2173.009167
-18.567611,50,2173.160155
-5.014654,50,2173.316347
-21.741773,50,2173.479088
-11.968094,50,2174.746156
-16.643759,50,2176.007629
-13.788165,50,2177.277256
-7.357946,50,2178.535642
-5.87161,50,2179.80511
-18.829531,50,2181.076937
-10.358625,50,2182.360765
-11.929993,50,2183.62134
-2.654899,50,2184.87723
-7.850335,50,2186.148304
-18.130811,50,2187.433444
-10.353144,50,2188.701434
-11.646996,50,2189.953497
-23.125332,50,2191.296688
-7.924389,50,2192.536864
-14.907571,50,2193.790227
-7.404727,50,2195.02643
-12.227544,50,2196.262584
-11.090931,50,2197.572108
-5.869436,50,2198.826248
-12.337214,50,2199.00769
-5.678628,50,2199.17642
-12.445422,50,2199.347859
-4.877046,50,2199.510986
-10.805586,50,2199.663082
-6.585021,50,2199.818557
-18.349322,50,2199.98535
-10.542729,50,2200.137912
-13.585592,50,2200.313169
-12.187078,50,2200.481489
-4.470368,50,2201.739369
-18.030567,50,2202.967745
-13.307619,50,2204.230561
-3.334545,50,2205.501595
-22.086982,50,2206.751727
-19.771193,50,2208.042537
-9.302934,50,2209.323631
-5.45656,50,2210.615894
-13.935809,50,2211.865439
-19.646717,50,2213.123686
-12.755547,50,2214.340389
-16.522616,50,2215.625784
-7.181433,50,2216.86991
-11.201509,50,2218.118337
-13.010375,50,2219.360102
-6.419375,50,2220.617885
-10.259061,50,2221.871611
-13.951518,50,2223.127718
-8.24247,50,2224.376049
-15.282403,50,2225.663699
-5.238474,50,2225.823595
-10.717631,50,2225.979784
-22.939637,50,2226.13133
-21.290754,50,2226.30169
-10.480963,50,2226.468404
-9.250188,50,2226.639126
-5.664014,50,2226.805961
-23.152547,50,2226.985958
-11.546325,50,2227.138818
-10.173231,50,2227.31293
-21.896083,50,2228.613096
-8.699278,50,2229.878981
-2.279031,50,2231.1635
-9.117413,50,2232.449249
-11.564379,50,2233.747132
-17.051626,50,2235.038449
-10.249162,50,2236.331978
-9.929943,50,2237.570182
-13.04871,50,2238.831248
-5.961266,50,2240.101826
-8.62341,50,2241.391337
-10.302281,50,2242.64258
-2.684299,50,2243.910586
-8.916816,50,2245.144808
-2.900329,50,2246.419259
-8.920405,50,2247.666244
-3.675669,50,2248.909876
-3.23664,50,2250.184993
-8.422113,50,2251.468526
-8.135928,50,2252.7393
-14.772693,50,2252.896246
-16.681111,50,2253.058076
-7.987804,50,2253.233806
-10.839416,50,2253.405092
-4.586054,50,2253.562004
-14.097465,50,2253.74058
-15.236216,50,2253.90355
-11.434985,50,2254.070499
-3.197101,50,2254.244591
-13.16419,50,2254.405107
-13.178715,50,2255.668061
-9.476913,50,2256.946588
-14.865259,50,2258.226814
-8.308113,50,2259.484395
-20.217416,50,2260.756541
-17.787982,50,2262.059617
-11.925845,50,2263.238042
-5.201816,50,2264.422693
-4.008306,50,2265.613246
-15.031242,50,2266.791252
-9.873673,50,2267.977265
-13.201452,50,2269.162258
-18.911602,50,2270.344566
-8.928987,50,2271.620912
-4.336395,50,2272.866182
-6.1714,50,2274.137695
-10.643306,50,2275.429987
-13.284875,50,2276.687607
-15.884581,50,2277.937682
-25.245742,50,2279.221354
-5.94498,50,2279.387846
-8.270519,50,2279.545714
-4.799162,50,2279.706581
-20.410289,50,2279.856531
-4.002378,50,2280.018324
-4.017028,50,2280.185403
-9.968837,50,2280.355
-9.535084,50,2280.533982
-16.776388,50,2280.711277
-21.989067,50,2280.874693
-19.634771,50,2282.123233
-10.45726,50,2283.422103
-8.594356,50,2284.704365
-15.34191,50,2285.965677
-7.602774,50,2287.248139
-14.125787,50,2288.511
-6.401346,50,2289.809899
-9.039761,50,2291.067828
-16.259705,50,2292.247466
-16.756221,50,2293.437268
-22.003816,50,2294.619287
-0.799661,50,2295.897699
-9.731816,50,2297.148946
-22.253505,50,2298.406373
-15.184121,50,2299.6527
-19.167201,50,2300.910439
-4.69673,50,2302.154984
-8.758112,50,2303.403734
-6.056704,50,2304.647822
-15.605137,50,2305.884546
-12.695172,50,2306.052874
-10.45895,50,2306.225038
-12.587813,50,2306.376493
-5.359258,50,2306.549217
-15.889,50,2306.696392
-9.000248,50,2306.865427
-4.865148,50,2307.032007
-12.333471,50,2307.192954
-3.836633,50,2307.342299
-8.79331,50,2307.514686
-7.848105,50,2308.781728
-7.172117,50,2310.058835
-22.150593,50,2311.352279
-15.646111,50,2312.613486
-12.27562,50,2313.799881
-12.393459,50,2314.980876
-5.323362,50,2316.175884
-5.39687,50,2317.422432
-10.908798,50,2318.695444
-11.85175,50,2319.981921
-6.067264,50,2321.235279
-19.110375,50,2322.514614
-4.089943,50,2323.756626
-24.923378,50,2325.020669
-17.654668,50,2326.290289
-8.992111,50,2327.577534
-8.945843,50,2328.824529
-9.720148,50,2330.086599
-3.738795,50,2331.381019
-18.914411,50,2332.631442
-9.191539,50,2332.797373
-18.856254,50,2332.953043
-7.910834,50,2333.132673
-6.096637,50,2333.305722
-7.660872,50,2333.460249
-15.488481,50,2333.613306
-12.782954,50,2333.773872
-8.004408,50,2333.943913
-9.457167,50,2334.099073
-22.925255,50,2334.263865
-18.430334,50,2335.52933
-7.087007,50,2336.789338
-7.062026,50,2338.072663
-21.151354,50,2339.355432
-10.841695,50,2340.666684
-8.684507,50,2341.940343
-10.51717,50,2343.227678
-7.409929,50,2344.501587
-3.59237,50,2345.759196
-24.517981,50,2347.041888
-21.278254,50,2348.333022
-6.060862,50,2349.606929
-6.712467,50,2350.869525
-13.056484,50,2352.121952
-14.434472,50,2353.393639
-21.854429,50,2354.636069
-8.834136,50,2355.911223
-10.343794,50,2357.177704
-6.670045,50,2358.426512
-8.091803,50,2359.623118
-13.771597,50,2359.77373
-25.109452,50,2359.92686
-5.124471,50,2360.098824
-16.077432,50,2360.248598
-7.602583,50,2360.42282
-15.758633,50,2360.598406
-21.26498,50,2360.781609
-10.639091,50,2360.939335
-14.085388,50,2361.097152
